orbit,num,date,time,position,mtp,stp,IEflag,FPflag,Ls,LST,Latitude,Longitude,MY
1833,1,2018-04-22,04:23:37,12,MTP001,STP001,E,F,163.29,3.1916666666666664,79.8264,-113.5871,34
1839,1,2018-04-22,16:10:52,11,MTP001,STP001,E,F,163.55,2.9908333333333332,80.5123,71.3033,34
1845,1,2018-04-23,03:58:02,05,MTP001,STP001,E,F,163.82,2.74,81.2082,-104.5377,34
1849,1,2018-04-23,11:49:33,04,MTP001,STP001,E,F,163.99,2.5394444444444444,81.6672,137.7193,34
1853,1,2018-04-23,19:41:00,06,MTP001,STP001,E,F,164.17,2.354722222222222,82.0463,20.2295,34
1857,1,2018-04-24,03:32:22,07,MTP001,STP001,E,F,164.34,2.1255555555555556,82.4381,-97.9053,34
1859,1,2018-04-24,07:28:09,13,MTP001,STP001,E,F,164.43,2.0169444444444444,82.6069,-156.9099,34
1863,1,2018-04-24,15:19:31,03,MTP001,STP001,E,F,164.61,1.7319444444444445,82.9734,84.1149,34
1869,1,2018-04-25,03:06:41,10,MTP001,STP001,E,F,164.87,1.2891666666666666,83.4178,-94.6027,34
1871,1,2018-04-25,07:02:25,09,MTP001,STP001,E,F,164.96,1.1488888888888888,83.5346,-154.0713,34
1876,1,2018-04-25,16:11:31,12,MTP001,STP001,I,F,165.16,17.21,-61.2056,-46.7669,34
1879,1,2018-04-25,22:45:20,13,MTP001,STP001,E,F,165.31,0.4361111111111111,83.929,-34.2037,34
1882,1,2018-04-26,03:58:55,11,MTP001,STP001,I,F,165.43,17.254444444444445,-60.2262,141.7646,34
1888,1,2018-04-26,15:46:21,05,MTP001,STP001,I,F,165.69,17.296111111111113,-59.2393,-29.7479,34
1893,1,2018-04-27,02:15:11,07,MTP001,STP001,E,F,165.93,23.01888888888889,84.0296,-96.9239,34
1896,1,2018-04-27,07:29:41,04,MTP001,STP001,I,F,166.05,17.355833333333333,-57.5974,101.6018,34
1896,2,2018-04-27,08:08:45,06,MTP001,STP001,E,F,166.06,22.77638888888889,83.9747,173.4035,34
1900,1,2018-04-27,15:21:15,05,MTP001,STP001,I,F,166.22,17.378055555555555,-57.0059,-12.8133,34
1900,2,2018-04-27,16:00:06,11,MTP001,STP001,E,F,166.24,22.3725,83.8022,52.6497,34
1903,1,2018-04-27,21:15:07,12,MTP001,STP001,I,F,166.36,17.401944444444442,-56.2251,-98.5644,34
1903,2,2018-04-27,21:53:46,09,MTP001,STP001,E,F,166.37,22.130277777777778,83.6694,-37.0411,34
1917,1,2018-04-29,00:45:58,05,MTP001,STP002,I,F,166.98,17.489166666666666,-53.1696,-138.9614,34
1917,2,2018-04-29,01:23:33,05,MTP001,STP002,E,F,166.99,20.96833333333333,82.4155,-95.9193,34
1924,1,2018-04-29,14:31:27,05,MTP001,STP002,I,F,167.29,17.529722222222222,-51.496,20.7851,34
1924,2,2018-04-29,15:08:26,06,MTP001,STP002,E,F,167.3,20.54888888888889,81.6271,57.071,34
1929,1,2018-04-30,00:21:09,06,MTP001,STP002,I,F,167.51,17.560000000000002,-50.0876,-122.2548,34
1929,2,2018-04-30,00:57:42,07,MTP001,STP002,E,F,167.52,20.281666666666666,80.9632,-90.3213,34
1932,1,2018-04-30,06:14:53,07,MTP001,STP002,I,F,167.64,17.577222222222222,-49.2387,151.9316,34
1932,2,2018-04-30,06:51:07,09,MTP001,STP002,E,F,167.66,20.148333333333333,80.5795,-178.323,34
1936,1,2018-04-30,14:06:41,09,MTP001,STP002,I,F,167.82,17.59722222222222,-48.2464,37.4269,34
1936,2,2018-04-30,14:42:33,11,MTP001,STP002,E,F,167.83,19.973888888888887,79.9949,64.3503,34
1941,1,2018-04-30,23:56:28,11,MTP001,STP002,I,F,168.04,17.627222222222223,-46.5127,-105.6366,34
1941,2,2018-05-01,00:31:44,11,MTP001,STP002,E,F,168.05,19.768055555555556,79.1577,-82.1036,34
1943,1,2018-05-01,03:52:16,12,MTP001,STP002,I,F,168.13,17.636388888888888,-46.0037,-162.8794,34
1943,2,2018-05-01,04:27:19,12,MTP001,STP002,E,F,168.14,19.691388888888888,78.796,-140.5812,34
1945,1,2018-05-01,07:48:12,12,MTP001,STP002,I,F,168.22,17.648888888888887,-45.1946,139.9012,34
1945,2,2018-05-01,08:23:00,13,MTP001,STP002,E,F,168.23,19.636666666666667,78.5429,161.2511,34
1950,1,2018-05-01,17:37:57,13,MTP001,STP002,I,F,168.44,17.673055555555557,-43.6339,-3.2395,34
1950,2,2018-05-01,18:12:07,03,MTP001,STP002,E,F,168.45,19.468888888888888,77.588,15.3842,34
1954,1,2018-05-02,01:29:54,10,MTP001,STP002,I,F,168.62,17.694444444444446,-42.0978,-117.7607,34
1954,2,2018-05-02,02:03:28,04,MTP001,STP002,E,F,168.63,19.33722222222222,76.6741,-101.2845,34
1957,1,2018-05-02,07:23:44,04,MTP001,STP002,I,F,168.75,17.71,-40.8789,156.3768,34
1957,2,2018-05-02,07:56:53,05,MTP001,STP002,E,F,168.77,19.270555555555553,76.1898,171.714,34
1961,1,2018-05-02,15:15:38,05,MTP001,STP002,I,F,168.93,17.727777777777778,-39.4943,41.8129,34
1961,2,2018-05-02,15:48:13,05,MTP001,STP002,E,F,168.94,19.1725,75.3589,55.5548,34
1963,1,2018-05-02,19:11:34,06,MTP001,STP002,I,F,169.02,17.73888888888889,-38.5149,-15.4292,34
1963,2,2018-05-02,19:43:48,06,MTP001,STP002,E,F,169.03,19.129166666666666,74.9592,-2.4215,34
1967,1,2018-05-03,03:03:33,07,MTP001,STP002,I,F,169.2,17.75777777777778,-36.8197,-129.9944,34
1967,2,2018-05-03,03:35:05,07,MTP001,STP002,E,F,169.21,19.030833333333334,73.9013,-118.5726,34
1969,1,2018-05-03,06:59:29,09,MTP001,STP002,I,F,169.29,17.768055555555556,-35.8076,172.7487,34
1969,2,2018-05-03,07:30:41,09,MTP001,STP002,E,F,169.3,18.99638888888889,73.5228,-176.4144,34
1975,1,2018-05-03,18:47:25,11,MTP001,STP002,I,F,169.56,17.794444444444448,-33.0913,0.8841,34
1975,2,2018-05-03,19:17:30,11,MTP001,STP002,E,F,169.57,18.878611111111113,71.9525,9.8278,34
1979,1,2018-05-04,02:39:35,11,MTP001,STP002,I,F,169.74,17.81388888888889,-30.8601,-113.7164,34
1979,2,2018-05-04,03:08:44,12,MTP001,STP002,E,F,169.75,18.799444444444447,70.6549,-106.0234,34
1981,1,2018-05-04,06:35:34,12,MTP001,STP002,I,F,169.83,17.823333333333334,-29.6995,-170.9954,34
1981,2,2018-05-04,07:04:17,12,MTP001,STP002,E,F,169.84,18.773055555555555,70.22,-163.7384,34
1993,1,2018-05-05,06:12:04,13,MTP001,STP002,I,F,170.36,17.876944444444444,-22.2175,-154.8667,34
1993,2,2018-05-05,06:37:39,13,MTP001,STP002,E,F,170.37,18.591388888888886,66.1285,-150.3764,34
2005,1,2018-05-06,05:49:16,05,MTP001,STP003,I,F,170.9,17.932222222222222,-12.4385,-138.8853,34
2005,2,2018-05-06,06:10:32,12,MTP001,STP003,E,F,170.91,18.43277777777778,60.4382,-136.5523,34
2007,1,2018-05-06,10:05:47,12,MTP001,STP003,E,F,171.0,18.4225,58.9363,166.0531,34
2011,1,2018-05-06,17:38:14,07,MTP001,STP003,I,F,171.17,17.961111111111112,-6.4064,49.0353,34
2011,2,2018-05-06,17:56:48,13,MTP001,STP003,E,F,171.18,18.364722222222223,56.9534,50.573,34
2016,1,2018-05-07,03:29:32,09,MTP001,STP003,I,F,171.4,17.990000000000002,0.1631,-94.4099,34
2020,1,2018-05-07,11:35:12,10,MTP001,STP003,E,F,171.58,18.253888888888888,48.5544,151.3719,34
2148,1,2018-05-17,22:29:57,09,MTP001,STP004,C,P,177.38,17.959722222222222,-50.2588,83.7413,34
2185,1,2018-05-21,00:09:18,05,MTP002,STP005,I,F,179.1,5.983333333333333,54.1713,-91.2304,34
2191,1,2018-05-21,12:10:42,05,MTP002,STP005,E,F,179.38,6.009166666666666,5.9199,93.6243,34
2195,1,2018-05-21,19:45:19,05,MTP002,STP005,E,F,179.56,5.9775,63.3543,-17.4699,34
2195,2,2018-05-21,20:03:21,06,MTP002,STP005,E,F,179.56,6.000555555555556,1.7931,-21.5085,34
2196,1,2018-05-21,21:42:49,06,MTP002,STP005,I,F,179.6,6.001944444444445,64.7823,-45.6926,34
2196,2,2018-05-21,22:01:47,07,MTP002,STP005,E,F,179.61,6.011111111111111,0.0085,-50.1703,34
2199,1,2018-05-22,03:35:46,07,MTP002,STP005,I,F,179.74,6.010833333333333,66.7558,-131.442,34
2199,2,2018-05-22,03:56:14,09,MTP002,STP005,E,F,179.75,6.011388888888889,-3.2753,-136.4109,34
2205,1,2018-05-22,15:21:59,09,MTP002,STP005,I,F,180.02,6.033888888888889,70.247,57.0677,34
2205,2,2018-05-22,15:45:03,11,MTP002,STP005,E,F,180.02,6.011111111111111,-9.0919,51.1131,34
2208,1,2018-05-22,21:15:21,11,MTP002,STP005,I,F,180.15,6.047777777777777,71.4468,-28.7071,34
2208,2,2018-05-22,21:39:25,11,MTP002,STP005,E,F,180.16,6.010277777777778,-11.4425,-35.1209,34
2212,1,2018-05-23,05:06:18,12,MTP002,STP005,I,F,180.34,6.069722222222222,73.173,-142.9638,34
2212,2,2018-05-23,05:31:40,12,MTP002,STP005,E,F,180.35,6.008611111111111,-14.5536,-150.0551,34
2217,1,2018-05-23,14:55:07,12,MTP002,STP005,I,F,180.57,6.103055555555555,75.0219,74.2618,34
2217,2,2018-05-23,15:22:01,13,MTP002,STP005,E,F,180.58,6.006111111111111,-18.3657,66.2619,34
2221,1,2018-05-23,22:46:20,13,MTP002,STP005,I,F,180.75,6.133611111111112,76.2366,-39.9371,34
2221,2,2018-05-23,23:14:14,03,MTP002,STP005,E,F,180.76,6.003333333333333,-20.839,-48.6769,34
2225,1,2018-05-24,06:37:24,10,MTP002,STP005,I,F,180.94,6.173333333333334,77.653,-153.9601,34
2225,2,2018-05-24,07:06:19,04,MTP002,STP005,E,F,180.95,6.000277777777778,-23.2906,-163.5905,34
2229,1,2018-05-24,14:28:32,04,MTP002,STP005,I,F,181.12,6.2175,78.7819,92.0665,34
2229,2,2018-05-24,14:58:22,05,MTP002,STP005,E,F,181.13,5.996666666666667,-25.7114,81.495,34
2233,1,2018-05-24,22:19:50,05,MTP002,STP005,I,F,181.31,6.268055555555556,79.7703,-21.8548,34
2233,2,2018-05-24,22:50:28,05,MTP002,STP005,E,F,181.32,5.9925,-27.7444,-33.4361,34
2236,1,2018-05-25,04:13:11,06,MTP002,STP005,I,F,181.45,6.312222222222222,80.4935,-107.164,34
2236,2,2018-05-25,04:44:21,06,MTP002,STP005,E,F,181.46,5.989444444444445,-29.2099,-119.5946,34
2241,1,2018-05-25,14:02:14,07,MTP002,STP005,I,F,181.68,6.404166666666667,81.7148,110.8882,34
2241,2,2018-05-25,14:34:22,07,MTP002,STP005,E,F,181.69,5.983055555555556,-31.8633,96.7485,34
2247,1,2018-05-26,01:49:07,09,MTP002,STP005,I,F,181.96,6.542222222222222,82.9716,-59.0424,34
2247,2,2018-05-26,02:22:12,09,MTP002,STP005,E,F,181.97,5.974722222222223,-34.4361,-75.6023,34
2249,1,2018-05-26,05:44:42,11,MTP002,STP005,I,F,182.05,6.60861111111111,83.4843,-115.3638,34
2249,2,2018-05-26,06:18:03,11,MTP002,STP005,E,F,182.06,5.972222222222222,-35.0568,-133.0286,34
2257,1,2018-05-26,21:27:24,05,MTP002,STP006,E,F,182.42,6.7572222222222225,84.7012,17.4831,34
2257,2,2018-05-26,22:01:45,05,MTP002,STP006,E,F,182.43,5.946666666666667,-38.2445,-3.0345,34
2262,1,2018-05-27,07:16:24,05,MTP002,STP006,I,F,182.65,7.221388888888889,85.889,-118.8664,34
2262,2,2018-05-27,07:51:31,06,MTP002,STP006,E,F,182.67,5.950555555555556,-40.0675,-146.4724,34
2266,1,2018-05-27,15:07:42,06,MTP002,STP006,I,F,182.84,7.541111111111111,86.5055,131.253,34
2266,2,2018-05-27,15:43:18,07,MTP002,STP006,E,F,182.85,5.9425,-41.6235,98.6149,34
2274,1,2018-05-28,06:50:19,07,MTP002,STP006,I,F,183.21,8.6875,87.6339,-80.904,34
2274,2,2018-05-28,07:26:47,09,MTP002,STP006,E,F,183.23,5.926388888888889,-44.1094,-131.1938,34
2279,1,2018-05-28,16:39:29,09,MTP002,STP006,I,F,183.44,9.814166666666667,88.0611,152.64,34
2279,2,2018-05-28,17:16:26,11,MTP002,STP006,E,F,183.46,5.914722222222222,-45.7662,85.1589,34
2284,1,2018-05-29,02:28:43,11,MTP002,STP006,I,F,183.68,11.251388888888888,88.2371,30.8251,34
2284,2,2018-05-29,03:06:07,11,MTP002,STP006,E,F,183.69,5.902777777777779,-47.2068,-58.4993,34
2286,1,2018-05-29,06:24:21,12,MTP002,STP006,I,F,183.77,11.950277777777776,88.2311,-16.0243,34
2286,2,2018-05-29,07:01:54,12,MTP002,STP006,E,F,183.79,5.8983333333333325,-47.6538,-115.9374,34
2295,1,2018-05-30,00:04:58,12,MTP002,STP006,I,F,184.19,14.328333333333333,87.6256,121.584,34
2295,2,2018-05-30,00:43:16,13,MTP002,STP006,E,F,184.21,5.874166666666667,-50.1292,-14.5483,34
2298,1,2018-05-30,05:58:26,13,MTP002,STP006,I,F,184.33,14.685555555555556,87.3704,40.9376,34
2298,2,2018-05-30,06:36:56,03,MTP002,STP006,E,F,184.35,5.865555555555555,-50.8848,-100.7291,34
2302,1,2018-05-30,13:49:53,10,MTP002,STP006,I,F,184.52,15.154722222222222,86.9243,-66.7377,34
2302,2,2018-05-30,14:28:41,04,MTP002,STP006,E,F,184.53,5.852777777777778,-52.0272,144.2928,34
2304,1,2018-05-30,17:45:28,04,MTP002,STP006,I,F,184.61,15.358333333333333,86.669,-121.0042,34
2304,2,2018-05-30,18:24:24,05,MTP002,STP006,E,F,184.63,5.847222222222222,-52.4279,86.8577,34
2307,1,2018-05-30,23:39:11,05,MTP002,STP006,I,F,184.75,15.498333333333333,86.6602,155.0354,34
2308,1,2018-05-31,02:16:04,05,MTP002,STP006,I,F,184.81,5.816944444444444,-53.4363,-28.3596,34
2309,1,2018-05-31,03:34:46,06,MTP002,STP006,I,F,184.84,15.644444444444444,86.1566,99.9017,34
2309,2,2018-05-31,04:13:58,06,MTP002,STP006,E,F,184.86,5.8311111111111105,-53.6182,-56.8373,34
2311,1,2018-05-31,08:09:46,07,MTP002,STP006,E,F,184.95,5.824722222222222,-54.0158,-114.3015,34
2316,1,2018-05-31,17:19:39,07,MTP002,STP006,I,F,185.17,15.992777777777777,85.295,-95.5777,34
2319,1,2018-05-31,23:53:02,09,MTP002,STP006,E,F,185.33,5.796944444444445,-55.7632,15.7673,34
2321,1,2018-06-01,03:48:52,09,MTP002,STP006,E,F,185.42,5.788611111111111,-56.3228,-41.7379,34
2326,1,2018-06-01,12:58:12,11,MTP002,STP006,I,F,185.64,16.310277777777777,84.0305,-17.5783,34
2328,1,2018-06-01,16:53:51,11,MTP002,STP006,I,F,185.73,16.326944444444443,83.8819,-74.6636,34
2333,1,2018-06-02,03:23:37,11,MTP002,STP006,E,F,185.99,5.740833333333334,-58.7639,-26.6842,34
2344,1,2018-06-03,00:19:30,05,MTP002,STP007,I,F,186.49,16.58972222222222,81.9504,-169.5263,34
2350,1,2018-06-03,12:06:37,05,MTP002,STP007,I,F,186.77,16.653888888888886,81.2484,19.3876,34
2356,1,2018-06-03,23:53:44,05,MTP002,STP007,I,F,187.05,16.70111111111111,80.598,-151.9555,34
2358,1,2018-06-04,03:49:27,06,MTP002,STP007,I,F,187.14,16.709444444444443,80.4229,150.8179,34
2361,1,2018-06-04,10:24:22,06,MTP002,STP007,E,F,187.3,5.603333333333333,-63.7798,-111.859,34
2365,1,2018-06-04,18:15:57,07,MTP002,STP007,E,F,187.49,5.577222222222222,-64.6047,133.0029,34
2369,1,2018-06-05,02:07:30,07,MTP002,STP007,E,F,187.68,5.554166666666666,-65.1738,17.9234,34
2373,1,2018-06-05,09:58:56,09,MTP002,STP007,I,F,187.87,5.529166666666667,-65.7982,-97.1577,34
2376,1,2018-06-05,15:10:53,09,MTP002,STP007,I,F,187.99,16.825,78.3863,-3.6194,34
2379,1,2018-06-05,21:46:10,11,MTP002,STP007,E,F,188.15,5.4875,-66.7745,90.1413,34
2382,1,2018-06-06,02:58:01,11,MTP002,STP007,I,F,188.28,16.855555555555558,77.7048,-175.216,34
2385,1,2018-06-06,09:33:28,11,MTP002,STP007,E,F,188.43,5.443333333333333,-67.7183,-82.6182,34
2389,1,2018-06-06,17:25:03,12,MTP002,STP007,E,F,188.62,5.409722222222222,-68.4035,162.1388,34
2392,1,2018-06-06,22:36:34,12,MTP002,STP007,I,F,188.75,16.897777777777776,76.5919,-101.3346,34
2394,1,2018-06-07,02:32:24,12,MTP002,STP007,I,F,188.84,16.93166666666667,76.5878,-158.208,34
2395,1,2018-06-07,05:12:18,13,MTP002,STP007,E,F,188.91,5.359444444444444,-69.3085,-10.6978,34
2399,1,2018-06-07,13:03:43,13,MTP002,STP007,E,F,189.1,5.327222222222222,-69.8038,-125.8793,34
2401,1,2018-06-07,16:59:31,03,MTP002,STP007,E,F,189.19,5.306388888888889,-70.1609,176.4369,34
2403,1,2018-06-07,20:55:07,10,MTP002,STP007,E,F,189.29,5.2525,-70.5515,118.3032,34
2406,1,2018-06-08,02:06:40,04,MTP002,STP007,I,F,189.41,16.949444444444445,75.005,-142.047,34
2411,1,2018-06-08,12:38:10,04,MTP002,STP007,E,F,189.67,5.208611111111111,-71.5364,-111.8063,34
2416,1,2018-06-08,21:45:16,05,MTP002,STP007,I,F,189.89,16.975277777777777,73.9486,-68.4219,34
2419,1,2018-06-09,04:21:10,05,MTP002,STP007,E,F,190.05,5.1147222222222215,-72.7068,17.3471,34
2429,1,2018-06-09,23:59:43,05,MTP002,STP008,E,F,190.52,4.987222222222222,-74.025,88.6773,34
2433,1,2018-06-10,07:51:14,05,MTP002,STP008,E,F,190.71,4.921666666666667,-74.6562,-27.0282,34
2436,1,2018-06-10,13:02:35,05,MTP002,STP008,I,F,190.84,17.033611111111114,71.592,78.8978,34
2440,1,2018-06-10,20:54:04,06,MTP002,STP008,I,F,191.03,17.03805555555556,71.2246,-35.7524,34
2446,1,2018-06-11,08:41:16,06,MTP002,STP008,I,F,191.31,17.053055555555556,70.5123,152.407,34
2448,1,2018-06-11,12:36:59,07,MTP002,STP008,I,F,191.41,17.06277777777778,70.1826,95.2007,34
2451,1,2018-06-11,19:12:45,07,MTP002,STP008,E,F,191.57,4.601388888888889,-76.9811,171.9913,34
2454,1,2018-06-12,00:24:13,09,MTP002,STP008,I,F,191.69,17.077222222222222,69.4533,-76.6541,34
2458,1,2018-06-12,08:15:46,09,MTP002,STP008,I,F,191.88,17.083888888888886,69.0263,168.7138,34
2461,1,2018-06-12,14:51:17,11,MTP002,STP008,E,F,192.04,4.376388888888888,-78.1797,-118.1278,34
2465,1,2018-06-12,22:42:40,11,MTP002,STP008,E,F,192.24,4.261388888888889,-78.7164,125.4576,34
2469,1,2018-06-13,06:34:11,11,MTP002,STP008,E,F,192.43,4.143888888888889,-79.1976,8.9692,34
2472,1,2018-06-13,11:45:55,12,MTP002,STP008,I,F,192.55,17.11861111111111,67.2231,127.7434,34
2476,1,2018-06-13,19:37:31,12,MTP002,STP008,I,F,192.74,17.128055555555555,66.7022,13.1425,34
2481,1,2018-06-14,06:08:25,12,MTP002,STP008,E,F,193.0,3.7169444444444446,-80.5824,18.4769,34
2485,1,2018-06-14,13:59:44,13,MTP002,STP008,E,F,193.19,3.5527777777777776,-80.9926,-98.6571,34
2488,1,2018-06-14,19:12:08,13,MTP002,STP008,I,F,193.32,17.178611111111113,65.1565,29.7205,34
2490,1,2018-06-14,23:07:45,03,MTP002,STP008,I,F,193.41,17.16222222222222,64.7966,-27.8536,34
2491,1,2018-06-15,01:46:45,10,MTP002,STP008,E,F,193.48,3.147222222222222,-81.6662,83.2334,34
2493,1,2018-06-15,05:42:37,04,MTP002,STP008,E,F,193.57,3.1494444444444443,-81.8218,25.8859,34
2500,1,2018-06-15,18:46:40,04,MTP002,STP008,I,F,193.89,17.19,63.281,45.7268,34
2502,1,2018-06-15,22:42:23,05,MTP002,STP008,I,F,193.99,17.1925,63.0508,-11.5827,34
2507,1,2018-06-16,09:12:29,05,MTP002,STP008,E,F,194.25,2.1752777777777776,-83.0611,-30.1433,34
2515,1,2018-06-17,00:55:09,05,MTP003,STP009,E,F,194.63,1.5297222222222222,-83.4762,90.8182,34
2518,1,2018-06-17,06:08:38,05,MTP003,STP009,I,F,194.76,17.239722222222223,60.3917,-109.8033,34
2520,1,2018-06-17,10:04:23,05,MTP003,STP009,I,F,194.85,17.242222222222225,60.1576,-167.1265,34
2526,1,2018-06-17,21:51:46,06,MTP003,STP009,I,F,195.14,17.259444444444444,59.1154,21.0262,34
2530,1,2018-06-18,05:43:19,06,MTP003,STP009,I,F,195.34,17.273055555555555,58.3344,-93.4947,34
2532,1,2018-06-18,09:39:07,07,MTP003,STP009,I,F,195.43,17.2775,58.0265,-150.8004,34
2535,1,2018-06-18,16:11:57,07,MTP003,STP009,E,F,195.59,23.489722222222223,-83.5334,-153.195,34
2539,1,2018-06-18,23:24:20,09,MTP003,STP009,I,F,195.77,17.295833333333334,56.8177,8.6981,34
2539,2,2018-06-19,00:03:19,09,MTP003,STP009,E,F,195.78,23.070555555555554,-83.3158,85.8367,34
2542,1,2018-06-19,05:18:05,11,MTP003,STP009,I,F,195.91,17.311111111111114,56.0067,-77.1419,34
2542,2,2018-06-19,05:56:49,11,MTP003,STP009,E,F,195.93,22.798055555555557,-83.1165,-4.2593,34
2545,1,2018-06-19,11:11:46,11,MTP003,STP009,I,F,196.06,17.31638888888889,55.5617,-163.1104,34
2545,2,2018-06-19,11:50:21,12,MTP003,STP009,E,F,196.07,22.50138888888889,-82.854,-94.7208,34
2548,1,2018-06-19,17:05:29,12,MTP003,STP009,I,F,196.2,17.329722222222223,54.8026,111.029,34
2548,2,2018-06-19,17:43:48,12,MTP003,STP009,E,F,196.22,22.249722222222225,-82.5734,175.5041,34
2550,1,2018-06-19,21:01:20,13,MTP003,STP009,I,F,196.3,17.33361111111111,54.4957,53.7054,34
2550,2,2018-06-19,21:39:32,13,MTP003,STP009,E,F,196.32,22.103333333333335,-82.3817,115.9574,34
2554,1,2018-06-20,04:52:54,03,MTP003,STP009,I,F,196.49,17.34861111111111,53.5654,-60.802,34
2554,2,2018-06-20,05:30:45,10,MTP003,STP009,E,F,196.51,21.783333333333335,-81.9012,-3.4899,34
2556,1,2018-06-20,08:48:48,04,MTP003,STP009,I,F,196.59,17.35638888888889,53.0704,-118.0775,34
2556,2,2018-06-20,09:26:30,04,MTP003,STP009,E,F,196.6,21.623055555555556,-81.6195,-63.2482,34
2560,1,2018-06-20,16:40:22,05,MTP003,STP009,I,F,196.78,17.37027777777778,52.1646,127.3956,34
2560,2,2018-06-20,17:17:41,05,MTP003,STP009,E,F,196.8,21.343055555555555,-81.0349,177.9077,34
2563,1,2018-06-20,22:34:10,05,MTP003,STP009,I,F,196.93,17.378611111111113,51.5558,41.4432,34
2563,2,2018-06-20,23:11:16,06,MTP003,STP009,E,F,196.94,21.183333333333334,-80.6288,89.4887,34
2566,1,2018-06-21,04:27:53,06,MTP003,STP009,I,F,197.07,17.391944444444444,50.7131,-44.4111,34
2566,2,2018-06-21,05:04:38,07,MTP003,STP009,E,F,197.09,21.0125,-80.1475,0.9513,34
2569,1,2018-06-21,10:21:41,07,MTP003,STP009,I,F,197.22,17.401666666666664,50.0362,-130.3482,34
2569,2,2018-06-21,10:58:10,09,MTP003,STP009,E,F,197.23,20.823055555555555,-79.5485,-87.9032,34
2575,1,2018-06-21,22:09:15,09,MTP003,STP009,I,F,197.51,17.424722222222222,48.45,57.8526,34
2575,2,2018-06-21,22:45:06,11,MTP003,STP009,E,F,197.52,20.56388888888889,-78.5164,96.2168,34
2578,1,2018-06-22,04:02:56,11,MTP003,STP009,I,F,197.65,17.436944444444446,47.6148,-28.0166,34
2578,2,2018-06-22,04:38:25,11,MTP003,STP009,E,F,197.67,20.42638888888889,-77.8821,8.1935,34
2580,1,2018-06-22,07:58:54,12,MTP003,STP009,I,F,197.75,17.447222222222223,46.9377,-85.2744,34
2580,2,2018-06-22,08:34:09,12,MTP003,STP009,E,F,197.77,20.345,-77.4635,-50.3815,34
2586,1,2018-06-22,19:46:29,12,MTP003,STP009,I,F,198.04,17.47111111111111,45.2122,102.93,34
2586,2,2018-06-22,20:20:59,13,MTP003,STP009,E,F,198.06,20.11388888888889,-76.088,134.1818,34
2590,1,2018-06-23,03:38:11,13,MTP003,STP009,I,F,198.24,17.486944444444447,44.031,-11.5916,34
2590,2,2018-06-23,04:12:07,03,MTP003,STP009,I,F,198.25,19.980555555555554,-75.1296,17.5543,34
2593,1,2018-06-23,09:32:08,10,MTP003,STP009,I,F,198.38,17.502777777777776,42.9084,-97.4713,34
2593,2,2018-06-23,10:05:38,04,MTP003,STP009,E,F,198.4,19.88277777777778,-74.3421,-69.9216,34
2598,1,2018-06-23,19:21:51,05,MTP003,STP010,I,F,198.62,17.52638888888889,41.147,119.4073,34
2598,2,2018-06-23,19:54:33,05,MTP003,STP010,E,F,198.64,19.738055555555558,-72.9999,144.6272,34
2602,1,2018-06-24,03:13:37,05,MTP003,STP010,I,F,198.82,17.54361111111111,39.8029,4.8863,34
2602,2,2018-06-24,03:45:41,06,MTP003,STP010,E,F,198.83,19.63611111111111,-71.9003,28.475,34
2604,1,2018-06-24,07:09:41,06,MTP003,STP010,I,F,198.92,17.558611111111112,38.7057,-52.32,34
2604,2,2018-06-24,07:41:20,07,MTP003,STP010,E,F,198.93,19.590833333333332,-71.3602,-29.5384,34
2608,1,2018-06-24,15:01:32,07,MTP003,STP010,I,F,199.11,17.57777777777778,37.1855,-166.8339,34
2608,2,2018-06-24,15:32:24,09,MTP003,STP010,E,F,199.12,19.480555555555554,-69.9648,-145.803,34
2610,1,2018-06-24,18:57:30,09,MTP003,STP010,I,F,199.21,17.589166666666664,36.2738,135.9316,34
2610,2,2018-06-24,19:27:59,11,MTP003,STP010,E,F,199.22,19.433611111111112,-69.3014,156.1821,34
2613,1,2018-06-25,00:51:29,11,MTP003,STP010,I,F,199.35,17.604166666666668,35.0484,50.0339,34
2613,2,2018-06-25,01:21:22,11,MTP003,STP010,E,F,199.37,19.370833333333334,-68.3317,69.2633,34
2617,1,2018-06-25,08:43:30,12,MTP003,STP010,I,F,199.55,17.631666666666668,32.8458,-64.3959,34
2617,2,2018-06-25,09:12:24,12,MTP003,STP010,E,F,199.56,19.279444444444444,-66.7982,-46.7068,34
2620,1,2018-06-25,14:37:26,12,MTP003,STP010,I,F,199.69,17.647777777777776,31.4733,-150.2629,34
2620,2,2018-06-25,15:05:35,13,MTP003,STP010,E,F,199.71,19.208055555555553,-65.4712,-133.7057,34
2626,1,2018-06-26,02:25:30,13,MTP003,STP010,I,F,199.99,17.685,28.2889,38.0271,34
2626,2,2018-06-26,02:52:05,03,MTP003,STP010,C,F,200.0,19.089166666666664,-62.8957,52.6261,34
2628,1,2018-06-26,06:21:37,10,MTP003,STP010,I,F,200.08,17.703055555555554,26.7397,-19.1457,34
2628,2,2018-06-26,06:47:29,04,MTP003,STP010,E,F,200.1,19.048333333333336,-61.9085,-5.2625,34
2633,1,2018-06-26,16:11:54,04,MTP003,STP010,I,F,200.33,17.740277777777777,23.4478,-162.1977,34
2633,2,2018-06-26,16:36:05,05,MTP003,STP010,E,F,200.34,18.946944444444444,-59.1913,-149.9835,34
2635,1,2018-06-26,20:08:07,05,MTP003,STP010,I,F,200.43,17.759444444444444,21.7352,140.6172,34
2635,2,2018-06-26,20:31:29,05,MTP003,STP010,E,F,200.44,18.904999999999998,-57.9504,152.1184,34
2643,1,2018-06-27,11:53:03,06,MTP003,STP010,I,F,200.82,17.833055555555557,14.9018,-88.168,34
2643,2,2018-06-27,12:12:50,06,MTP003,STP010,E,F,200.83,18.741944444444446,-52.2333,-79.351,34
2645,1,2018-06-27,15:49:16,07,MTP003,STP010,I,F,200.91,17.853333333333335,12.9963,-145.3374,34
2645,2,2018-06-27,16:08:02,07,MTP003,STP010,E,F,200.92,18.703611111111112,-50.6528,-137.1497,34
2649,1,2018-06-27,23:42:10,09,MTP003,STP010,I,F,201.11,17.903055555555554,8.263,100.3571,34
2655,1,2018-06-28,11:43:09,09,MTP003,STP010,E,F,201.41,18.461388888888887,-38.273,-66.6744,34
2844,1,2018-07-13,21:37:49,05,MTP003,STP012,I,F,210.71,5.373333333333333,-36.8681,97.4366,34
2846,1,2018-07-14,01:48:56,06,MTP003,STP012,E,F,210.81,6.233333333333333,14.5482,49.2475,34
2849,1,2018-07-14,07:25:41,11,MTP003,STP012,I,F,210.95,5.238611111111111,-41.9818,-47.5963,34
2860,1,2018-07-15,04:59:53,05,MTP004,STP013,I,F,211.5,4.961944444444445,-50.1133,-6.59,34
2860,2,2018-07-15,05:23:06,05,MTP004,STP013,E,F,211.51,6.472222222222222,27.7227,10.4157,34
2862,1,2018-07-15,08:55:18,05,MTP004,STP013,I,F,211.6,4.915,-51.2285,-64.5635,34
2862,2,2018-07-15,09:19:19,06,MTP004,STP013,E,F,211.61,6.506388888888889,29.357,-46.536,34
2864,1,2018-07-15,12:50:42,06,MTP004,STP013,I,F,211.7,4.8725000000000005,-52.1759,-122.4643,34
2864,2,2018-07-15,13:15:21,07,MTP004,STP013,E,F,211.71,6.532777777777778,30.5614,-103.559,34
2872,1,2018-07-16,04:32:36,07,MTP004,STP013,I,F,212.1,4.667777777777778,-56.2055,5.3247,34
2872,2,2018-07-16,04:59:48,09,MTP004,STP013,E,F,212.11,6.6466666666666665,35.3528,28.3886,34
2875,1,2018-07-16,10:25:50,09,MTP004,STP013,I,F,212.25,4.592777777777777,-57.4573,-81.733,34
2875,2,2018-07-16,10:53:53,11,MTP004,STP013,E,F,212.26,6.690277777777778,37.0313,-57.0897,34
2878,1,2018-07-16,16:19:03,11,MTP004,STP013,I,F,212.4,4.509444444444444,-58.7464,-168.9104,34
2878,2,2018-07-16,16:47:50,11,MTP004,STP013,E,F,212.41,6.724722222222223,38.2604,-142.6793,34
2880,1,2018-07-16,20:14:39,12,MTP004,STP013,I,F,212.5,4.454444444444444,-59.5334,132.952,34
2880,2,2018-07-16,20:43:58,12,MTP004,STP013,E,F,212.51,6.7575,39.4102,160.3659,34
2884,1,2018-07-17,04:05:43,12,MTP004,STP013,I,F,212.7,4.357777777777778,-60.7942,16.9061,34
2884,2,2018-07-17,04:35:52,13,MTP004,STP013,E,F,212.71,6.805555555555555,40.9835,46.29,34
2886,1,2018-07-17,08:01:20,13,MTP004,STP013,I,F,212.8,4.303611111111111,-61.4595,-41.2237,34
2886,2,2018-07-17,08:31:52,03,MTP004,STP013,E,F,212.81,6.831388888888888,41.797,-10.7367,34
2890,1,2018-07-17,15:52:23,10,MTP004,STP013,I,F,213.0,4.194444444444445,-62.6922,-157.456,34
2890,2,2018-07-17,16:23:42,04,MTP004,STP013,E,F,213.01,6.880277777777779,43.2561,-124.7852,34
2892,1,2018-07-17,19:48:01,04,MTP004,STP013,I,F,213.1,4.126944444444444,-63.4058,144.21,34
2892,2,2018-07-17,20:19:45,05,MTP004,STP013,E,F,213.12,6.909166666666667,44.0865,178.2224,34
2894,1,2018-07-17,23:43:34,05,MTP004,STP013,I,F,213.2,4.076111111111111,-63.8986,86.1443,34
2894,2,2018-07-18,00:15:42,05,MTP004,STP013,E,F,213.22,6.939722222222223,44.9478,121.2878,34
2898,1,2018-07-18,07:34:50,06,MTP004,STP013,I,F,213.4,3.963611111111111,-64.9208,-30.184,34
2898,2,2018-07-18,08:07:33,06,MTP004,STP013,E,F,213.42,6.983611111111111,46.0712,7.154,34
2900,1,2018-07-18,11:30:21,07,MTP004,STP013,I,F,213.5,3.9002777777777777,-65.4589,-88.4303,34
2900,2,2018-07-18,12:03:27,07,MTP004,STP013,E,F,213.52,7.013333333333334,46.8367,-49.7841,34
2904,1,2018-07-18,19:21:34,09,MTP004,STP013,I,F,213.7,3.7630555555555554,-66.5363,154.882,34
2904,2,2018-07-18,19:55:17,09,MTP004,STP013,E,F,213.72,7.060555555555555,47.9535,-163.8577,34
2906,1,2018-07-18,23:17:12,11,MTP004,STP013,I,F,213.8,3.7122222222222225,-66.889,96.7965,34
2906,2,2018-07-18,23:51:12,11,MTP004,STP013,E,F,213.82,7.091944444444444,48.6885,139.2212,34
2909,1,2018-07-19,05:10:36,11,MTP004,STP013,I,F,213.95,3.6122222222222224,-67.5638,9.3261,34
2909,2,2018-07-19,05:44:59,12,MTP004,STP013,E,F,213.97,7.120833333333333,49.2962,53.5897,34
2912,1,2018-07-19,11:04:04,12,MTP004,STP013,I,F,214.1,3.5191666666666666,-68.1381,-78.0574,34
2912,2,2018-07-19,11:38:52,12,MTP004,STP013,E,F,214.12,7.164444444444444,50.2357,-31.841,34
2918,1,2018-07-19,22:50:58,13,MTP004,STP013,I,F,214.4,3.298611111111111,-69.3631,106.6681,34
2918,2,2018-07-19,23:26:31,13,MTP004,STP013,E,F,214.42,7.24,51.7228,157.1442,34
2921,1,2018-07-20,04:44:22,03,MTP004,STP013,I,F,214.56,3.191111111111111,-69.8837,19.0874,34
2921,2,2018-07-20,05:20:13,10,MTP004,STP013,E,F,214.57,7.267777777777778,52.208,71.5189,34
2923,1,2018-07-20,08:40:04,04,MTP004,STP013,I,F,214.66,3.1133333333333333,-70.2381,-39.4159,34
2923,2,2018-07-20,09:16:10,04,MTP004,STP013,E,F,214.67,7.296388888888889,52.7316,14.5494,34
2929,1,2018-07-20,20:26:59,05,MTP004,STP013,I,F,214.96,2.8722222222222222,-71.2144,144.9979,34
2929,2,2018-07-20,21:03:41,05,MTP004,STP013,E,F,214.97,7.366666666666666,53.9103,-156.5105,34
2933,1,2018-07-21,04:18:15,05,MTP004,STP013,I,F,215.16,2.720555555555556,-71.7372,28.0808,34
2933,2,2018-07-21,04:55:20,06,MTP004,STP013,E,F,215.17,7.416666666666667,54.7013,89.5023,34
2935,1,2018-07-21,08:14:00,06,MTP004,STP013,I,F,215.26,2.6425,-71.984,-30.438,34
2935,2,2018-07-21,08:51:16,07,MTP004,STP013,E,F,215.27,7.4425,55.0974,32.4963,34
2940,1,2018-07-21,18:03:03,05,MTP004,STP014,I,F,215.51,2.4130555555555553,-72.6497,-177.1775,34
2940,2,2018-07-21,18:40:46,05,MTP004,STP014,E,F,215.53,7.498333333333333,55.8946,-110.0682,34
2944,1,2018-07-22,01:54:23,05,MTP004,STP014,I,F,215.71,2.2383333333333333,-73.0782,65.5457,34
2944,2,2018-07-22,02:32:26,11,MTP004,STP014,E,F,215.73,7.553888888888888,56.6703,136.0245,34
2946,1,2018-07-22,05:50:05,11,MTP004,STP014,I,F,215.81,2.1508333333333334,-73.2716,6.8961,34
2946,2,2018-07-22,06:28:16,11,MTP004,STP014,E,F,215.83,7.570277777777777,56.8663,78.9034,34
2952,1,2018-07-22,17:37:05,12,MTP004,STP014,I,F,216.11,1.8730555555555557,-73.8078,-169.2569,34
2952,2,2018-07-22,18:15:42,12,MTP004,STP014,E,F,216.13,7.640555555555555,57.7396,-92.139,34
2956,1,2018-07-23,01:28:30,12,MTP004,STP014,I,F,216.32,1.6797222222222221,-74.1153,73.1653,34
2956,2,2018-07-23,02:07:24,04,MTP004,STP014,E,F,216.33,7.697500000000001,58.434,153.9706,34
2959,1,2018-07-23,07:22:04,04,MTP004,STP014,I,F,216.47,1.5338888888888889,-74.3133,-15.0294,34
2959,2,2018-07-23,08:01:07,07,MTP004,STP014,E,F,216.48,7.7225,58.6877,68.3011,34
2962,1,2018-07-23,13:54:51,07,MTP004,STP014,E,F,216.63,7.7683333333333335,59.2101,-17.0636,34
2965,1,2018-07-23,19:09:03,09,MTP004,STP014,I,F,216.77,1.2236111111111112,-74.6529,168.3306,34
2968,1,2018-07-24,01:42:15,09,MTP004,STP014,E,F,216.94,7.837777777777777,59.9183,171.8937,34
2970,1,2018-07-24,05:38:00,10,MTP004,STP014,E,F,217.04,7.855277777777777,60.0727,114.8081,34
2974,1,2018-07-24,13:29:39,10,MTP004,STP014,E,F,217.24,7.904722222222222,60.5492,0.8152,34
2976,1,2018-07-24,17:25:22,06,MTP004,STP014,E,F,217.34,7.920833333333333,60.6773,-56.2852,34
2982,1,2018-07-25,05:12:46,13,MTP004,STP014,E,F,217.64,7.9911111111111115,61.2985,132.692,34
2984,1,2018-07-25,09:08:39,05,MTP004,STP014,E,F,217.74,8.011388888888888,61.4627,75.6163,34
2988,1,2018-07-25,17:00:10,05,MTP004,STP014,E,F,217.95,8.061111111111112,61.8748,-38.3406,34
2990,1,2018-07-25,20:55:57,05,MTP004,STP014,E,F,218.05,8.075277777777778,61.967,-95.4813,34
2996,1,2018-07-26,08:43:20,11,MTP004,STP014,E,F,218.35,8.143055555555556,62.4787,93.4566,34
2999,1,2018-07-26,13:56:00,11,MTP004,STP014,I,F,218.48,23.540000000000003,-74.6937,-111.6518,34
3002,1,2018-07-26,20:30:38,11,MTP004,STP014,E,F,218.65,8.205833333333333,62.9157,-77.656,34
3005,1,2018-07-27,01:43:11,12,MTP004,STP014,I,F,218.79,23.2625,-74.4191,72.1615,34
3008,1,2018-07-27,08:17:59,12,MTP004,STP014,E,F,218.96,8.270833333333334,63.3449,111.2476,34
3011,1,2018-07-27,13:30:19,12,MTP004,STP014,I,F,219.09,22.996111111111112,-74.0702,-103.8479,34
3013,1,2018-07-27,17:25:57,04,MTP004,STP014,I,F,219.19,22.919722222222223,-73.9494,-162.3152,34
3017,1,2018-07-28,01:17:29,04,MTP004,STP014,I,F,219.4,22.739444444444445,-73.6483,80.2787,34
3019,1,2018-07-28,05:13:07,07,MTP004,STP014,I,F,219.5,22.666944444444447,-73.5079,21.8725,34
3026,1,2018-07-28,19:39:54,05,MTP004,STP015,E,P,219.87,8.454166666666666,64.4083,-42.1695,34
3029,1,2018-07-29,00:51:50,05,MTP004,STP015,I,P,220.0,22.26972222222222,-72.6188,89.1839,34
3031,1,2018-07-29,04:47:28,05,MTP004,STP015,I,P,220.1,22.209166666666665,-72.4522,30.9569,34
3035,1,2018-07-29,12:39:00,11,MTP004,STP015,I,F,220.31,22.05638888888889,-72.022,-86.0366,34
3037,1,2018-07-29,16:34:41,11,MTP004,STP015,I,F,220.41,22.001666666666665,-71.8466,-144.1871,34
3044,1,2018-07-30,07:01:48,11,MTP004,STP015,E,F,220.78,8.628333333333334,65.2492,164.2793,34
3047,1,2018-07-30,12:13:25,12,MTP004,STP015,I,F,220.92,21.668333333333333,-70.6824,-75.923,34
3050,1,2018-07-30,18:49:07,12,MTP004,STP015,E,F,221.09,8.680833333333332,65.4652,-6.9849,34
3053,1,2018-07-31,00:00:37,12,MTP004,STP015,I,F,221.22,21.488333333333333,-69.9322,109.3544,34
3059,1,2018-07-31,11:44:26,04,MTP004,STP015,E,P,221.52,21.17888888888889,-68.5164,-66.496,34
3061,1,2018-07-31,15:43:36,04,MTP004,STP015,I,P,221.63,21.280833333333334,-68.9319,-123.1404,34
3065,1,2018-07-31,23:35:05,07,MTP004,STP015,I,P,221.83,21.16861111111111,-68.3402,120.487,34
3067,1,2018-08-01,03:30:53,07,MTP004,STP015,I,P,221.93,21.1275,-68.1,62.5091,34
3071,1,2018-08-01,11:22:23,09,MTP004,STP015,I,F,222.14,21.02611111111111,-67.5036,-53.7034,34
3073,1,2018-08-01,15:18:08,09,MTP004,STP015,I,F,222.24,20.982499999999998,-67.2276,-111.7053,34
3076,1,2018-08-01,21:54:00,10,MTP004,STP015,E,F,222.41,8.881388888888889,66.1334,-29.5117,34
3079,1,2018-08-02,03:05:23,10,MTP004,STP015,I,F,222.54,20.846944444444443,-66.3255,74.2227,34
3082,1,2018-08-02,09:41:14,06,MTP004,STP015,E,F,222.71,8.92361111111111,66.2465,159.0831,34
3085,1,2018-08-02,14:52:40,13,MTP004,STP015,I,F,222.85,20.717777777777776,-65.3799,-99.761,34
3088,1,2018-08-02,21:28:32,05,MTP004,STP015,E,P,223.02,8.963888888888889,66.3454,-12.3585,34
3090,1,2018-08-03,01:24:20,05,MTP004,STP015,E,P,223.12,8.974722222222223,66.3624,-69.5573,34
3094,1,2018-08-03,09:15:46,05,MTP004,STP015,E,P,223.32,9.005,66.4442,176.2229,34
3096,1,2018-08-03,13:11:37,11,MTP004,STP015,E,F,223.43,9.010555555555555,66.432,118.9389,34
3102,1,2018-08-04,00:58:51,11,MTP004,STP015,E,F,223.73,9.046111111111111,66.4965,-52.5622,34
3104,1,2018-08-04,04:54:38,11,MTP004,STP015,E,F,223.83,9.065555555555557,66.5587,-109.6207,34
3114,1,2018-08-05,00:33:20,12,MTP004,STP016,E,F,224.34,9.108333333333333,66.5737,-35.6942,34
3118,1,2018-08-05,08:24:50,12,MTP004,STP016,E,F,224.55,9.13888888888889,66.6472,-149.9285,34
3120,1,2018-08-05,12:20:37,12,MTP004,STP016,E,F,224.65,9.132222222222223,66.5733,152.6225,34
3122,1,2018-08-05,16:16:26,04,MTP004,STP016,E,P,224.75,9.149444444444445,66.6189,95.517,34
3126,1,2018-08-06,00:07:51,04,MTP004,STP016,E,P,224.96,9.159444444444444,66.5889,-19.0009,34
3128,1,2018-08-06,04:03:40,07,MTP004,STP016,E,P,225.06,9.170277777777777,66.6016,-76.2026,34
3132,1,2018-08-06,11:55:08,07,MTP004,STP016,E,P,225.26,9.179722222222221,66.5688,169.2613,34
3134,1,2018-08-06,15:50:58,09,MTP004,STP016,E,F,225.36,9.19,66.5799,112.051,34
3137,1,2018-08-06,21:02:46,09,MTP004,STP016,I,F,225.5,19.841388888888886,-55.7957,-164.0257,34
3140,1,2018-08-07,03:38:11,10,MTP004,STP016,E,F,225.67,9.209166666666667,66.5545,-59.6878,34
3143,1,2018-08-07,08:50:09,10,MTP004,STP016,I,F,225.81,19.76,-54.5229,22.6909,34
3146,1,2018-08-07,15:25:28,06,MTP004,STP016,E,F,225.98,9.2225,66.4996,128.4676,34
3149,1,2018-08-07,20:37:34,13,MTP004,STP016,I,F,226.11,19.679444444444446,-53.1782,-150.5932,34
3151,1,2018-08-08,00:33:23,05,MTP004,STP016,I,P,226.22,19.648333333333333,-52.6432,151.5793,34
3155,1,2018-08-08,08:25:02,05,MTP004,STP016,I,P,226.42,19.601944444444445,-51.8002,36.1605,34
3157,1,2018-08-08,12:20:50,05,MTP004,STP016,I,P,226.52,19.572499999999998,-51.262,-21.6399,34
3163,1,2018-08-09,00:08:16,11,MTP004,STP016,I,F,226.83,19.498055555555556,-49.8187,165.1683,34
3166,1,2018-08-09,06:43:03,11,MTP004,STP016,E,F,227.0,9.259166666666667,66.2869,-84.4424,34
3169,1,2018-08-09,11:55:42,11,MTP004,STP016,I,F,227.14,19.427222222222223,-48.3613,-7.9721,34
3172,1,2018-08-09,18:30:20,12,MTP004,STP016,E,F,227.31,9.260833333333334,66.1794,103.5414,34
3178,1,2018-08-10,06:17:36,12,MTP004,STP016,E,F,227.62,9.256388888888889,66.0433,-68.5586,34
3180,1,2018-08-10,10:13:17,12,MTP004,STP016,E,F,227.72,9.266944444444444,66.0562,-125.7272,34
3184,1,2018-08-10,18:04:54,04,MTP004,STP016,E,P,227.92,9.253055555555555,65.9132,119.3521,34
3186,1,2018-08-10,22:00:35,04,MTP004,STP016,E,P,228.03,9.259166666666667,65.9043,62.1122,34
3190,1,2018-08-11,05:52:08,07,MTP004,STP016,E,P,228.23,9.246666666666666,65.7669,-52.7729,34
3192,1,2018-08-11,09:47:51,07,MTP004,STP016,E,P,228.33,9.25361111111111,65.7642,-110.0009,34
3197,1,2018-08-11,18:57:32,05,MTP005,STP017,I,P,228.57,19.103611111111114,-40.6144,-95.9568,34
3199,1,2018-08-11,22:53:19,05,MTP005,STP017,I,P,228.67,19.083888888888886,-40.0731,-153.6011,34
3203,1,2018-08-12,06:45:07,05,MTP005,STP017,I,P,228.88,19.03888888888889,-38.8216,90.9641,34
3205,1,2018-08-12,10:40:52,11,MTP005,STP017,I,F,228.98,19.02111111111111,-38.3035,33.3506,34
3211,1,2018-08-12,22:28:29,11,MTP005,STP017,I,F,229.29,18.954722222222223,-36.3652,-139.7606,34
3211,2,2018-08-12,23:07:37,11,MTP005,STP017,E,F,229.31,9.194444444444445,65.1085,64.3157,34
3214,1,2018-08-13,04:22:20,12,MTP005,STP017,I,F,229.44,18.91861111111111,-35.2777,133.6293,34
3214,2,2018-08-13,05:01:16,12,MTP005,STP017,E,F,229.46,9.181111111111111,64.9832,-21.9027,34
3217,1,2018-08-13,10:16:10,12,MTP005,STP017,I,F,229.6,18.889444444444443,-34.365,47.1277,34
3217,2,2018-08-13,10:54:55,04,MTP005,STP017,E,P,229.62,9.174722222222222,64.8937,-108.0195,34
3222,1,2018-08-13,20:05:55,04,MTP005,STP017,I,P,229.86,18.834444444444443,-32.6198,-97.1439,34
3222,2,2018-08-13,20:44:25,07,MTP005,STP017,E,P,229.87,9.149166666666666,64.6648,108.2114,34
3226,1,2018-08-14,03:57:39,07,MTP005,STP017,I,P,230.06,18.791111111111114,-31.1919,147.4617,34
3226,2,2018-08-14,04:35:54,09,MTP005,STP017,E,F,230.08,9.123888888888889,64.4536,-6.848,34
3229,1,2018-08-14,09:51:32,09,MTP005,STP017,I,F,230.22,18.761666666666667,-30.204,60.9449,34
3229,2,2018-08-14,10:29:37,10,MTP005,STP017,E,F,230.23,9.109444444444444,64.3181,-93.0981,34
3234,1,2018-08-14,19:41:19,10,MTP005,STP017,I,F,230.47,18.70722222222222,-28.3315,-83.3267,34
3234,2,2018-08-14,20:19:07,06,MTP005,STP017,E,F,230.49,9.075,64.0313,122.9988,34
3236,1,2018-08-14,23:37:10,13,MTP005,STP017,I,F,230.58,18.686666666666667,-27.6119,-141.001,34
3236,2,2018-08-15,00:14:49,05,MTP005,STP017,E,P,230.59,9.063055555555556,63.9253,65.4847,34
3239,1,2018-08-15,05:31:05,05,MTP005,STP017,I,P,230.73,18.6525,-26.4031,132.405,34
3239,2,2018-08-15,06:08:31,05,MTP005,STP017,E,P,230.75,9.040555555555555,63.7394,-20.8834,34
3242,1,2018-08-15,11:24:56,11,MTP005,STP017,I,F,230.88,18.62361111111111,-25.3503,45.899,34
3242,2,2018-08-15,12:02:11,11,MTP005,STP017,E,F,230.9,9.02638888888889,63.6003,-107.118,34
3245,1,2018-08-15,17:18:53,11,MTP005,STP017,I,F,231.04,18.58833333333333,-24.0632,-40.7213,34
3245,2,2018-08-15,17:55:55,12,MTP005,STP017,E,F,231.05,8.988888888888889,63.3202,166.2778,34
3248,1,2018-08-15,23:12:45,12,MTP005,STP017,I,F,231.19,18.55777777777778,-22.9273,-127.2462,34
3248,2,2018-08-15,23:49:35,12,MTP005,STP017,E,F,231.21,8.977777777777778,63.1976,80.0931,34
3251,1,2018-08-16,05:06:38,04,MTP005,STP017,I,P,231.35,18.523888888888887,-21.6499,146.1672,34
3251,2,2018-08-16,05:43:15,04,MTP005,STP017,E,P,231.36,8.948333333333334,62.9587,-6.3756,34
3253,1,2018-08-16,09:02:37,07,MTP005,STP017,I,P,231.45,18.504444444444445,-20.9073,88.4791,34
3253,2,2018-08-16,09:39:05,07,MTP005,STP017,E,P,231.47,8.933055555555555,62.8268,-63.9633,34
3258,1,2018-08-16,18:52:30,09,MTP005,STP017,I,F,231.71,18.447777777777777,-18.7097,-55.8528,34
3258,2,2018-08-16,19:28:37,09,MTP005,STP017,E,F,231.72,8.875555555555556,62.3622,151.7826,34
3260,1,2018-08-16,22:48:24,10,MTP005,STP017,I,F,231.81,18.42777777777778,-17.9244,-113.5318,34
3260,2,2018-08-16,23:24:23,10,MTP005,STP017,E,F,231.83,8.868611111111111,62.2793,94.3341,34
3264,1,2018-08-17,06:40:21,06,MTP005,STP017,I,F,232.02,18.38138888888889,-16.0918,130.9833,34
3264,2,2018-08-17,07:15:59,13,MTP005,STP017,E,F,232.03,8.824722222222222,61.9085,-21.0314,34
3266,1,2018-08-17,10:36:18,05,MTP005,STP017,I,P,232.12,18.363333333333333,-15.3626,73.3212,34
3266,2,2018-08-17,11:11:49,05,MTP005,STP017,E,P,232.13,8.803333333333335,61.7228,-78.7159,34
3269,1,2018-08-17,16:30:13,05,MTP005,STP017,I,P,232.27,18.32777777777778,-13.9437,-13.2911,34
3269,2,2018-08-17,17:05:30,11,MTP005,STP017,E,F,232.29,8.760833333333334,61.3668,-165.3809,34
3272,1,2018-08-17,22:24:12,11,MTP005,STP017,I,F,232.43,18.294444444444448,-12.5935,-99.8924,34
3272,2,2018-08-17,22:59:15,11,MTP005,STP017,E,F,232.44,8.743611111111111,61.1853,108.318,34
3275,1,2018-08-18,04:18:07,12,MTP005,STP017,I,F,232.58,18.25861111111111,-11.1262,173.4843,34
3275,2,2018-08-18,04:52:54,12,MTP005,STP017,E,F,232.6,8.701388888888888,60.8187,21.6679,34
3283,1,2018-08-18,20:02:08,12,MTP005,STP018,I,F,233.0,18.16611111111111,-7.32,-57.514,34
3283,2,2018-08-18,20:36:17,04,MTP005,STP018,E,P,233.01,8.593333333333334,59.8267,150.593,34
3285,1,2018-08-18,23:58:02,04,MTP005,STP018,I,P,233.1,18.145555555555553,-6.4736,-115.1998,34
3285,2,2018-08-19,00:32:03,07,MTP005,STP018,E,P,233.11,8.576944444444445,59.6538,92.9983,34
3288,1,2018-08-19,05:52:01,07,MTP005,STP018,I,P,233.25,18.10777777777778,-4.9125,158.1364,34
3288,2,2018-08-19,06:25:45,09,MTP005,STP018,E,F,233.27,8.531944444444445,59.2212,6.2911,34
3291,1,2018-08-19,11:46:03,09,MTP005,STP018,I,F,233.41,18.074166666666667,-3.5218,71.5238,34
3291,2,2018-08-19,12:19:31,10,MTP005,STP018,E,F,233.42,8.495277777777776,58.8511,-80.3014,34
3295,1,2018-08-19,19:38:03,10,MTP005,STP018,I,F,233.61,18.024166666666666,-1.4579,-44.0306,34
3295,2,2018-08-19,20:11:14,06,MTP005,STP018,E,F,233.63,8.424722222222222,58.1441,163.9045,34
3301,1,2018-08-20,07:26:03,13,MTP005,STP018,I,F,233.92,17.9475,1.6896,142.6119,34
3301,2,2018-08-20,07:58:43,05,MTP005,STP018,E,P,233.94,8.342222222222222,57.2516,-9.4064,34
3303,1,2018-08-20,11:22:04,05,MTP005,STP018,I,P,234.03,17.92527777777778,2.5933,84.8733,34
3303,2,2018-08-20,11:54:35,05,MTP005,STP018,E,P,234.04,8.31388888888889,56.9342,-67.2006,34
3308,1,2018-08-20,21:12:10,11,MTP005,STP018,I,F,234.29,17.85777777777778,5.3126,-59.6634,34
3308,2,2018-08-20,21:44:15,11,MTP005,STP018,E,F,234.3,8.229444444444445,55.9704,148.105,34
3314,1,2018-08-21,09:00:09,11,MTP005,STP018,I,F,234.6,17.781388888888888,8.3384,126.9882,34
3314,2,2018-08-21,09:31:50,12,MTP005,STP018,E,F,234.61,8.1325,54.7927,-25.4468,34
3317,1,2018-08-21,14:54:07,12,MTP005,STP018,I,F,234.75,17.741944444444446,9.8708,40.3031,34
3317,2,2018-08-21,15:25:35,12,MTP005,STP018,E,F,234.76,8.084166666666667,54.1751,-112.2129,34
3321,1,2018-08-21,22:46:18,04,MTP005,STP018,I,P,234.96,17.683333333333334,12.1073,-75.4212,34
3321,2,2018-08-21,23:17:27,04,MTP005,STP018,E,P,234.97,8.011388888888888,53.2155,131.9225,34
3324,1,2018-08-22,04:40:17,07,MTP005,STP018,I,P,235.11,17.64,13.7271,-162.1656,34
3324,2,2018-08-22,05:11:14,07,MTP005,STP018,E,P,235.13,7.9511111111111115,52.392,44.9726,34
3327,1,2018-08-22,10:34:24,09,MTP005,STP018,I,F,235.27,17.598888888888887,15.2371,111.0893,34
3327,2,2018-08-22,11:05:09,09,MTP005,STP018,E,F,235.28,7.901111111111112,51.6726,-41.8573,34
3330,1,2018-08-22,16:28:21,10,MTP005,STP018,I,F,235.42,17.55638888888889,16.7677,24.3628,34
3330,2,2018-08-22,16:58:54,10,MTP005,STP018,E,F,235.44,7.854722222222222,50.9767,-128.5925,34
3333,1,2018-08-22,22:22:31,06,MTP005,STP018,I,F,235.58,17.511111111111113,18.3677,-62.4596,34
3333,2,2018-08-22,22:52:55,13,MTP005,STP018,E,F,235.59,7.793333333333333,50.0378,144.3803,34
3335,1,2018-08-23,02:18:29,05,MTP005,STP018,I,P,235.68,17.481388888888887,19.3872,-120.2968,34
3335,2,2018-08-23,02:48:46,05,MTP005,STP018,E,P,235.69,7.76,49.5072,86.516,34
3339,1,2018-08-23,10:10:34,05,MTP005,STP018,I,P,235.89,17.420555555555556,21.4376,123.9692,34
3339,2,2018-08-23,10:40:38,11,MTP005,STP018,E,F,235.9,7.689444444444445,48.3395,-29.3112,34
3341,1,2018-08-23,14:06:33,11,MTP005,STP018,I,F,235.99,17.392777777777777,22.3545,66.1539,34
3341,2,2018-08-23,14:36:33,11,MTP005,STP018,E,F,236.0,7.650555555555556,47.6767,-87.2763,34
3345,1,2018-08-23,21:58:41,12,MTP005,STP018,I,F,236.2,17.325555555555557,24.4983,-49.6851,34
3345,2,2018-08-23,22:28:30,12,MTP005,STP018,E,F,236.21,7.570833333333333,46.263,156.7417,34
3347,1,2018-08-24,01:54:41,12,MTP005,STP018,I,F,236.3,17.29388888888889,25.4844,-107.5626,34
3347,2,2018-08-24,02:24:26,04,MTP005,STP018,E,P,236.31,7.536111111111111,45.6169,98.8371,34
3349,1,2018-08-24,05:50:39,04,MTP005,STP018,I,P,236.4,17.261388888888888,26.4725,-165.4443,34
3349,2,2018-08-24,06:20:21,07,MTP005,STP018,E,P,236.42,7.493055555555555,44.8016,40.8098,34
3353,1,2018-08-24,13:42:43,07,MTP005,STP018,I,P,236.61,17.200555555555553,28.2547,78.8277,34
3353,2,2018-08-24,14:12:19,09,MTP005,STP018,E,F,236.62,7.425000000000001,43.4449,-75.0034,34
3355,1,2018-08-24,17:38:41,09,MTP005,STP018,I,F,236.72,17.165555555555553,29.2582,20.9122,34
3355,2,2018-08-24,18:08:12,10,MTP005,STP018,E,F,236.73,7.391111111111112,42.7453,-132.883,34
3359,1,2018-08-25,01:30:49,10,MTP005,STP018,I,F,236.92,17.095277777777778,31.1914,-94.9751,34
3359,2,2018-08-25,02:00:16,06,MTP005,STP018,E,F,236.94,7.314722222222222,41.1145,111.1515,34
3361,1,2018-08-25,05:26:44,13,MTP005,STP018,I,F,237.03,17.06222222222222,32.0643,-152.8503,34
3361,2,2018-08-25,05:56:12,05,MTP005,STP018,E,P,237.04,7.271944444444444,40.1732,53.1282,34
3364,1,2018-08-25,11:20:46,05,MTP005,STP018,I,P,237.18,17.01388888888889,33.3053,120.3173,34
3364,2,2018-08-25,11:50:13,05,MTP005,STP018,E,P,237.19,7.2225,39.0317,-33.717,34
3373,1,2018-08-26,05:02:40,11,MTP005,STP019,I,F,237.65,16.85638888888889,37.0713,-140.3181,34
3373,2,2018-08-26,05:32:10,11,MTP005,STP019,E,F,237.66,7.057777777777778,34.9712,65.5238,34
3376,1,2018-08-26,10:56:40,11,MTP005,STP019,I,F,237.8,16.803611111111113,38.2409,132.7847,34
3376,2,2018-08-26,11:26:15,12,MTP005,STP019,E,F,237.81,7.006388888888889,33.6112,-21.3634,34
3379,1,2018-08-26,16:50:34,12,MTP005,STP019,I,F,237.96,16.750833333333333,39.3615,45.918,34
3379,2,2018-08-26,17:20:14,12,MTP005,STP019,E,F,237.97,6.953888888888889,32.1781,-108.2457,34
3387,1,2018-08-27,08:34:24,04,MTP005,STP019,I,P,238.37,16.606944444444444,42.1962,174.2071,34
3387,2,2018-08-27,09:04:19,04,MTP005,STP019,E,P,238.38,6.816666666666666,28.2101,20.0753,34
3389,1,2018-08-27,12:30:21,07,MTP005,STP019,I,P,238.47,16.577222222222222,42.7386,116.3718,34
3389,2,2018-08-27,13:00:22,07,MTP005,STP019,E,P,238.49,6.786111111111111,27.2851,-37.7943,34
3393,1,2018-08-27,20:22:10,09,MTP005,STP019,I,F,238.68,16.50611111111111,43.9986,0.5545,34
3393,2,2018-08-27,20:52:23,09,MTP005,STP019,E,F,238.7,6.718333333333334,25.1721,-153.6153,34
3397,1,2018-08-28,04:14:05,10,MTP005,STP019,I,F,238.89,16.42888888888889,45.2992,-115.3844,34
3397,2,2018-08-28,04:44:29,10,MTP005,STP019,E,F,238.9,6.654722222222222,23.1289,90.6094,34
3399,1,2018-08-28,08:09:58,06,MTP005,STP019,I,F,238.99,16.394444444444446,45.8554,-173.2739,34
3399,2,2018-08-28,08:40:30,13,MTP005,STP019,E,F,239.01,6.620555555555556,22.0079,32.6943,34
3403,1,2018-08-28,16:01:48,05,MTP005,STP019,I,P,239.2,16.330555555555556,46.8363,71.0117,34
3403,2,2018-08-28,16:32:35,05,MTP005,STP019,E,P,239.21,6.560555555555555,19.9865,-83.0273,34
3405,1,2018-08-28,19:57:39,05,MTP005,STP019,I,P,239.3,16.29388888888889,47.3813,13.1007,34
3405,2,2018-08-28,20:28:35,11,MTP005,STP019,E,F,239.32,6.528611111111111,18.8979,-140.9023,34
3410,1,2018-08-29,05:47:27,11,MTP005,STP019,I,F,239.56,16.203611111111112,48.6652,-131.7016,34
3410,2,2018-08-29,06:18:42,11,MTP005,STP019,E,F,239.58,6.451388888888889,16.1983,74.4124,34
3412,1,2018-08-29,09:43:19,12,MTP005,STP019,I,F,239.67,16.171944444444446,49.089,170.456,34
3412,2,2018-08-29,10:14:43,12,MTP005,STP019,E,F,239.68,6.423333333333334,15.204,16.59,34
3415,1,2018-08-29,15:37:10,12,MTP005,STP019,I,F,239.82,16.12777777777778,49.6627,83.7332,34
3415,2,2018-08-29,16:08:48,04,MTP005,STP019,E,P,239.84,6.380277777777778,13.6608,-70.1722,34
3418,1,2018-08-29,21:30:55,04,MTP005,STP019,I,P,239.98,16.08111111111111,50.2514,-3.0057,34
3418,2,2018-08-29,22:02:47,07,MTP005,STP019,E,P,239.99,6.336111111111111,12.0609,-156.9313,34
3421,1,2018-08-30,03:24:50,07,MTP005,STP019,I,P,240.13,16.022777777777776,50.973,-89.9621,34
3421,2,2018-08-30,03:56:55,09,MTP005,STP019,E,F,240.15,6.292777777777777,10.4656,116.2876,34
3424,1,2018-08-30,09:18:32,09,MTP005,STP019,I,F,240.29,15.979722222222222,51.471,-176.6314,34
3424,2,2018-08-30,09:50:53,10,MTP005,STP019,E,F,240.3,6.2491666666666665,8.8643,29.5469,34
3427,1,2018-08-30,15:12:22,10,MTP005,STP019,I,F,240.44,15.935,51.9746,96.6389,34
3427,2,2018-08-30,15:44:57,06,MTP005,STP019,E,F,240.46,6.2091666666666665,7.3727,-57.1692,34
3429,1,2018-08-30,19:08:10,13,MTP005,STP019,I,F,240.55,15.899166666666666,52.3706,38.757,34
3429,2,2018-08-30,19:40:53,05,MTP005,STP019,E,P,240.56,6.181388888888889,6.3335,-114.9727,34
3433,1,2018-08-31,02:59:57,05,MTP005,STP019,I,P,240.75,15.839166666666667,53.0054,-76.8929,34
3433,2,2018-08-31,03:33:01,05,MTP005,STP019,E,P,240.77,6.124444444444444,4.2106,129.347,34
3435,1,2018-08-31,06:55:44,11,MTP005,STP019,I,F,240.86,15.808055555555557,53.3234,-134.7011,34
3435,2,2018-08-31,07:28:56,11,MTP005,STP019,E,F,240.87,6.098055555555555,3.2215,71.5749,34
3439,1,2018-08-31,14:47:26,11,MTP005,STP019,I,F,241.07,15.760277777777778,53.784,109.8589,34
3439,2,2018-08-31,15:20:59,12,MTP005,STP019,E,F,241.08,6.0475,1.3286,-43.9924,34
3441,1,2018-08-31,18:43:15,12,MTP005,STP019,I,F,241.17,15.721388888888889,54.1672,51.921,34
3441,2,2018-08-31,19:16:57,12,MTP005,STP019,E,F,241.18,6.019166666666667,0.2732,-101.8064,34
3445,1,2018-09-01,02:34:58,04,MTP005,STP019,I,P,241.38,15.668055555555554,54.6553,-63.6085,34
3445,2,2018-09-01,03:09:02,04,MTP005,STP019,E,P,241.39,5.963611111111112,-1.7938,142.5432,34
3448,1,2018-09-01,08:28:37,07,MTP005,STP019,I,P,241.53,15.625277777777779,55.0363,-150.2594,34
3448,2,2018-09-01,09:02:54,07,MTP005,STP019,E,P,241.55,5.924722222222223,-3.2388,55.8908,34
3459,1,2018-09-02,06:05:38,09,MTP005,STP020,I,F,242.1,15.481388888888889,56.2249,-107.8675,34
3459,2,2018-09-02,06:40:49,09,MTP005,STP020,E,F,242.12,5.782222222222222,-8.4225,98.0878,34
3461,1,2018-09-02,10:01:22,10,MTP005,STP020,I,F,242.21,15.463888888888889,56.3516,-165.463,34
3461,2,2018-09-02,10:36:43,10,MTP005,STP020,E,F,242.22,5.7575,-9.3,40.345,34
3464,1,2018-09-02,15:55:09,06,MTP005,STP020,I,F,242.36,15.428055555555554,56.6221,107.9556,34
3464,2,2018-09-02,16:30:41,13,MTP005,STP020,E,F,242.38,5.722777777777778,-10.5306,-46.2701,34
3470,1,2018-09-03,03:42:34,05,MTP005,STP020,I,P,242.67,15.355,57.1542,-65.1935,34
3470,2,2018-09-03,04:18:36,05,MTP005,STP020,E,P,242.69,5.642499999999999,-13.3086,140.3552,34
3473,1,2018-09-03,09:36:08,05,MTP005,STP020,I,P,242.83,15.32638888888889,57.3463,-151.6145,34
3473,2,2018-09-03,10:12:24,11,MTP005,STP020,E,F,242.84,5.605833333333333,-14.5537,53.7583,34
3476,1,2018-09-03,15:29:54,11,MTP005,STP020,I,F,242.98,15.293055555555556,57.5711,121.8481,34
3476,2,2018-09-03,16:06:21,11,MTP005,STP020,E,F,243.0,5.570277777777777,-15.7351,-32.8608,34
3478,1,2018-09-03,19:25:38,12,MTP005,STP020,I,F,243.09,15.272222222222224,57.7078,64.2047,34
3478,2,2018-09-03,20:02:16,12,MTP005,STP020,E,F,243.1,5.543333333333333,-16.6257,-90.6397,34
3482,1,2018-09-04,03:17:15,12,MTP005,STP020,I,F,243.3,15.236388888888888,57.9309,-51.0386,34
3482,2,2018-09-04,03:54:10,04,MTP005,STP020,E,P,243.31,5.4925,-18.2686,153.8265,34
3484,1,2018-09-04,07:13:02,04,MTP005,STP020,I,P,243.4,15.204166666666666,58.1471,-108.8634,34
3484,2,2018-09-04,07:50:04,07,MTP005,STP020,E,P,243.42,5.4655555555555555,-19.1226,96.0501,34
3488,1,2018-09-04,15:04:35,07,MTP005,STP020,I,P,243.61,15.1775,58.2932,136.0481,34
3488,2,2018-09-04,15:41:54,09,MTP005,STP020,E,F,243.62,5.418333333333334,-20.5952,-19.4162,34
3490,1,2018-09-04,19:00:21,09,MTP005,STP020,I,F,243.71,15.154722222222222,58.4327,78.3674,34
3490,2,2018-09-04,19:37:47,10,MTP005,STP020,E,F,243.73,5.3925,-21.3853,-77.1718,34
3492,1,2018-09-04,22:56:04,10,MTP005,STP020,I,F,243.81,15.140277777777778,58.5115,20.8223,34
3492,2,2018-09-04,23:33:39,06,MTP005,STP020,E,F,243.83,5.3675,-22.1371,-134.9111,34
3496,1,2018-09-05,06:47:45,13,MTP005,STP020,I,F,244.02,15.090555555555556,58.8103,-94.6377,34
3496,2,2018-09-05,07:25:33,05,MTP005,STP020,E,P,244.04,5.313611111111111,-23.7307,109.5115,34
3498,1,2018-09-05,10:43:24,05,MTP005,STP020,I,P,244.13,15.088055555555556,58.8029,-151.9899,34
3498,2,2018-09-05,11:21:21,05,MTP005,STP020,E,P,244.14,5.29,-24.4135,51.8079,34
3502,1,2018-09-05,18:34:59,11,MTP005,STP020,I,F,244.33,15.057500000000001,58.9608,92.8592,34
3502,2,2018-09-05,19:13:12,11,MTP005,STP020,E,F,244.35,5.24,-25.8261,-63.6997,34
3504,1,2018-09-05,22:30:43,11,MTP005,STP020,I,F,244.44,15.033888888888889,59.0966,35.1712,34
3504,2,2018-09-05,23:09:03,12,MTP005,STP020,E,F,244.45,5.213611111111112,-26.5526,-121.4547,34
3510,1,2018-09-06,10:18:03,12,MTP005,STP020,I,F,244.75,14.986666666666666,59.3343,-137.5652,34
3510,2,2018-09-06,10:56:41,12,MTP005,STP020,E,F,244.77,5.136111111111112,-28.6295,65.2814,34
3513,1,2018-09-06,16:11:45,04,MTP005,STP020,I,P,244.9,14.9725,59.3889,136.2025,34
3513,2,2018-09-06,16:50:36,04,MTP005,STP020,E,P,244.92,5.097222222222222,-29.6369,-21.379,34
3516,1,2018-09-06,22:05:20,07,MTP005,STP020,I,P,245.06,14.94138888888889,59.5518,49.7397,34
3516,2,2018-09-06,22:44:20,07,MTP005,STP020,E,P,245.08,5.057777777777778,-30.6323,-108.0012,34
3522,1,2018-09-07,09:52:37,09,MTP005,STP020,I,F,245.37,14.907777777777778,59.6902,-122.7805,34
3522,2,2018-09-07,10:31:56,09,MTP005,STP020,E,F,245.39,4.976666666666667,-32.5969,78.6912,34
3526,1,2018-09-07,18:23:44,10,MTP005,STP020,E,F,245.6,4.924722222222223,-33.801,-36.8331,34
3528,1,2018-09-07,22:19:35,10,MTP005,STP020,E,F,245.7,4.894444444444444,-34.4854,-94.6434,34
3532,1,2018-09-08,06:11:21,06,MTP005,STP020,E,F,245.91,4.838888888888889,-35.7053,149.7838,34
3534,1,2018-09-08,10:07:08,13,MTP005,STP020,E,F,246.01,4.810833333333333,-36.304,92.0195,34
3539,1,2018-09-08,19:16:39,05,MTP006,STP021,I,P,246.25,14.808333333333334,60.091,108.3369,34
3541,1,2018-09-08,23:12:20,05,MTP006,STP021,I,P,246.36,14.792222222222222,60.1616,50.7759,34
3545,1,2018-09-09,07:03:57,05,MTP006,STP021,I,P,246.57,14.773333333333333,60.2253,-64.2081,34
3547,1,2018-09-09,10:59:36,11,MTP006,STP021,I,F,246.67,14.7675,60.2372,-121.6075,34
3550,1,2018-09-09,17:33:52,11,MTP006,STP021,E,F,246.84,4.586111111111111,-40.6998,-10.2115,34
3553,1,2018-09-09,22:46:54,11,MTP006,STP021,I,F,246.98,14.732777777777779,60.3657,65.8561,34
3556,1,2018-09-10,05:21:21,12,MTP006,STP021,E,F,247.15,4.494722222222222,-42.3056,176.3543,34
3559,1,2018-09-10,10:34:08,12,MTP006,STP021,I,F,247.29,14.710555555555555,60.4243,-106.4847,34
3562,1,2018-09-10,17:08:46,12,MTP006,STP021,E,F,247.47,4.405,-43.7834,2.9582,34
3564,1,2018-09-10,21:04:36,04,MTP006,STP021,E,P,247.57,4.370277777777777,-44.3328,-54.9152,34
3576,1,2018-09-11,20:39:27,04,MTP006,STP021,E,P,248.19,4.176944444444445,-47.155,-41.9122,34
3578,1,2018-09-12,00:35:11,07,MTP006,STP021,E,P,248.3,4.144444444444445,-47.5956,-99.7331,34
3586,1,2018-09-12,16:18:22,09,MTP006,STP021,E,F,248.71,4.01,-49.3089,28.869,34
3588,1,2018-09-12,20:14:14,09,MTP006,STP021,E,F,248.82,3.9716666666666667,-49.7715,-29.0679,34
3592,1,2018-09-13,04:05:45,10,MTP006,STP021,E,F,249.03,3.902222222222222,-50.5765,-144.7838,34
3594,1,2018-09-13,08:01:38,10,MTP006,STP021,E,F,249.13,3.861111111111111,-51.0399,157.2311,34
3598,1,2018-09-13,15:53:06,06,MTP006,STP021,E,F,249.34,3.7913888888888887,-51.787,41.5258,34
3600,1,2018-09-13,19:48:58,13,MTP006,STP021,E,F,249.44,3.751388888888889,-52.2032,-16.4366,34
3603,1,2018-09-14,01:00:35,05,MTP006,STP021,I,P,249.58,14.580833333333333,60.6596,70.22,34
3608,1,2018-09-14,11:32:05,05,MTP006,STP021,E,P,249.86,3.5900000000000003,-53.7746,111.7769,34
3610,1,2018-09-14,15:27:46,05,MTP006,STP021,E,P,249.96,3.5552777777777775,-54.0891,53.9339,34
3614,1,2018-09-14,23:19:24,11,MTP006,STP021,E,F,250.17,3.468888888888889,-54.8491,-62.0624,34
3616,1,2018-09-15,03:15:07,11,MTP006,STP021,E,F,250.27,3.4316666666666666,-55.1592,-119.946,34
3618,1,2018-09-15,07:10:57,11,MTP006,STP021,E,F,250.38,3.3875,-55.5214,-177.9626,34
3625,1,2018-09-15,20:13:53,12,MTP006,STP022,I,F,250.72,14.561944444444444,60.5483,159.2435,34
3627,1,2018-09-16,00:09:34,12,MTP006,STP022,I,F,250.83,14.551111111111112,60.5848,101.7607,34
3631,1,2018-09-16,08:01:07,12,MTP006,STP022,I,F,251.03,14.559166666666668,60.5065,-12.7965,34
3633,1,2018-09-16,11:56:52,04,MTP006,STP022,I,P,251.14,14.545833333333333,60.5565,-70.331,34
3636,1,2018-09-16,18:32:48,04,MTP006,STP022,E,P,251.31,2.980277777777778,-58.4151,19.8956,34
3639,1,2018-09-16,23:44:06,07,MTP006,STP022,I,P,251.45,14.5475,60.4946,117.6971,34
3642,1,2018-09-17,06:20:03,07,MTP006,STP022,E,P,251.62,2.8302777777777774,-59.305,-154.3564,34
3645,1,2018-09-17,11:31:23,09,MTP006,STP022,I,F,251.76,14.544722222222221,60.4558,-54.3574,34
3648,1,2018-09-17,18:07:19,09,MTP006,STP022,E,F,251.94,2.6758333333333333,-60.1351,31.3216,34
3650,1,2018-09-17,22:03:06,10,MTP006,STP022,E,F,252.04,2.6175,-60.4301,-26.8954,34
3654,1,2018-09-18,05:54:31,10,MTP006,STP022,E,F,252.25,2.5141666666666667,-60.9209,-143.0941,34
3657,1,2018-09-18,11:05:52,06,MTP006,STP022,I,F,252.38,14.551111111111112,60.32,-38.2579,34
3661,1,2018-09-18,18:57:18,13,MTP006,STP022,I,F,252.59,14.5625,60.2279,-152.7405,34
3663,1,2018-09-18,22:53:04,05,MTP006,STP022,I,P,252.7,14.557777777777778,60.2355,149.8504,34
3666,1,2018-09-19,05:28:57,05,MTP006,STP022,E,P,252.87,2.17,-62.3396,-132.246,34
3671,1,2018-09-19,14:36:01,05,MTP006,STP022,I,P,253.11,14.55888888888889,60.1636,-79.4513,34
3673,1,2018-09-19,18:31:45,11,MTP006,STP022,I,F,253.22,14.572777777777777,60.0769,-136.5788,34
3677,1,2018-09-20,02:23:14,11,MTP006,STP022,I,F,253.42,14.565555555555557,60.082,108.65,34
3679,1,2018-09-20,06:18:59,11,MTP006,STP022,I,F,253.53,14.580277777777777,59.9898,51.5392,34
3681,1,2018-09-20,10:14:49,12,MTP006,STP022,I,F,253.63,14.581388888888888,59.967,-5.7945,34
3685,1,2018-09-20,18:06:16,12,MTP006,STP022,I,F,253.84,14.590277777777779,59.8889,-120.3158,34
3687,1,2018-09-20,22:02:04,12,MTP006,STP022,I,F,253.94,14.59388888888889,59.8551,-177.6089,34
3691,1,2018-09-21,05:53:29,04,MTP006,STP022,I,P,254.15,14.599166666666667,59.7967,67.8218,34
3693,1,2018-09-21,09:49:20,04,MTP006,STP022,I,P,254.25,14.607777777777777,59.7361,10.5928,34
3696,1,2018-09-21,16:24:51,07,MTP006,STP022,E,P,254.43,1.1780555555555556,-64.9079,72.9603,34
3699,1,2018-09-21,21:36:35,07,MTP006,STP022,I,P,254.57,14.6225,59.6117,-161.1866,34
3704,1,2018-09-22,08:07:44,09,MTP006,STP022,E,F,254.84,0.8855555555555555,-65.3184,-160.7299,34
3707,1,2018-09-22,17:15:17,09,MTP006,STP023,I,F,255.09,14.63861111111111,59.4508,-87.5992,34
3711,1,2018-09-22,21:11:07,10,MTP006,STP023,I,F,255.19,14.655555555555557,59.3428,-144.6962,34
3713,1,2018-09-23,01:06:53,10,MTP006,STP023,I,F,255.29,14.653333333333334,59.3415,157.93,34
3717,1,2018-09-23,08:58:20,06,MTP006,STP023,I,F,255.5,14.671944444444444,59.2104,43.5535,34
3721,1,2018-09-23,16:49:51,13,MTP006,STP023,I,F,255.71,14.675833333333333,59.1599,-71.0527,34
3724,1,2018-09-23,23:24:52,05,MTP006,STP023,E,P,255.88,0.11166666666666668,-65.7702,-25.5841,34
3727,1,2018-09-24,04:37:08,05,MTP006,STP023,I,P,256.02,14.695833333333333,59.0057,117.2391,34
3729,1,2018-09-24,08:32:54,05,MTP006,STP023,I,P,256.12,14.716111111111111,58.8778,60.2016,34
3733,1,2018-09-24,16:24:27,11,MTP006,STP023,I,F,256.33,14.721388888888889,58.8205,-54.3946,34
3735,1,2018-09-24,20:20:13,11,MTP006,STP023,I,F,256.44,14.743611111111111,58.6771,-111.3954,34
3739,1,2018-09-25,04:11:42,11,MTP006,STP023,I,F,256.64,14.744166666666667,58.6483,133.9489,34
3741,1,2018-09-25,08:07:27,12,MTP006,STP023,I,F,256.75,14.766111111111112,58.506,76.945,34
3743,1,2018-09-25,12:03:18,12,MTP006,STP023,I,F,256.85,14.776111111111112,58.4338,19.7373,34
3747,1,2018-09-25,19:54:44,12,MTP006,STP023,I,F,257.06,14.793611111111112,58.3024,-94.6495,34
3749,1,2018-09-25,23:50:36,04,MTP006,STP023,I,P,257.16,14.81027777777778,58.1887,-151.7595,34
3753,1,2018-09-26,07:42:03,04,MTP006,STP023,I,P,257.37,14.827777777777778,58.0566,93.8455,34
3755,1,2018-09-26,11:37:54,07,MTP006,STP023,I,P,257.47,14.842500000000001,57.9529,36.7111,34
3758,1,2018-09-26,18:11:24,07,MTP006,STP023,E,P,257.65,22.742222222222225,-64.3793,59.5101,34
3763,1,2018-09-27,03:20:57,09,MTP006,STP023,I,F,257.89,14.879444444444445,57.6706,167.9219,34
3765,1,2018-09-27,07:16:40,09,MTP006,STP023,I,F,257.99,14.894444444444444,57.5622,110.8241,34
3770,1,2018-09-27,17:06:08,10,MTP006,STP023,I,F,258.25,14.92,57.3671,-32.1507,34
3770,2,2018-09-27,17:45:22,10,MTP006,STP023,E,F,258.27,22.26833333333333,-63.1524,68.5331,34
3772,1,2018-09-27,21:01:55,06,MTP006,STP023,I,F,258.36,14.95,57.1567,-89.0399,34
3772,2,2018-09-27,21:40:59,13,MTP006,STP023,E,F,258.37,22.19472222222222,-62.9195,10.129,34
3775,1,2018-09-28,02:55:38,05,MTP006,STP023,I,P,258.51,14.964444444444444,57.0416,-174.844,34
3775,2,2018-09-28,03:34:32,05,MTP006,STP023,E,P,258.53,22.0675,-62.4905,-77.7584,34
3778,1,2018-09-28,08:49:14,05,MTP006,STP023,I,P,258.67,14.990277777777777,56.8492,99.5495,34
3778,2,2018-09-28,09:27:57,11,MTP006,STP023,E,F,258.68,21.96972222222222,-62.1309,-165.1738,34
3782,1,2018-09-28,16:40:53,11,MTP006,STP023,I,F,258.87,15.013333333333334,56.6673,-14.8037,34
3782,2,2018-09-28,17:19:17,11,MTP006,STP023,E,F,258.89,21.81722222222222,-61.5253,77.9138,34
3786,1,2018-09-29,00:32:28,12,MTP006,STP023,I,F,259.08,15.057500000000001,56.3339,-128.8273,34
3786,2,2018-09-29,01:10:33,12,MTP006,STP023,E,F,259.1,21.665277777777778,-60.8593,-38.974,34
3788,1,2018-09-29,04:28:14,12,MTP006,STP023,I,F,259.19,15.061666666666667,56.293,173.898,34
3788,2,2018-09-29,05:06:11,04,MTP006,STP023,E,P,259.2,21.589166666666664,-60.501,-97.418,34
3790,1,2018-09-29,08:23:58,04,MTP006,STP023,I,P,259.29,15.081666666666667,56.1374,116.8701,34
3790,2,2018-09-29,09:01:46,07,MTP006,STP023,E,P,259.31,21.52722222222222,-60.1936,-155.6429,34
3797,1,2018-09-29,22:09:16,07,MTP006,STP024,I,P,259.65,15.151388888888889,55.5825,-82.7928,34
3797,2,2018-09-29,22:46:27,09,MTP006,STP024,E,F,259.67,21.283611111111114,-58.8698,0.1486,34
3800,1,2018-09-30,04:03:01,09,MTP006,STP024,I,F,259.81,15.1775,55.3667,-168.4303,34
3800,2,2018-09-30,04:39:54,10,MTP006,STP024,E,F,259.82,21.168055555555558,-58.1713,-87.5382,34
3803,1,2018-09-30,09:56:38,10,MTP006,STP024,I,F,259.96,15.210833333333333,55.0898,106.0754,34
3803,2,2018-09-30,10:33:14,06,MTP006,STP024,E,F,259.98,21.076666666666668,-57.578,-174.8396,34
3806,1,2018-09-30,15:50:26,13,MTP006,STP024,I,F,260.12,15.239444444444443,54.8482,20.4621,34
3806,2,2018-09-30,16:26:42,05,MTP006,STP024,E,P,260.14,20.97694444444444,-56.8932,97.7024,34
3808,1,2018-09-30,19:46:06,05,MTP006,STP024,I,P,260.22,15.250277777777777,54.7498,-36.6886,34
3808,2,2018-09-30,20:22:12,05,MTP006,STP024,E,P,260.24,20.91361111111111,-56.4351,39.4814,34
3812,1,2018-10-01,03:37:49,11,MTP006,STP024,I,F,260.43,15.304444444444446,54.285,-150.5949,34
3812,2,2018-10-01,04:13:27,11,MTP006,STP024,E,F,260.45,20.77361111111111,-55.3596,-77.222,34
3814,1,2018-10-01,07:33:32,11,MTP006,STP024,I,F,260.53,15.316666666666666,54.1728,152.2624,34
3814,2,2018-10-01,08:08:59,12,MTP006,STP024,E,F,260.55,20.716944444444444,-54.8948,-135.3518,34
3818,1,2018-10-01,15:25:16,12,MTP006,STP024,I,F,260.74,15.371944444444445,53.6769,38.3756,34
3818,2,2018-10-01,16:00:11,12,MTP006,STP024,E,F,260.76,20.58972222222222,-53.7926,108.1454,34
3820,1,2018-10-01,19:20:59,04,MTP006,STP024,I,P,260.85,15.385833333333332,53.5456,-18.7423,34
3820,2,2018-10-01,19:55:40,04,MTP006,STP024,E,P,260.86,20.52722222222222,-53.22,49.9433,34
3822,1,2018-10-01,23:16:50,07,MTP006,STP024,I,P,260.95,15.4275,53.1639,-75.4745,34
3822,2,2018-10-01,23:51:13,07,MTP006,STP024,E,P,260.96,20.465833333333332,-52.6339,-8.2616,34
3826,1,2018-10-02,07:08:26,09,MTP006,STP024,I,F,261.16,15.462499999999999,52.8255,170.3597,34
3826,2,2018-10-02,07:42:17,09,MTP006,STP024,E,F,261.17,20.333055555555557,-51.2876,-124.8116,34
3828,1,2018-10-02,11:04:16,10,MTP006,STP024,I,F,261.26,15.5,52.4657,113.5712,34
3828,2,2018-10-02,11:37:47,10,MTP006,STP024,E,F,261.28,20.27138888888889,-50.6218,176.9901,34
3833,1,2018-10-02,20:53:49,06,MTP006,STP024,I,F,261.52,15.561111111111112,51.8518,-28.8884,34
3833,2,2018-10-02,21:26:38,13,MTP006,STP024,E,F,261.53,20.131666666666668,-49.0131,31.6923,34
3836,1,2018-10-03,02:47:43,05,MTP006,STP024,I,P,261.68,15.621944444444445,51.2281,-114.0414,34
3836,2,2018-10-03,03:19:56,05,MTP006,STP024,E,P,261.69,20.030277777777776,-47.7575,-55.7523,34
3838,1,2018-10-03,06:43:31,05,MTP006,STP024,I,P,261.78,15.639722222222222,51.0359,-171.1188,34
3838,2,2018-10-03,07:15:27,11,MTP006,STP024,E,F,261.79,19.974999999999998,-47.0394,-113.8505,34
3842,1,2018-10-03,14:35:16,11,MTP006,STP024,I,F,261.99,15.711666666666666,50.2567,75.2335,34
3842,2,2018-10-03,15:06:26,11,MTP006,STP024,E,F,262.0,19.8575,-45.42,129.8437,34
3844,1,2018-10-03,18:31:08,12,MTP006,STP024,I,F,262.09,15.736944444444443,49.9716,18.254,34
3844,2,2018-10-03,19:01:56,12,MTP006,STP024,E,F,262.1,19.802222222222223,-44.6188,71.7461,34
3848,1,2018-10-04,02:22:55,12,MTP006,STP024,I,F,262.3,15.820555555555556,49.0084,-95.2238,34
3848,2,2018-10-04,02:52:49,04,MTP006,STP024,E,P,262.31,19.68027777777778,-42.7486,-44.5971,34
3850,1,2018-10-04,06:18:46,04,MTP006,STP024,I,P,262.4,15.845833333333333,48.7045,-152.2035,34
3850,2,2018-10-04,06:48:15,07,MTP006,STP024,E,P,262.41,19.61916666666667,-41.7519,-102.7721,34
3852,1,2018-10-04,10:14:36,07,MTP006,STP024,I,P,262.5,15.883055555555556,48.2505,151.0063,34
3852,2,2018-10-04,10:43:37,09,MTP006,STP024,E,F,262.52,19.563055555555557,-40.805,-160.8547,34
3857,1,2018-10-04,20:04:23,09,MTP006,STP024,I,F,262.76,15.970555555555556,47.1441,8.8863,34
3857,2,2018-10-04,20:32:13,10,MTP006,STP024,E,F,262.78,19.422222222222224,-38.286,53.8918,34
3860,1,2018-10-05,01:58:24,10,MTP006,STP024,I,F,262.92,16.059166666666666,45.9679,-75.879,34
3860,2,2018-10-05,02:25:15,06,MTP006,STP024,E,F,262.93,19.323888888888888,-36.3941,-33.438,34
3863,1,2018-10-05,07:52:15,13,MTP006,STP024,I,F,263.07,16.10611111111111,45.3106,-161.2259,34
3863,2,2018-10-05,08:18:19,05,MTP006,STP024,E,P,263.09,19.236666666666668,-34.6204,-120.6083,34
3866,1,2018-10-05,13:46:15,05,MTP006,STP024,I,P,263.23,16.189444444444444,44.1076,113.9334,34
3866,2,2018-10-05,14:11:17,05,MTP006,STP024,E,P,263.24,19.143055555555556,-32.6121,152.1469,34
3868,1,2018-10-05,17:42:16,11,MTP006,STP024,I,F,263.33,16.228888888888886,43.5133,57.1289,34
3868,2,2018-10-05,18:06:42,11,MTP006,STP024,E,F,263.34,19.0875,-31.3751,94.0651,34
3875,1,2018-10-06,07:28:22,11,MTP006,STP024,I,F,263.7,16.414166666666667,40.5306,-140.9916,34
3875,2,2018-10-06,07:50:01,12,MTP006,STP024,E,F,263.71,18.85527777777778,-25.7736,-109.6421,34
3877,1,2018-10-06,11:24:27,12,MTP006,STP024,I,F,263.8,16.484166666666667,39.3159,162.6406,34
3877,2,2018-10-06,11:45:08,12,MTP006,STP024,E,F,263.81,18.78666666666667,-23.9921,-167.8496,34
3882,1,2018-10-06,21:14:46,04,MTP007,STP025,I,P,264.06,16.627222222222223,36.6607,21.2295,34
3882,2,2018-10-06,21:33:02,04,MTP007,STP025,E,P,264.07,18.613611111111112,-19.251,46.5837,34
3889,1,2018-10-07,11:15:04,07,MTP007,STP025,E,P,264.43,18.294444444444448,-9.7179,-158.1182,34
4075,1,2018-10-22,15:36:37,12,MTP007,STP027,I,F,273.98,5.7475000000000005,-8.4018,97.1206,34
4078,1,2018-10-22,21:43:33,12,MTP007,STP027,E,F,274.14,7.156666666666667,32.1219,29.0188,34
4081,1,2018-10-23,03:21:13,04,MTP007,STP027,I,P,274.29,5.474722222222223,-16.6727,-78.3286,34
4084,1,2018-10-23,09:13:47,04,MTP007,STP027,I,P,274.44,5.3613888888888885,-19.9161,-165.7714,34
4084,2,2018-10-23,09:32:21,06,MTP007,STP027,E,F,274.45,7.3875,36.8537,-139.8957,34
4087,1,2018-10-23,15:06:23,11,MTP007,STP027,I,F,274.59,5.239166666666667,-23.2489,106.646,34
4087,2,2018-10-23,15:26:47,12,MTP007,STP027,E,F,274.6,7.513055555555556,39.1683,135.7913,34
4090,1,2018-10-23,20:59:13,12,MTP007,STP027,I,F,274.75,5.146944444444445,-25.6573,19.453,34
4090,2,2018-10-23,21:20:48,04,MTP007,STP027,E,P,274.76,7.5811111111111105,40.3546,50.7191,34
4092,1,2018-10-24,00:54:29,04,MTP007,STP027,I,P,274.85,5.080277777777778,-27.3257,-38.7611,34
4092,2,2018-10-24,01:16:57,06,MTP007,STP027,E,F,274.86,7.6436111111111105,41.3992,-5.7752,34
4096,1,2018-10-24,08:44:57,11,MTP007,STP027,I,F,275.05,4.953888888888889,-30.347,-155.0716,34
4096,2,2018-10-24,09:08:56,12,MTP007,STP027,E,F,275.06,7.745277777777778,43.017,-119.0333,34
4098,1,2018-10-24,12:40:18,12,MTP007,STP027,I,F,275.16,4.884444444444444,-31.9265,146.65,34
4098,2,2018-10-24,13:05:03,04,MTP007,STP027,E,P,275.17,7.801111111111111,43.8592,-175.6185,34
4102,1,2018-10-24,20:30:55,04,MTP007,STP027,I,P,275.36,4.7652777777777775,-34.495,30.4084,34
4102,2,2018-10-24,20:56:56,06,MTP007,STP027,E,F,275.37,7.893055555555555,45.1914,70.998,34
4104,1,2018-10-25,00:26:20,11,MTP007,STP027,I,F,275.46,4.702500000000001,-35.7732,-27.7812,34
4104,2,2018-10-25,00:52:59,12,MTP007,STP027,E,F,275.47,7.938888888888889,45.8259,14.2812,34
4106,1,2018-10-25,04:21:39,12,MTP007,STP027,I,F,275.57,4.642222222222221,-36.9621,-85.9145,34
4106,2,2018-10-25,04:48:54,04,MTP007,STP027,E,P,275.58,7.990555555555556,46.52,-42.3208,34
4110,1,2018-10-25,12:12:27,04,MTP007,STP027,I,P,275.77,4.520555555555555,-39.2339,157.7624,34
4110,2,2018-10-25,12:40:44,06,MTP007,STP027,E,F,275.78,8.061111111111112,47.4373,-156.0095,34
4112,1,2018-10-25,16:07:53,11,MTP007,STP027,I,F,275.87,4.465833333333333,-40.2064,99.6825,34
4112,2,2018-10-25,16:36:42,12,MTP007,STP027,E,F,275.88,8.117777777777778,48.1422,147.4557,34
4116,1,2018-10-25,23:58:48,12,MTP007,STP027,I,F,276.08,4.351666666666667,-42.127,-16.5555,34
4116,2,2018-10-26,00:28:29,04,MTP007,STP027,E,P,276.09,8.176666666666666,48.8545,33.6053,34
4118,1,2018-10-26,03:54:13,04,MTP007,STP027,I,P,276.18,4.2908333333333335,-43.0955,-74.7202,34
4118,2,2018-10-26,04:24:24,06,MTP007,STP027,E,F,276.19,8.22638888888889,49.4314,-23.0233,34
4121,1,2018-10-26,09:47:24,11,MTP007,STP027,I,F,276.33,4.2075000000000005,-44.3632,-161.8616,34
4121,2,2018-10-26,10:18:07,12,MTP007,STP027,E,F,276.34,8.26,49.8155,-108.5424,34
4124,1,2018-10-26,15:40:39,12,MTP007,STP027,I,F,276.48,4.109444444444444,-45.7722,110.7579,34
4124,2,2018-10-26,16:12:02,04,MTP007,STP027,E,P,276.5,8.325833333333334,50.5371,166.3722,34
4127,1,2018-10-26,21:33:51,04,MTP007,STP027,I,P,276.64,4.025555555555555,-46.914,23.6013,34
4127,2,2018-10-26,22:05:44,06,MTP007,STP027,E,F,276.65,8.36,50.9079,80.8687,34
4130,1,2018-10-27,03:27:11,11,MTP007,STP027,I,F,276.79,3.9400000000000004,-48.0151,-63.6091,34
4130,2,2018-10-27,03:59:34,12,MTP007,STP027,E,F,276.8,8.411666666666667,51.4449,-4.4109,34
4133,1,2018-10-27,09:20:22,12,MTP007,STP027,I,F,276.94,3.8508333333333336,-49.1015,-150.8411,34
4133,2,2018-10-27,09:53:14,04,MTP007,STP027,E,P,276.96,8.446388888888889,51.7998,-89.9027,34
4138,1,2018-10-27,19:09:10,05,MTP007,STP028,I,P,277.2,3.693611111111111,-50.8759,63.6032,34
4138,2,2018-10-27,19:42:52,05,MTP007,STP028,E,P,277.21,8.529166666666667,52.6099,127.9439,34
4142,1,2018-10-28,03:00:22,05,MTP007,STP028,I,P,277.4,3.574444444444444,-52.107,-52.7769,34
4142,2,2018-10-28,03:34:37,11,MTP007,STP028,E,F,277.42,8.580833333333333,53.0979,13.9876,34
4144,1,2018-10-28,06:55:51,11,MTP007,STP028,I,F,277.51,3.5155555555555558,-52.6845,-110.9308,34
4144,2,2018-10-28,07:30:22,11,MTP007,STP028,E,F,277.52,8.607222222222221,53.3431,-42.9477,34
4148,1,2018-10-28,14:47:03,12,MTP007,STP028,I,F,277.71,3.3833333333333333,-53.9026,132.4895,34
4148,2,2018-10-28,15:22:04,12,MTP007,STP028,E,F,277.72,8.653055555555556,53.759,-156.9777,34
4150,1,2018-10-28,18:42:32,12,MTP007,STP028,I,F,277.81,3.3191666666666664,-54.4566,74.2632,34
4150,2,2018-10-28,19:17:50,04,MTP007,STP028,E,P,277.83,8.68361111111111,54.0267,146.1425,34
4152,1,2018-10-28,22:38:08,04,MTP007,STP028,I,P,277.91,3.2580555555555555,-54.9671,16.0475,34
4152,2,2018-10-28,23:13:38,07,MTP007,STP028,E,P,277.93,8.6925,54.1114,88.9326,34
4156,1,2018-10-29,06:29:19,07,MTP007,STP028,I,P,278.12,3.1341666666666668,-55.9423,-100.3999,34
4156,2,2018-10-29,07:05:16,09,MTP007,STP028,E,F,278.13,8.747777777777777,54.5839,-24.9404,34
4158,1,2018-10-29,10:24:52,09,MTP007,STP028,I,F,278.22,3.0672222222222225,-56.4403,-158.6952,34
4158,2,2018-10-29,11:01:01,10,MTP007,STP028,E,F,278.23,8.754166666666666,54.6427,-82.1812,34
4162,1,2018-10-29,18:16:06,10,MTP007,STP028,I,F,278.42,2.9280555555555554,-57.4074,84.617,34
4162,2,2018-10-29,18:52:43,06,MTP007,STP028,E,F,278.44,8.815833333333334,55.1485,164.0283,34
4164,1,2018-10-29,22:11:40,13,MTP007,STP028,I,F,278.52,2.861666666666667,-57.8414,26.3277,34
4164,2,2018-10-29,22:48:28,05,MTP007,STP028,E,P,278.54,8.822222222222223,55.2077,106.7917,34
4167,1,2018-10-30,04:05:10,05,MTP007,STP028,I,P,278.68,2.761388888888889,-58.4633,-61.1443,34
4167,2,2018-10-30,04:42:15,05,MTP007,STP028,E,P,278.69,8.858611111111111,55.4989,21.2969,34
4170,1,2018-10-30,09:58:31,11,MTP007,STP028,I,F,278.83,2.6669444444444443,-59.0145,-148.4932,34
4170,2,2018-10-30,10:35:49,11,MTP007,STP028,E,F,278.85,8.874166666666667,55.6284,-64.459,34
4174,1,2018-10-30,17:49:49,11,MTP007,STP028,I,F,279.03,2.521111111111111,-59.8042,94.6971,34
4174,2,2018-10-30,18:27:29,12,MTP007,STP028,E,F,279.05,8.925277777777778,56.0226,-178.4023,34
4178,1,2018-10-31,01:41:05,12,MTP007,STP028,I,F,279.24,2.38,-60.5032,-22.0315,34
4178,2,2018-10-31,02:19:03,12,MTP007,STP028,E,F,279.25,8.944722222222222,56.1814,67.2048,34
4180,1,2018-10-31,05:36:40,04,MTP007,STP028,I,P,279.34,2.304444444444444,-60.8518,-80.4627,34
4180,2,2018-10-31,06:14:51,04,MTP007,STP028,E,P,279.36,8.975,56.4057,10.3111,34
4182,1,2018-10-31,09:32:15,07,MTP007,STP028,I,P,279.44,2.24,-61.1367,-138.7202,34
4182,2,2018-10-31,10:10:33,07,MTP007,STP028,E,P,279.46,8.981666666666667,56.4612,-46.9121,34
4186,1,2018-10-31,17:23:37,09,MTP007,STP028,I,F,279.64,2.080277777777778,-61.7915,104.248,34
4186,2,2018-10-31,18:02:14,09,MTP007,STP028,E,F,279.66,9.022777777777778,56.7654,-161.0038,34
4188,1,2018-10-31,21:19:08,10,MTP007,STP028,I,F,279.75,2.0036111111111112,-62.0826,45.8178,34
4188,2,2018-10-31,21:57:54,10,MTP007,STP028,E,F,279.76,9.030277777777778,56.8245,141.79,34
4192,1,2018-11-01,05:10:32,06,MTP007,STP028,I,F,279.95,1.8552777777777778,-62.605,-71.0483,34
4192,2,2018-11-01,05:49:35,13,MTP007,STP028,E,F,279.97,9.067777777777778,57.0953,27.6387,34
4194,1,2018-11-01,09:06:07,05,MTP007,STP028,I,P,280.05,1.7922222222222222,-62.8128,-129.2903,34
4194,2,2018-11-01,09:45:16,05,MTP007,STP028,E,P,280.07,9.077222222222222,57.1678,-29.5366,34
4198,1,2018-11-01,17:36:52,05,MTP007,STP028,E,P,280.27,9.105,57.3688,-143.8172,34
4203,1,2018-11-02,02:46:37,11,MTP007,STP028,I,F,280.51,1.432777777777778,-63.8243,-32.5977,34
4205,1,2018-11-02,06:42:15,11,MTP007,STP028,I,F,280.61,1.3572222222222223,-64.0041,-91.0368,34
4209,1,2018-11-02,14:33:34,11,MTP007,STP028,I,F,280.81,1.1894444444444445,-64.3637,151.8212,34
4211,1,2018-11-02,18:29:18,12,MTP007,STP028,I,F,280.91,1.1205555555555555,-64.4985,93.4563,34
4214,1,2018-11-03,01:02:57,12,MTP007,STP028,E,F,281.08,9.189444444444444,57.9852,118.7561,34
4217,1,2018-11-03,06:16:17,12,MTP007,STP028,I,F,281.22,0.8780555555555556,-64.9024,-82.1209,34
4223,1,2018-11-03,18:03:19,04,MTP008,STP029,I,P,281.52,0.6358333333333333,-65.2094,102.293,34
4225,1,2018-11-03,21:58:55,05,MTP008,STP029,I,P,281.63,0.5625,-65.2852,43.8938,34
4229,1,2018-11-04,05:50:22,06,MTP008,STP029,I,P,281.83,0.3983333333333334,-65.4223,-73.226,34
4231,1,2018-11-04,09:45:59,12,MTP008,STP029,I,P,281.93,0.3288888888888889,-65.4697,-131.5736,34
4234,1,2018-11-04,16:20:36,11,MTP008,STP029,E,P,282.1,9.286111111111111,58.6706,-93.1821,34
4237,1,2018-11-04,21:33:03,04,MTP008,STP029,I,P,282.23,0.08166666666666667,-65.5746,52.7582,34
4240,1,2018-11-05,04:07:53,05,MTP008,STP029,E,P,282.4,9.308611111111112,58.8344,95.1381,34
4243,1,2018-11-05,09:20:08,06,MTP008,STP029,I,P,282.54,23.84611111111111,-65.5934,-122.7432,34
4246,1,2018-11-05,15:55:06,12,MTP008,STP029,E,P,282.71,9.328333333333333,58.9811,-76.5678,34
4248,1,2018-11-05,19:50:55,11,MTP008,STP029,E,P,282.81,9.345555555555556,59.0895,-133.657,34
4252,1,2018-11-06,03:42:25,04,MTP008,STP029,E,P,283.01,9.350833333333332,59.1427,111.7464,34
4254,1,2018-11-06,07:38:13,05,MTP008,STP029,E,P,283.11,9.366388888888888,59.2411,54.6373,34
4258,1,2018-11-06,15:29:38,06,MTP008,STP029,E,P,283.32,9.365555555555556,59.2616,-60.0264,34
4262,1,2018-11-06,23:21:08,12,MTP008,STP029,E,P,283.52,9.389999999999999,59.4191,-174.331,34
4264,1,2018-11-07,03:16:55,11,MTP008,STP029,E,P,283.62,9.3825,59.3917,128.2127,34
4268,1,2018-11-07,11:08:25,04,MTP008,STP029,E,P,283.82,9.405277777777778,59.5382,13.8759,34
4270,1,2018-11-07,15:04:10,05,MTP008,STP029,E,P,283.92,9.397777777777778,59.5112,-43.57,34
4274,1,2018-11-07,22:55:42,06,MTP008,STP029,E,P,284.12,9.419166666666666,59.6512,-157.9285,34
4276,1,2018-11-08,02:51:25,12,MTP008,STP029,E,P,284.23,9.409444444444444,59.614,144.599,34
4278,1,2018-11-08,06:47:17,11,MTP008,STP029,E,P,284.33,9.419722222222221,59.6808,87.3863,34
4282,1,2018-11-08,14:38:40,04,MTP008,STP029,E,P,284.53,9.423055555555555,59.725,-27.2087,34
4284,1,2018-11-08,18:34:29,05,MTP008,STP029,E,P,284.63,9.426944444444445,59.7602,-84.4987,34
4288,1,2018-11-09,02:25:54,06,MTP008,STP029,E,P,284.83,9.4325,59.8156,160.9291,34
4290,1,2018-11-09,06:21:45,12,MTP008,STP029,E,P,284.93,9.434722222222222,59.8421,103.6041,34
4293,1,2018-11-09,11:33:00,11,MTP008,STP029,I,P,285.07,22.061944444444446,-62.8919,-142.6914,34
4296,1,2018-11-09,18:08:57,04,MTP008,STP029,E,P,285.24,9.440277777777778,59.9133,-68.3126,34
4299,1,2018-11-09,23:20:14,05,MTP008,STP029,I,P,285.37,21.878333333333334,-62.2721,42.5539,34
4302,1,2018-11-10,05:56:13,06,MTP008,STP029,E,P,285.54,9.445,59.9801,119.745,34
4305,1,2018-11-10,11:07:27,12,MTP008,STP029,I,P,285.67,21.702222222222222,-61.5984,-132.0917,34
4310,1,2018-11-10,21:39:13,04,MTP008,STP030,E,P,285.94,9.458888888888888,60.1101,-109.3938,34
4314,1,2018-11-11,05:30:41,05,MTP008,STP030,E,P,286.14,9.450277777777776,60.0961,135.8125,34
4316,1,2018-11-11,09:26:29,06,MTP008,STP030,E,P,286.24,9.460555555555555,60.1634,78.6165,34
4320,1,2018-11-11,17:17:54,12,MTP008,STP030,E,P,286.44,9.451944444444443,60.1501,-36.1659,34
4322,1,2018-11-11,21:13:41,11,MTP008,STP030,E,P,286.55,9.458055555555555,60.1961,-93.4203,34
4324,1,2018-11-12,01:09:22,04,MTP008,STP030,E,P,286.65,9.463888888888889,60.2418,-150.6511,34
4328,1,2018-11-12,09:00:57,05,MTP008,STP030,E,P,286.85,9.456388888888888,60.2341,94.5386,34
4330,1,2018-11-12,12:56:38,06,MTP008,STP030,E,P,286.95,9.46111111111111,60.2748,37.2911,34
4334,1,2018-11-12,20:48:11,12,MTP008,STP030,E,P,287.15,9.45,60.2498,-77.5628,34
4336,1,2018-11-13,00:43:52,11,MTP008,STP030,E,P,287.25,9.458888888888888,60.3103,-134.7512,34
4339,1,2018-11-13,05:55:15,04,MTP008,STP030,I,P,287.38,20.82777777777778,-56.8305,-39.9497,34
4342,1,2018-11-13,12:31:09,05,MTP008,STP030,E,P,287.55,9.45361111111111,60.3324,53.1494,34
4345,1,2018-11-13,17:42:30,06,MTP008,STP030,I,P,287.68,20.694444444444446,-55.8381,146.0357,34
4348,1,2018-11-14,00:18:23,12,MTP008,STP030,E,P,287.85,9.446111111111112,60.3436,-118.9719,34
4351,1,2018-11-14,05:29:50,11,MTP008,STP030,I,P,287.99,20.567777777777778,-54.8157,-27.8974,34
4355,1,2018-11-14,13:21:22,04,MTP008,STP030,I,P,288.19,20.489722222222223,-54.1447,-143.7508,34
4358,1,2018-11-14,19:57:07,05,MTP008,STP030,E,P,288.35,9.421944444444444,60.3034,-46.0172,34
4361,1,2018-11-15,01:08:43,06,MTP008,STP030,I,P,288.49,20.370555555555555,-53.0489,42.4218,34
4364,1,2018-11-15,07:44:26,12,MTP008,STP030,E,P,288.66,9.405833333333334,60.2708,141.7099,34
4367,1,2018-11-15,12:56:04,11,MTP008,STP030,I,P,288.79,20.253888888888888,-51.8888,-131.368,34
4369,1,2018-11-15,16:51:50,04,MTP008,STP030,I,P,288.89,20.21333333333333,-51.4644,170.6854,34
4373,1,2018-11-16,00:43:27,05,MTP008,STP030,I,P,289.09,20.143333333333334,-50.7086,54.9314,34
4375,1,2018-11-16,04:39:11,06,MTP008,STP030,I,P,289.19,20.104444444444447,-50.2702,-2.9853,34
4379,1,2018-11-16,12:30:50,12,MTP008,STP030,I,P,289.39,20.032777777777778,-49.4335,-118.7757,34
4381,1,2018-11-16,16:26:34,11,MTP008,STP030,I,P,289.49,19.998333333333335,-49.0161,-176.6279,34
4384,1,2018-11-16,23:01:56,04,MTP008,STP030,E,P,289.66,9.364444444444445,60.2297,-72.295,34
4387,1,2018-11-17,04:13:57,05,MTP008,STP030,I,P,289.79,19.896666666666665,-47.733,9.8009,34
4390,1,2018-11-17,10:49:12,06,MTP008,STP030,E,P,289.96,9.347777777777779,60.1952,115.4353,34
4395,1,2018-11-17,19:57:14,04,MTP008,STP031,I,P,290.19,19.75861111111111,-45.8354,138.3075,34
4397,1,2018-11-17,23:53:06,05,MTP008,STP031,I,P,290.29,19.728888888888886,-45.4068,80.4953,34
4400,1,2018-11-18,06:27:51,06,MTP008,STP031,E,P,290.46,9.307222222222222,60.0684,-171.8445,34
4403,1,2018-11-18,11:40:30,12,MTP008,STP031,I,P,290.59,19.634166666666665,-43.9714,-92.9795,34
4406,1,2018-11-18,18:15:06,11,MTP008,STP031,E,P,290.76,9.283055555555556,59.9919,15.7765,34
4409,1,2018-11-18,23:27:57,04,MTP008,STP031,I,P,290.89,19.54138888888889,-42.4754,93.5619,34
4412,1,2018-11-19,06:02:18,05,MTP008,STP031,E,P,291.06,9.266111111111112,59.9549,-156.4826,34
4414,1,2018-11-19,09:58:09,06,MTP008,STP031,E,P,291.16,9.250277777777777,59.8848,145.9185,34
4418,1,2018-11-19,17:49:36,12,MTP008,STP031,E,P,291.36,9.231388888888889,59.8163,30.9681,34
4420,1,2018-11-19,21:45:22,11,MTP008,STP031,E,P,291.46,9.224444444444444,59.7956,-26.4798,34
4425,1,2018-11-20,06:54:29,04,MTP008,STP031,I,P,291.69,19.30666666666667,-38.2359,-8.8038,34
4427,1,2018-11-20,10:50:26,05,MTP008,STP031,I,P,291.79,19.275277777777777,-37.616,-66.6582,34
4430,1,2018-11-20,17:24:09,06,MTP008,STP031,E,P,291.95,9.168888888888889,59.5694,45.981,34
4434,1,2018-11-21,01:15:42,12,MTP008,STP031,E,P,292.15,9.1525,59.5113,-68.9565,34
4437,1,2018-11-21,06:29:31,11,MTP008,STP031,I,P,292.29,19.140277777777776,-34.8016,4.5359,34
4442,1,2018-11-21,16:58:42,04,MTP008,STP031,E,P,292.55,9.103333333333333,59.2937,60.9487,34
4444,1,2018-11-21,20:15:03,05,MTP008,STP031,I,P,292.64,19.0425,-32.5937,162.2784,34
4444,2,2018-11-21,20:54:28,06,MTP008,STP031,E,P,292.65,9.081111111111111,59.176,3.2719,34
4448,1,2018-11-22,04:06:48,12,MTP008,STP031,I,P,292.83,18.99361111111111,-31.4436,46.8077,34
4448,2,2018-11-22,04:45:59,11,MTP008,STP031,E,P,292.85,9.06861111111111,59.1393,-111.5997,34
4451,1,2018-11-22,10:00:40,04,MTP008,STP031,I,P,292.98,18.949444444444445,-30.3656,-39.924,34
4451,2,2018-11-22,10:39:42,05,MTP008,STP031,E,P,293.0,9.031944444444445,58.9352,161.8174,34
4454,1,2018-11-22,15:54:27,06,MTP008,STP031,I,P,293.13,18.911388888888887,-29.4126,-126.5463,34
4454,2,2018-11-22,16:33:21,12,MTP008,STP031,E,P,293.15,9.020277777777778,58.8913,75.6285,34
4457,1,2018-11-22,21:48:15,11,MTP008,STP031,I,P,293.28,18.870555555555555,-28.3656,146.7882,34
4457,2,2018-11-22,22:26:58,04,MTP008,STP031,E,P,293.3,8.99472222222222,58.7541,-10.7679,34
4461,1,2018-11-23,05:39:58,05,MTP008,STP031,I,P,293.48,18.822499999999998,-27.1096,31.3378,34
4461,2,2018-11-23,06:18:27,06,MTP008,STP031,E,P,293.5,8.973888888888888,58.6589,-125.755,34
4463,1,2018-11-23,09:35:54,12,MTP008,STP031,I,P,293.58,18.794444444444448,-26.3534,-26.4701,34
4463,2,2018-11-23,10:14:17,11,MTP008,STP031,E,P,293.6,8.944444444444445,58.4801,176.4408,34
4467,1,2018-11-23,17:27:41,04,MTP008,STP031,I,P,293.78,18.743055555555557,-24.9374,-141.9896,34
4467,2,2018-11-23,18:05:50,05,MTP008,STP031,E,P,293.79,8.915555555555557,58.3264,61.3203,34
4469,1,2018-11-23,21:23:35,06,MTP008,STP031,I,P,293.88,18.715555555555554,-24.1638,160.222,34
4469,2,2018-11-23,22:01:37,12,MTP008,STP031,E,P,293.89,8.893611111111111,58.193,3.6394,34
4473,1,2018-11-24,05:15:23,11,MTP008,STP031,I,P,294.08,18.66777777777778,-22.7944,44.7497,34
4473,2,2018-11-24,05:53:10,04,MTP008,STP031,E,P,294.09,8.868611111111111,58.0597,-111.4291,34
4475,1,2018-11-24,09:11:17,05,MTP008,STP031,I,P,294.18,18.641666666666666,-22.0214,-13.0221,34
4475,2,2018-11-24,09:48:57,06,MTP008,STP031,E,P,294.19,8.842777777777778,57.8964,-169.1615,34
4480,1,2018-11-24,19:01:03,04,MTP008,STP032,I,P,294.42,18.57777777777778,-20.1096,-157.4233,34
4480,2,2018-11-24,19:38:24,05,MTP008,STP032,E,P,294.44,8.795833333333333,57.6036,46.7586,34
4485,1,2018-11-25,04:50:51,06,MTP008,STP032,I,P,294.67,18.518055555555556,-18.2574,58.2232,34
4485,2,2018-11-25,05:27:51,12,MTP008,STP032,E,P,294.69,8.759444444444444,57.3855,-97.1553,34
4487,1,2018-11-25,08:46:45,11,MTP008,STP032,I,P,294.77,18.490000000000002,-17.3722,0.4249,34
4487,2,2018-11-25,09:23:38,04,MTP008,STP032,E,P,294.79,8.726666666666667,57.1543,-154.9939,34
4491,1,2018-11-25,16:38:40,05,MTP008,STP032,I,P,294.97,18.43888888888889,-15.7239,-115.1276,34
4491,2,2018-11-25,17:15:16,06,MTP008,STP032,E,P,294.98,8.69111111111111,56.918,89.7554,34
4493,1,2018-11-25,20:34:34,12,MTP008,STP032,I,P,295.07,18.411944444444444,-14.8429,-172.9092,34
4493,2,2018-11-25,21:11:01,11,MTP008,STP032,E,P,295.08,8.661944444444444,56.704,31.976,34
4495,1,2018-11-26,00:30:33,04,MTP008,STP032,I,P,295.17,18.387777777777778,-14.0468,129.3337,34
4495,2,2018-11-26,01:06:51,05,MTP008,STP032,E,P,295.18,8.644444444444444,56.5842,-25.648,34
4499,1,2018-11-26,08:22:20,06,MTP008,STP032,I,P,295.37,18.339444444444442,-12.4272,13.8531,34
4499,2,2018-11-26,08:58:22,12,MTP008,STP032,E,P,295.38,8.603333333333333,56.2878,-140.9507,34
4503,1,2018-11-26,16:14:21,11,MTP008,STP032,I,P,295.56,18.28611111111111,-10.6085,-101.7524,34
4503,2,2018-11-26,16:50:04,04,MTP008,STP032,E,P,295.58,8.559444444444445,55.958,103.6616,34
4506,1,2018-11-26,22:08:14,05,MTP008,STP032,I,P,295.71,18.245833333333334,-9.2148,171.5668,34
4506,2,2018-11-26,22:43:42,06,MTP008,STP032,E,P,295.73,8.519444444444446,55.6395,17.0461,34
4509,1,2018-11-27,04:02:13,12,MTP008,STP032,I,P,295.86,18.211666666666666,-8.0171,84.957,34
4509,2,2018-11-27,04:37:28,11,MTP008,STP032,E,P,295.88,8.485555555555555,55.3681,-69.5103,34
4511,1,2018-11-27,07:58:04,04,MTP008,STP032,I,P,295.96,18.186666666666667,-7.1391,27.2141,34
4511,2,2018-11-27,08:33:11,05,MTP008,STP032,E,P,295.97,8.464166666666666,55.1966,-127.1629,34
4515,1,2018-11-27,15:50:09,06,MTP008,STP032,I,P,296.16,18.131666666666668,-5.1815,-88.4337,34
4515,2,2018-11-27,16:24:57,12,MTP008,STP032,E,P,296.17,8.40638888888889,54.6977,117.2218,34
4517,1,2018-11-27,19:46:02,11,MTP008,STP032,I,P,296.26,18.107222222222223,-4.3085,-146.1734,34
4517,2,2018-11-27,20:20:42,04,MTP008,STP032,E,P,296.27,8.37861111111111,54.4512,59.4655,34
4521,1,2018-11-28,03:38:02,05,MTP008,STP032,I,P,296.45,18.0575,-2.5109,98.2735,34
4521,2,2018-11-28,04:12:23,06,MTP008,STP032,E,P,296.47,8.332777777777778,54.0438,-55.9499,34
4523,1,2018-11-28,07:33:58,12,MTP008,STP032,I,P,296.55,18.029999999999998,-1.5134,40.4765,34
4523,2,2018-11-28,08:08:09,11,MTP008,STP032,E,P,296.57,8.304722222222223,53.7813,-113.7181,34
4527,1,2018-11-28,15:26:03,04,MTP008,STP032,I,P,296.75,17.974999999999998,0.4923,-75.1742,34
4527,2,2018-11-28,15:59:56,05,MTP008,STP032,E,P,296.76,8.241388888888888,53.1641,130.58,34
4530,1,2018-11-28,21:19:58,06,MTP008,STP032,I,P,296.9,17.933888888888887,1.9942,-161.8766,34
4530,2,2018-11-28,21:53:36,12,MTP008,STP032,E,P,296.91,8.196111111111112,52.7055,43.8757,34
4535,1,2018-11-29,07:09:59,11,MTP008,STP032,I,P,297.15,17.869444444444444,4.3518,53.6474,34
4535,2,2018-11-29,07:43:13,04,MTP008,STP032,E,P,297.16,8.131111111111112,52.031,-100.5164,34
4540,1,2018-11-29,17:00:05,05,MTP008,STP032,I,P,297.39,17.798055555555557,6.9552,-90.9556,34
4540,2,2018-11-29,17:32:55,06,MTP008,STP032,E,P,297.41,8.057222222222222,51.2165,114.9428,34
4542,1,2018-11-29,20:56:01,12,MTP008,STP032,I,P,297.49,17.770833333333332,7.9493,-148.7537,34
4542,2,2018-11-29,21:28:44,11,MTP008,STP032,E,P,297.5,8.016944444444444,50.7453,56.9818,34
4546,1,2018-11-30,04:48:05,04,MTP008,STP032,I,P,297.69,17.717777777777776,9.8653,95.6294,34
4546,2,2018-11-30,05:20:29,05,MTP008,STP032,E,P,297.7,7.964722222222222,50.1299,-58.5478,34
4549,1,2018-11-30,10:42:01,06,MTP008,STP032,I,P,297.84,17.674444444444447,11.4143,8.8895,34
4549,2,2018-11-30,11:14:14,12,MTP008,STP032,E,P,297.85,7.911944444444445,49.4688,-145.385,34
4553,1,2018-11-30,18:34:09,11,MTP008,STP032,I,P,298.03,17.616111111111113,13.4882,-106.8235,34
4553,2,2018-11-30,19:06:04,04,MTP008,STP032,E,P,298.05,7.848333333333333,48.6453,98.8944,34
4557,1,2018-12-01,02:26:13,05,MTP008,STP032,I,P,298.23,17.55527777777778,15.6115,137.4389,34
4557,2,2018-12-01,02:57:51,06,MTP008,STP032,E,P,298.24,7.778888888888889,47.6946,-16.9014,34
4560,1,2018-12-01,08:20:12,12,MTP008,STP032,I,P,298.38,17.514166666666668,17.0315,50.7196,34
4560,2,2018-12-01,08:51:39,11,MTP008,STP032,E,P,298.39,7.733055555555556,47.0458,-103.6451,34
4565,1,2018-12-01,18:10:22,04,MTP009,STP033,I,P,298.62,17.434166666666666,19.7257,-94.0317,34
4565,2,2018-12-01,18:41:29,05,MTP009,STP033,E,P,298.64,7.648055555555555,45.7694,111.6074,34
4567,1,2018-12-01,22:06:19,06,MTP009,STP033,I,P,298.72,17.404444444444444,20.7061,-151.8668,34
4567,2,2018-12-01,22:37:20,12,MTP009,STP033,E,P,298.73,7.609166666666666,45.1582,53.6599,34
4572,1,2018-12-02,07:56:23,11,MTP009,STP033,I,P,298.97,17.329166666666666,23.1395,63.4766,34
4572,2,2018-12-02,08:27:08,04,MTP009,STP033,E,P,298.98,7.530277777777778,43.8709,-90.9822,34
4574,1,2018-12-02,11:52:22,05,MTP009,STP033,I,P,299.07,17.297222222222224,24.1387,5.601,34
4574,2,2018-12-02,12:23:02,06,MTP009,STP033,E,P,299.08,7.4927777777777775,43.227,-148.9237,34
4578,1,2018-12-02,19:44:30,12,MTP009,STP033,I,P,299.26,17.230277777777776,26.1986,-110.2439,34
4578,2,2018-12-02,20:14:57,11,MTP009,STP033,E,P,299.27,7.4255555555555555,42.028,95.2747,34
4582,1,2018-12-03,03:36:33,04,MTP009,STP033,I,P,299.46,17.165277777777778,28.1345,133.9598,34
4582,2,2018-12-03,04:06:51,05,MTP009,STP033,E,P,299.47,7.354166666666666,40.6914,-20.5779,34
4585,1,2018-12-03,09:30:32,06,MTP009,STP033,I,P,299.61,17.115000000000002,29.588,47.0983,34
4585,2,2018-12-03,10:00:44,12,MTP009,STP033,E,P,299.62,7.304722222222222,39.721,-107.3971,34
4590,1,2018-12-03,19:20:38,11,MTP009,STP033,I,P,299.85,17.029444444444444,31.9551,-97.717,34
4590,2,2018-12-03,19:50:43,04,MTP009,STP033,E,P,299.86,7.215833333333333,37.8839,107.7617,34
4592,1,2018-12-03,23:16:35,05,MTP009,STP033,I,P,299.95,16.99388888888889,32.9071,-155.6442,34
4592,2,2018-12-03,23:46:38,06,MTP009,STP033,E,P,299.96,7.176388888888889,37.0247,49.7853,34
4596,1,2018-12-04,07:08:39,12,MTP009,STP033,I,P,300.15,16.928055555555556,34.6202,88.5454,34
4596,2,2018-12-04,07:38:35,11,MTP009,STP033,E,P,300.16,7.114444444444444,35.6423,-65.9426,34
4602,1,2018-12-04,18:56:41,04,MTP009,STP033,I,P,300.44,16.81861111111111,37.3035,-85.3195,34
4602,2,2018-12-04,19:26:36,05,MTP009,STP033,E,P,300.45,7.009444444444444,33.1386,120.2673,34
4604,1,2018-12-04,22:52:35,06,MTP009,STP033,I,P,300.54,16.784166666666668,38.1104,-143.2168,34
4604,2,2018-12-04,23:22:31,12,MTP009,STP033,E,P,300.55,6.974166666666667,32.2518,62.3522,34
4609,1,2018-12-05,08:42:35,11,MTP009,STP033,I,P,300.78,16.6975,40.0672,71.9712,34
4609,2,2018-12-05,09:12:32,04,MTP009,STP033,E,P,300.79,6.895555555555555,30.2083,-82.3424,34
4614,1,2018-12-05,18:32:34,05,MTP009,STP033,I,P,301.03,16.605,42.0265,-72.925,34
4614,2,2018-12-05,19:02:38,06,MTP009,STP033,E,P,301.04,6.809166666666666,27.8236,132.8214,34
4616,1,2018-12-05,22:28:29,12,MTP009,STP033,I,P,301.12,16.565555555555555,42.8246,-130.9031,34
4616,2,2018-12-05,22:58:33,11,MTP009,STP033,E,P,301.14,6.778888888888889,26.9617,74.9842,34
4621,1,2018-12-06,08:18:23,04,MTP009,STP033,I,P,301.37,16.483888888888888,44.4265,84.3815,34
4621,2,2018-12-06,08:48:37,05,MTP009,STP033,E,P,301.38,6.701388888888889,24.6765,-69.7061,34
4624,1,2018-12-06,14:12:16,06,MTP009,STP033,I,P,301.52,16.428611111111113,45.4505,-2.5259,34
4624,2,2018-12-06,14:42:38,12,MTP009,STP033,E,P,301.53,6.651666666666667,23.1444,-156.5629,34
4629,1,2018-12-07,00:02:09,11,MTP009,STP033,I,P,301.76,16.3325,47.1416,-147.4541,34
4629,2,2018-12-07,00:32:42,04,MTP009,STP033,E,P,301.77,6.573055555555555,20.635,58.7258,34
4631,1,2018-12-07,03:58:06,05,MTP009,STP033,I,P,301.86,16.299722222222226,47.6962,154.6636,34
4631,2,2018-12-07,04:28:45,06,MTP009,STP033,E,P,301.87,6.545833333333333,19.7386,0.8995,34
4634,1,2018-12-07,09:51:59,12,MTP009,STP033,I,P,302.0,16.246111111111112,48.5728,67.7777,34
4634,2,2018-12-07,10:22:46,11,MTP009,STP033,E,P,302.02,6.502777777777778,18.2984,-85.8593,34
4639,1,2018-12-07,19:41:51,04,MTP009,STP033,I,P,302.25,16.154444444444444,50.0025,-77.0816,34
4639,2,2018-12-07,20:12:56,05,MTP009,STP033,E,P,302.26,6.425277777777778,15.6279,129.4246,34
4641,1,2018-12-07,23:37:42,06,MTP009,STP033,I,P,302.34,16.11888888888889,50.5332,-134.9812,34
4641,2,2018-12-08,00:08:53,12,MTP009,STP033,E,P,302.36,6.396111111111112,14.5929,71.5919,34
4646,1,2018-12-08,09:27:29,11,MTP009,STP033,I,P,302.59,16.038611111111113,51.6932,80.3518,34
4646,2,2018-12-08,09:58:59,04,MTP009,STP033,E,P,302.6,6.328888888888889,12.1631,-72.957,34
4652,1,2018-12-08,21:15:14,04,MTP009,STP034,I,P,302.88,15.925555555555555,53.2047,-93.5002,34
4652,2,2018-12-08,21:47:08,05,MTP009,STP034,E,P,302.89,6.2427777777777775,8.9712,113.4996,34
4655,1,2018-12-09,03:08:58,06,MTP009,STP034,I,P,303.03,15.878333333333334,53.8112,179.7454,34
4655,2,2018-12-09,03:41:03,12,MTP009,STP034,E,P,303.04,6.204722222222222,7.52,26.8329,34
4659,1,2018-12-09,11:00:42,11,MTP009,STP034,I,P,303.22,15.820277777777777,54.5391,64.1248,34
4659,2,2018-12-09,11:33:06,04,MTP009,STP034,E,P,303.23,6.152222222222223,5.5121,-88.7754,34
4664,1,2018-12-09,20:50:27,05,MTP009,STP034,I,P,303.46,15.735833333333332,55.5293,-80.5924,34
4664,2,2018-12-09,21:23:12,06,MTP009,STP034,E,P,303.48,6.086111111111111,2.9366,126.6918,34
4667,1,2018-12-10,02:44:07,12,MTP009,STP034,I,P,303.61,15.695555555555556,55.9968,-167.2322,34
4667,2,2018-12-10,03:17:08,11,MTP009,STP034,E,P,303.62,6.0475,1.4163,40.0193,34
4671,1,2018-12-10,10:35:53,04,MTP009,STP034,I,P,303.8,15.636388888888888,56.6504,77.126,34
4671,2,2018-12-10,11:09:12,05,MTP009,STP034,E,P,303.82,5.998333333333333,-0.539,-75.5525,34
4673,1,2018-12-10,14:31:41,06,MTP009,STP034,I,P,303.9,15.601666666666667,57.0163,19.2479,34
4673,2,2018-12-10,15:05:07,12,MTP009,STP034,E,P,303.91,5.975833333333333,-1.4264,-133.2732,34
4677,1,2018-12-10,22:23:28,11,MTP009,STP034,I,P,304.09,15.538333333333334,57.6692,-96.4644,34
4677,2,2018-12-10,22:57:15,04,MTP009,STP034,E,P,304.11,5.922777777777778,-3.5372,111.0873,34
4679,1,2018-12-11,02:19:12,05,MTP009,STP034,I,P,304.19,15.520555555555557,57.8629,-154.07,34
4679,2,2018-12-11,02:53:08,06,MTP009,STP034,E,P,304.21,5.899166666666666,-4.4804,53.3524,34
4684,1,2018-12-11,12:08:49,12,MTP009,STP034,I,P,304.43,15.446388888888889,58.5916,61.3916,34
4684,2,2018-12-11,12:43:08,11,MTP009,STP034,E,P,304.45,5.839722222222222,-6.8494,-91.0569,34
4686,1,2018-12-11,16:04:35,04,MTP009,STP034,I,P,304.53,15.43,58.7636,3.7926,34
4686,2,2018-12-11,16:39:04,05,MTP009,STP034,E,P,304.55,5.817777777777778,-7.7269,-148.7788,34
4690,1,2018-12-11,23:56:19,06,MTP009,STP034,I,P,304.73,15.366111111111111,59.353,-111.9147,34
4690,2,2018-12-12,00:31:06,12,MTP009,STP034,E,P,304.74,5.768055555555556,-9.6939,95.6558,34
4694,1,2018-12-12,07:47:56,11,MTP009,STP034,I,P,304.92,15.33,59.7059,132.8199,34
4694,2,2018-12-12,08:23:02,04,MTP009,STP034,E,P,304.93,5.725833333333333,-11.3699,-19.7782,34
4697,1,2018-12-12,13:41:37,05,MTP009,STP034,I,P,305.06,15.286111111111111,60.0924,46.1279,34
4697,2,2018-12-12,14:16:57,06,MTP009,STP034,E,P,305.08,5.688888888888889,-12.812,-106.423,34
4702,1,2018-12-12,23:31:13,12,MTP009,STP034,I,P,305.31,15.226666666666667,60.613,-98.1827,34
4702,2,2018-12-13,00:06:55,11,MTP009,STP034,E,P,305.32,5.630833333333334,-15.0672,109.1937,34
4704,1,2018-12-13,03:26:56,04,MTP009,STP034,I,P,305.4,15.214166666666666,60.7374,-155.7093,34
4704,2,2018-12-13,04:02:46,05,MTP009,STP034,E,P,305.42,5.609444444444444,-15.8834,51.5041,34
4708,1,2018-12-13,11:18:37,06,MTP009,STP034,I,P,305.6,15.170833333333333,61.1094,88.9035,34
4708,2,2018-12-13,11:54:44,12,MTP009,STP034,E,P,305.61,5.565555555555555,-17.5578,-63.9623,34
4712,1,2018-12-13,19:10:11,11,MTP009,STP034,I,P,305.79,15.139999999999999,61.3874,-26.2721,34
4712,2,2018-12-13,19:46:36,04,MTP009,STP034,E,P,305.8,5.522222222222222,-19.1883,-179.3947,34
4715,1,2018-12-14,01:03:55,05,MTP009,STP034,I,P,305.93,15.093333333333334,61.7498,-113.0197,34
4715,2,2018-12-14,01:40:32,06,MTP009,STP034,E,P,305.95,5.485277777777778,-20.5536,93.9531,34
4719,1,2018-12-14,08:55:31,12,MTP009,STP034,I,P,306.13,15.065555555555557,61.9952,131.8479,34
4719,2,2018-12-14,09:32:23,11,MTP009,STP034,E,P,306.14,5.446388888888889,-21.9765,-21.4072,34
4721,1,2018-12-14,12:51:16,04,MTP009,STP034,I,P,306.22,15.046666666666667,62.149,74.2157,34
4721,2,2018-12-14,13:28:19,05,MTP009,STP034,E,P,306.24,5.420833333333333,-22.8982,-79.1855,34
4724,1,2018-12-14,18:44:55,06,MTP009,STP034,I,P,306.37,15.035,62.2734,-11.9891,34
4724,2,2018-12-14,19:22:09,12,MTP009,STP034,E,P,306.38,5.391111111111112,-23.9532,-165.6991,34
4728,1,2018-12-15,02:36:31,11,MTP009,STP034,I,P,306.56,14.987777777777778,62.6307,-127.4125,34
4728,2,2018-12-15,03:13:59,04,MTP009,STP034,E,P,306.58,5.344722222222222,-25.5761,78.8282,34
4731,1,2018-12-15,08:30:14,05,MTP009,STP034,I,P,306.71,14.972222222222223,62.7745,146.3091,34
4731,2,2018-12-15,09:07:54,06,MTP009,STP034,E,P,306.72,5.314722222222222,-26.6146,-7.7168,34
4736,1,2018-12-15,18:19:38,04,MTP009,STP035,I,P,306.95,14.946111111111112,63.0139,2.5397,34
4736,2,2018-12-15,18:57:38,05,MTP009,STP035,E,P,306.96,5.26,-28.457,-151.9941,34
4739,1,2018-12-16,00:13:25,06,MTP009,STP035,I,P,307.09,14.9075,63.2875,-84.0999,34
4739,2,2018-12-16,00:51:35,12,MTP009,STP035,E,P,307.11,5.223333333333334,-29.6551,121.3539,34
4742,1,2018-12-16,06:06:59,11,MTP009,STP035,I,P,307.24,14.9,63.3802,-170.2217,34
4742,2,2018-12-16,06:45:19,04,MTP009,STP035,E,P,307.25,5.193888888888889,-30.6026,34.8657,34
4745,1,2018-12-16,12:00:42,05,MTP009,STP035,I,P,307.38,14.881111111111112,63.5356,103.4541,34
4745,2,2018-12-16,12:39:14,06,MTP009,STP035,E,P,307.4,5.159722222222222,-31.6879,-51.7404,34
4748,1,2018-12-16,17:54:17,12,MTP009,STP035,I,P,307.52,14.868611111111111,63.6549,17.2556,34
4748,2,2018-12-16,18:32:57,11,MTP009,STP035,E,P,307.54,5.1305555555555555,-32.5996,-138.2227,34
4753,1,2018-12-17,03:43:45,04,MTP009,STP035,I,P,307.76,14.835,63.923,-126.6416,34
4753,2,2018-12-17,04:22:41,05,MTP009,STP035,E,P,307.78,5.071111111111111,-34.3873,77.4283,34
4755,1,2018-12-17,07:39:33,06,MTP009,STP035,I,P,307.86,14.830833333333333,63.978,175.9372,34
4755,2,2018-12-17,08:18:34,12,MTP009,STP035,E,P,307.88,5.053333333333333,-34.9169,19.7829,34
4757,1,2018-12-17,11:35:22,11,MTP009,STP035,I,P,307.96,14.820277777777777,64.0684,118.4126,34
4757,2,2018-12-17,12:14:30,04,MTP009,STP035,E,P,307.97,5.029722222222222,-35.6003,-37.9638,34
4761,1,2018-12-17,19:26:51,05,MTP009,STP035,I,P,308.15,14.808611111111112,64.1972,3.5448,34
4761,2,2018-12-17,20:06:11,06,MTP009,STP035,E,P,308.16,4.986111111111112,-36.8448,-153.36,34
4765,1,2018-12-18,03:18:24,12,MTP009,STP035,I,P,308.34,14.778333333333334,64.4227,-111.6214,34
4768,1,2018-12-18,09:51:45,11,MTP009,STP035,E,P,308.5,4.9061111111111115,-39.0264,4.6128,34
4771,1,2018-12-18,15:05:40,04,MTP009,STP035,I,P,308.63,14.762222222222222,64.6052,76.0868,34
4773,1,2018-12-18,19:01:23,05,MTP009,STP035,I,P,308.72,14.770555555555557,64.5955,18.8728,34
4777,1,2018-12-19,02:53:00,06,MTP009,STP035,I,P,308.92,14.74111111111111,64.8127,-96.2973,34
4779,1,2018-12-19,06:48:42,12,MTP009,STP035,I,P,309.01,14.75,64.8008,-153.498,34
4784,1,2018-12-19,17:18:28,11,MTP009,STP035,E,P,309.27,4.7219444444444445,-43.6135,-97.1151,34
4786,1,2018-12-19,21:14:17,04,MTP009,STP035,E,P,309.36,4.7011111111111115,-44.1003,-154.7966,34
4789,1,2018-12-20,02:27:35,05,MTP009,STP035,I,P,309.49,14.721944444444444,65.1082,-80.6962,34
4792,1,2018-12-20,09:01:47,06,MTP009,STP035,E,P,309.65,4.629444444444445,-45.7035,32.019,34
4795,1,2018-12-20,14:14:49,12,MTP009,STP035,I,P,309.78,14.725277777777778,65.1928,107.3096,34
4798,1,2018-12-20,20:49:15,11,MTP009,STP035,E,P,309.94,4.557222222222222,-47.2279,-141.162,34
4802,1,2018-12-21,04:40:57,04,MTP009,STP035,E,P,310.13,4.501388888888889,-48.3417,103.2513,34
4804,1,2018-12-21,08:36:44,05,MTP009,STP035,E,P,310.22,4.480555555555556,-48.7583,45.5795,34
4808,1,2018-12-21,16:28:25,06,MTP009,STP035,E,P,310.41,4.425833333333333,-49.7881,-69.9836,34
4810,1,2018-12-21,20:24:10,12,MTP009,STP035,E,P,310.51,4.405,-50.1815,-127.6469,34
4815,1,2018-12-22,05:32:20,11,MTP009,STP035,I,P,310.73,14.723055555555556,65.5458,-106.229,34
4821,1,2018-12-22,17:19:38,04,MTP009,STP036,I,P,311.02,14.725277777777778,65.6374,81.7428,34
4823,1,2018-12-22,21:15:22,05,MTP009,STP036,I,P,311.11,14.743333333333332,65.5827,24.67,34
4828,1,2018-12-23,07:46:25,06,MTP009,STP036,E,P,311.37,4.16,-54.2627,72.4042,34
4830,1,2018-12-23,11:42:18,12,MTP009,STP036,E,P,311.46,4.132499999999999,-54.6765,14.6059,34
4834,1,2018-12-23,19:33:50,11,MTP009,STP036,E,P,311.65,4.073055555555555,-55.5327,-100.992,34
4836,1,2018-12-23,23:29:38,04,MTP009,STP036,E,P,311.75,4.046111111111111,-55.9141,-158.7604,34
4839,1,2018-12-24,04:41:28,05,MTP009,STP036,I,P,311.87,14.76,65.7798,-73.9122,34
4842,1,2018-12-24,11:17:00,06,MTP009,STP036,E,P,312.03,3.956666666666667,-57.1108,27.8196,34
4845,1,2018-12-24,16:28:44,12,MTP009,STP036,I,P,312.16,14.781944444444445,65.7768,114.3613,34
4848,1,2018-12-24,23:04:22,11,MTP009,STP036,E,P,312.32,3.8608333333333333,-58.3024,-145.6986,34
4853,1,2018-12-25,08:11:41,04,MTP009,STP036,I,P,312.54,14.810555555555556,65.7742,-114.6001,34
4855,1,2018-12-25,12:07:29,05,MTP009,STP036,I,P,312.63,14.825,65.7374,-171.7492,34
4859,1,2018-12-25,19:58:55,06,MTP009,STP036,I,P,312.82,14.830555555555556,65.7797,73.6514,34
4861,1,2018-12-25,23:54:42,12,MTP009,STP036,I,P,312.92,14.852222222222222,65.7041,16.6137,34
4866,1,2018-12-26,10:26:17,11,MTP009,STP036,E,P,313.17,3.554444444444444,-61.5902,53.5006,34
4868,1,2018-12-26,14:22:09,04,MTP009,STP036,E,P,313.27,3.515277777777778,-61.9563,-4.468,34
4871,1,2018-12-26,19:33:27,05,MTP009,STP036,I,P,313.39,14.881111111111112,65.7353,90.2878,34
4876,1,2018-12-27,06:05:13,06,MTP009,STP036,E,P,313.65,3.3555555555555556,-63.3466,123.7146,34
4878,1,2018-12-27,10:00:52,12,MTP009,STP036,E,P,313.74,3.322222222222222,-63.6245,65.8878,34
4882,1,2018-12-27,17:52:29,11,MTP009,STP036,E,P,313.93,3.2333333333333334,-64.3118,-50.1787,34
4884,1,2018-12-27,21:48:09,04,MTP009,STP036,E,P,314.02,3.198888888888889,-64.5751,-108.0257,34
4886,1,2018-12-28,01:43:57,05,MTP009,STP036,E,P,314.12,3.156111111111111,-64.8864,-166.0335,34
4890,1,2018-12-28,09:35:24,06,MTP009,STP036,E,P,314.31,3.066111111111111,-65.507,77.9276,34
4892,1,2018-12-28,13:31:14,12,MTP009,STP036,E,P,314.4,3.0258333333333334,-65.7785,19.9477,34
4896,1,2018-12-28,21:22:42,11,MTP009,STP036,E,P,314.59,2.928888888888889,-66.3857,-96.2008,34
4898,1,2018-12-29,01:18:28,04,MTP009,STP036,E,P,314.68,2.883888888888889,-66.6577,-154.2305,34
4901,1,2018-12-29,06:29:50,05,MTP009,STP036,I,P,314.81,15.054166666666667,65.3375,-47.4292,34
4907,1,2018-12-29,18:17:05,04,MTP010,STP037,I,P,315.09,15.098333333333334,65.1927,141.1739,34
4909,1,2018-12-29,22:12:49,05,MTP010,STP037,I,F,315.19,15.114444444444445,65.1346,84.07,34
4914,1,2018-12-30,08:44:27,06,MTP010,STP037,E,F,315.44,2.46,-68.8254,100.5935,34
4916,1,2018-12-30,12:40:10,12,MTP010,STP037,E,F,315.53,2.4141666666666666,-69.0317,42.5601,34
4919,1,2018-12-30,17:51:40,11,MTP010,STP037,I,F,315.66,15.187222222222223,64.8792,158.3755,34
4922,1,2018-12-31,00:27:23,10,MTP010,STP037,E,F,315.81,2.2375000000000003,-69.7455,-132.1429,34
4926,1,2018-12-31,08:18:54,04,MTP010,STP037,E,P,316.0,2.1036111111111113,-70.2261,111.1382,34
4930,1,2018-12-31,16:10:24,05,MTP010,STP037,E,F,316.19,1.9830555555555556,-70.6323,-5.3779,34
4932,1,2018-12-31,20:06:07,06,MTP010,STP037,E,F,316.28,1.906111111111111,-70.8661,-63.8775,34
4934,1,2019-01-01,00:01:49,12,MTP010,STP037,E,F,316.38,1.8530555555555557,-71.0306,-122.0109,34
4939,1,2019-01-01,09:09:16,11,MTP010,STP037,I,F,316.6,15.345277777777778,64.2324,-52.8141,34
4942,1,2019-01-01,15:44:46,10,MTP010,STP037,E,F,316.75,1.5702777777777777,-71.7785,4.3438,34
4945,1,2019-01-01,20:56:34,04,MTP010,STP037,I,P,316.88,15.399444444444445,63.9697,135.9272,34
4948,1,2019-01-02,03:31:55,05,MTP010,STP037,E,F,317.03,1.3452777777777778,-72.2728,-171.0679,34
4950,1,2019-01-02,07:44:27,09,MTP010,STP037,C,P,317.14,3.4708333333333337,-64.2729,159.3776,34
4952,1,2019-01-02,11:23:17,12,MTP010,STP037,E,F,317.22,1.1811111111111112,-72.58,71.7946,34
4955,1,2019-01-02,16:35:28,11,MTP010,STP037,I,F,317.35,15.505277777777778,63.3844,-149.2934,34
4958,1,2019-01-02,23:10:30,10,MTP010,STP037,E,F,317.5,0.9411111111111111,-72.965,-103.8597,34
4961,1,2019-01-03,04:22:46,04,MTP010,STP037,I,P,317.63,15.561666666666667,63.064,39.4794,34
4964,1,2019-01-03,10:57:37,05,MTP010,STP037,E,F,317.78,0.678611111111111,-73.294,80.1735,34
4966,1,2019-01-03,14:53:21,06,MTP010,STP037,E,F,317.88,0.6077777777777778,-73.3747,21.7601,34
4970,1,2019-01-03,22:44:46,12,MTP010,STP037,E,F,318.06,0.4138888888888889,-73.5446,-95.8333,34
4972,1,2019-01-04,02:40:26,11,MTP010,STP037,E,F,318.16,0.32555555555555554,-73.6105,-154.4962,34
4977,1,2019-01-04,11:48:52,10,MTP010,STP037,I,F,318.37,15.712222222222222,62.1324,-57.1217,34
4979,1,2019-01-04,15:44:43,04,MTP010,STP037,I,P,318.47,15.745,61.8779,-114.0119,34
4982,1,2019-01-04,22:19:00,05,MTP010,STP037,E,F,318.62,23.848055555555554,-73.8094,-88.3851,34
4985,1,2019-01-05,03:32:02,06,MTP010,STP037,I,F,318.75,15.805277777777778,61.444,74.8158,34
4992,1,2019-01-05,17:57:32,12,MTP010,STP038,E,F,319.09,23.39,-73.7815,-21.9788,34
4995,1,2019-01-05,23:10:58,11,MTP010,STP038,I,F,319.21,15.905555555555557,60.6735,149.4982,34
4998,1,2019-01-06,05:44:36,10,MTP010,STP038,E,F,319.37,23.09722222222222,-73.6396,161.6084,34
5000,1,2019-01-06,09:40:19,04,MTP010,STP038,E,P,319.46,22.997777777777777,-73.569,102.7696,34
5004,1,2019-01-06,17:31:41,05,MTP010,STP038,E,F,319.65,22.81833333333333,-73.4187,-14.5973,34
5006,1,2019-01-06,21:27:23,06,MTP010,STP038,E,F,319.74,22.703333333333333,-73.2924,-73.6661,34
5012,1,2019-01-07,08:35:20,12,MTP010,STP038,I,F,320.0,16.101666666666667,58.8789,24.8024,34
5012,2,2019-01-07,09:14:27,11,MTP010,STP038,E,F,320.02,22.44,-72.962,110.3587,34
5014,1,2019-01-07,12:31:02,10,MTP010,STP038,I,F,320.1,16.119444444444444,58.713,-32.2754,34
5014,2,2019-01-07,13:10:01,04,MTP010,STP038,E,P,320.11,22.342499999999998,-72.8124,51.5886,34
5017,1,2019-01-07,18:24:50,05,MTP010,STP038,I,F,320.24,16.165,58.2135,-117.6686,34
5017,2,2019-01-07,19:03:37,06,MTP010,STP038,E,F,320.25,22.200277777777778,-72.5696,-36.5733,34
5020,1,2019-01-08,00:18:29,12,MTP010,STP038,I,F,320.38,16.190555555555555,57.9615,156.6733,34
5020,2,2019-01-08,00:57:06,11,MTP010,STP038,E,F,320.39,22.072777777777777,-72.3308,-124.4847,34
5024,1,2019-01-08,08:10:14,10,MTP010,STP038,I,F,320.56,16.247500000000002,57.2992,42.756,34
5024,2,2019-01-08,08:48:31,04,MTP010,STP038,E,P,320.58,21.89611111111111,-71.9515,118.1726,34
5028,1,2019-01-08,16:01:48,05,MTP010,STP038,I,F,320.75,16.295833333333334,56.7251,-71.2431,34
5028,2,2019-01-08,16:39:47,06,MTP010,STP038,E,F,320.76,21.734444444444446,-71.561,1.0921,34
5030,1,2019-01-08,19:57:42,12,MTP010,STP038,I,F,320.84,16.322499999999998,56.3937,-128.2382,34
5030,2,2019-01-08,20:35:30,11,MTP010,STP038,E,F,320.85,21.631944444444446,-71.2769,-57.7921,34
5032,1,2019-01-08,23:53:26,10,MTP010,STP038,I,F,320.93,16.335833333333333,56.2488,174.6136,34
5032,2,2019-01-09,00:31:06,04,MTP010,STP038,E,P,320.95,21.548055555555557,-71.0338,-116.3695,34
5037,1,2019-01-09,09:43:04,05,MTP010,STP038,I,F,321.16,16.400277777777777,55.4046,32.1221,34
5037,2,2019-01-09,10:20:17,06,MTP010,STP038,E,F,321.18,21.345555555555553,-70.3835,97.2483,34
5040,1,2019-01-09,15:36:45,12,MTP010,STP038,I,F,321.3,16.441944444444445,54.8194,-53.3014,34
5040,2,2019-01-09,16:13:41,11,MTP010,STP038,E,F,321.32,21.2375,-70.0,9.6459,34
5043,1,2019-01-09,21:30:36,10,MTP010,STP038,I,F,321.44,16.47833333333333,54.2983,-138.8417,34
5043,2,2019-01-09,22:07:14,04,MTP010,STP038,E,P,321.46,21.101666666666667,-69.4569,-78.4059,34
5046,1,2019-01-10,03:24:17,05,MTP010,STP038,I,F,321.58,16.515,53.7527,135.6611,34
5046,2,2019-01-10,04:00:39,06,MTP010,STP038,E,F,321.59,21.006944444444443,-69.0626,-165.8116,34
5049,1,2019-01-10,09:18:09,12,MTP010,STP038,I,F,321.72,16.552500000000002,53.1745,50.1282,34
5049,2,2019-01-10,09:54:11,11,MTP010,STP038,E,F,321.73,20.89388888888889,-68.5411,106.4806,34
5053,1,2019-01-10,17:09:47,10,MTP010,STP038,I,F,321.9,16.60527777777778,52.3138,-63.8272,34
5053,2,2019-01-10,17:45:23,04,MTP010,STP038,E,P,321.92,20.756666666666668,-67.8521,-10.2174,34
5055,1,2019-01-10,21:05:42,05,MTP010,STP038,I,F,322.0,16.630277777777778,51.8897,-120.8478,34
5055,2,2019-01-10,21:41:04,06,MTP010,STP038,E,F,322.01,20.672222222222224,-67.3788,-68.8239,34
5059,1,2019-01-11,04:57:20,12,MTP010,STP038,I,F,322.18,16.678333333333335,51.0525,125.1281,34
5059,2,2019-01-11,05:32:14,11,MTP010,STP038,E,F,322.19,20.541111111111114,-66.603,174.579,34
5062,1,2019-01-11,10:51:14,10,MTP010,STP038,I,F,322.32,16.715555555555554,50.3719,39.5836,34
5062,2,2019-01-11,11:25:44,04,MTP010,STP038,E,P,322.33,20.446666666666665,-65.9938,87.1552,34
5065,1,2019-01-11,16:44:59,05,MTP010,STP038,I,F,322.46,16.75777777777778,49.5526,-45.8498,34
5065,2,2019-01-11,17:19:04,06,MTP010,STP038,E,F,322.47,20.350833333333334,-65.3229,-0.248,34
5068,1,2019-01-11,22:38:52,12,MTP010,STP038,I,F,322.6,16.79416666666667,48.8299,-131.4047,34
5068,2,2019-01-11,23:12:32,11,MTP010,STP038,E,F,322.61,20.240833333333335,-64.476,-87.8929,34
5071,1,2019-01-12,04:32:40,10,MTP010,STP038,I,F,322.73,16.836388888888887,47.9387,143.1529,34
5071,2,2019-01-12,05:05:54,04,MTP010,STP038,E,P,322.75,20.16583333333333,-63.8778,-174.988,34
5075,1,2019-01-12,16:20:20,05,MTP010,STP039,I,F,323.01,16.910555555555554,46.29,-27.9073,34
5075,2,2019-01-12,16:52:37,06,MTP010,STP039,E,F,323.02,19.988055555555558,-62.2575,10.3994,34
5079,1,2019-01-12,20:16:24,12,MTP010,STP039,I,F,323.1,16.94472222222222,45.463,-84.8279,34
5079,2,2019-01-12,20:48:17,11,MTP010,STP039,E,F,323.12,19.928611111111113,-61.6566,-47.8306,34
5081,1,2019-01-13,00:12:18,10,MTP010,STP039,I,F,323.19,16.966944444444444,44.9317,-141.8904,34
5081,2,2019-01-13,00:43:50,04,MTP010,STP039,E,P,323.21,19.864722222222223,-60.9704,-106.0944,34
5084,1,2019-01-13,06:06:14,12,MTP010,STP039,I,P,323.33,17.019444444444442,43.8437,132.7881,34
5085,1,2019-01-13,08:04:12,06,MTP010,STP039,I,F,323.38,17.025555555555556,43.4108,104.1776,34
5085,2,2019-01-13,08:34:57,05,MTP010,STP039,E,F,323.39,19.75888888888889,-59.7594,137.6933,34
5089,1,2019-01-13,15:56:00,11,MTP010,STP039,I,F,323.56,17.073055555555555,42.1333,-9.8975,34
5089,2,2019-01-13,16:26:01,12,MTP010,STP039,E,F,323.57,19.65888888888889,-58.5053,21.5868,34
5092,1,2019-01-13,21:50:07,04,MTP010,STP039,I,P,323.7,17.122777777777777,40.6808,-95.3095,34
5092,2,2019-01-13,22:19:23,10,MTP010,STP039,E,F,323.71,19.569166666666668,-57.2544,-65.7306,34
5095,1,2019-01-14,03:44:01,05,MTP010,STP039,I,F,323.84,17.162777777777777,39.475,179.1866,34
5095,2,2019-01-14,04:12:36,06,MTP010,STP039,E,F,323.85,19.498055555555556,-56.1968,-152.7375,34
5097,1,2019-01-14,07:40:05,12,MTP010,STP039,I,F,323.93,17.194166666666668,38.4685,122.2278,34
5097,2,2019-01-14,08:08:08,11,MTP010,STP039,E,F,323.94,19.44527777777778,-55.3572,149.1664,34
5102,1,2019-01-14,17:30:05,10,MTP010,STP039,I,F,324.16,17.264722222222222,36.1083,-20.2639,34
5102,2,2019-01-14,17:56:50,04,MTP010,STP039,E,P,324.17,19.325277777777778,-53.2807,4.1354,34
5104,1,2019-01-14,21:26:18,06,MTP010,STP039,I,F,324.25,17.300833333333333,34.8113,-77.1931,34
5104,2,2019-01-14,21:52:22,05,MTP010,STP039,E,F,324.26,19.269166666666667,-52.2026,-54.0127,34
5108,1,2019-01-15,05:18:23,11,MTP010,STP039,I,F,324.44,17.360555555555557,32.5678,168.8431,34
5108,2,2019-01-15,05:43:12,12,MTP010,STP039,E,F,324.45,19.17027777777778,-50.156,-170.0484,34
5113,1,2019-01-15,15:08:39,04,MTP010,STP039,I,P,324.67,17.434166666666666,29.6021,26.3346,34
5113,2,2019-01-15,15:31:45,10,MTP010,STP039,E,F,324.67,19.05,-47.3596,44.9545,34
5114,1,2019-01-15,17:06:49,12,MTP010,STP039,I,P,324.71,17.46388888888889,28.6709,-1.9711,34
5115,1,2019-01-15,19:04:56,05,MTP010,STP039,I,F,324.76,17.4775,27.7191,-30.5052,34
5115,2,2019-01-15,19:27:06,06,MTP010,STP039,E,F,324.77,18.999444444444446,-46.0562,-13.069,34
5119,1,2019-01-16,02:57:19,12,MTP010,STP039,I,F,324.94,17.542222222222225,24.7717,-144.4616,34
5119,2,2019-01-16,03:17:43,11,MTP010,STP039,E,F,324.95,18.892222222222223,-43.042,-129.176,34
5121,1,2019-01-16,06:53:38,10,MTP010,STP039,I,F,325.03,17.584722222222222,22.7326,158.678,34
5121,2,2019-01-16,07:12:56,04,MTP010,STP039,E,P,325.04,18.8375,-41.3545,172.7754,34
5260,1,2019-01-27,14:00:44,09,MTP011,STP041,C,P,331.29,17.791944444444447,16.9941,163.8636,34
5323,1,2019-02-01,18:39:55,05,MTP011,STP041,I,F,334.12,5.510277777777778,-34.8063,-40.1896,34
5327,1,2019-02-02,02:44:14,12,MTP011,STP041,E,F,334.3,6.118888888888889,8.5382,-148.903,34
5330,1,2019-02-02,08:22:10,11,MTP011,STP041,I,F,334.43,5.310277777777777,-44.5024,116.7421,34
5336,1,2019-02-02,20:07:47,05,MTP011,STP042,I,F,334.7,5.173611111111112,-49.8301,-57.0027,34
5336,2,2019-02-02,20:28:07,06,MTP011,STP042,E,F,334.7,6.252222222222223,18.785,-45.7685,34
5338,1,2019-02-03,00:03:02,12,MTP011,STP042,I,F,334.78,5.133888888888889,-51.2174,-114.8415,34
5338,2,2019-02-03,00:24:17,11,MTP011,STP042,E,F,334.79,6.276111111111111,20.5437,-102.8771,34
5342,1,2019-02-03,07:53:44,10,MTP011,STP042,I,F,334.96,5.038055555555555,-54.2213,129.1922,34
5342,2,2019-02-03,08:16:49,04,MTP011,STP042,E,P,334.97,6.323888888888889,23.9953,142.8607,34
5346,1,2019-02-03,15:44:30,06,MTP011,STP042,I,F,335.14,4.9575000000000005,-56.5048,13.4312,34
5346,2,2019-02-03,16:08:59,05,MTP011,STP042,E,F,335.15,6.359722222222222,26.5369,28.5138,34
5348,1,2019-02-03,19:39:58,11,MTP011,STP042,I,F,335.23,4.914722222222222,-57.6097,-44.4989,34
5348,2,2019-02-03,20:05:06,12,MTP011,STP042,E,F,335.24,6.378611111111111,27.8346,-28.6581,34
5352,1,2019-02-04,03:30:45,04,MTP011,STP042,I,P,335.4,4.825555555555555,-59.7325,-160.394,34
5352,2,2019-02-04,03:57:10,10,MTP011,STP042,E,F,335.41,6.41388888888889,30.2015,-142.9966,34
5355,1,2019-02-04,09:24:02,05,MTP011,STP042,I,F,335.54,4.758611111111111,-61.1716,112.6421,34
5355,2,2019-02-04,09:51:23,06,MTP011,STP042,E,F,335.55,6.445,32.2084,131.2805,34
5358,1,2019-02-04,15:17:11,12,MTP011,STP042,I,F,335.67,4.691111111111112,-62.508,25.6981,34
5358,2,2019-02-04,15:45:16,11,MTP011,STP042,E,F,335.68,6.463333333333334,33.419,45.4494,34
5361,1,2019-02-04,21:10:29,10,MTP011,STP042,I,F,335.8,4.621666666666667,-63.7707,-61.3069,34
5361,2,2019-02-04,21:39:20,04,MTP011,STP042,E,P,335.81,6.488888888888889,35.0112,-40.3213,34
5365,1,2019-02-05,05:01:28,06,MTP011,STP042,I,F,335.98,4.523333333333333,-65.3859,-177.3867,34
5365,2,2019-02-05,05:31:13,05,MTP011,STP042,E,F,335.99,6.516111111111111,36.693,-154.7363,34
5369,1,2019-02-05,12:52:31,11,MTP011,STP042,I,F,336.15,4.4286111111111115,-66.785,66.5723,34
5369,2,2019-02-05,13:23:10,12,MTP011,STP042,E,F,336.17,6.549166666666666,38.6322,90.9231,34
5372,1,2019-02-05,18:45:58,04,MTP011,STP042,I,P,336.29,4.358055555555556,-67.7375,-20.4862,34
5372,2,2019-02-05,19:17:10,10,MTP011,STP042,E,F,336.3,6.568333333333333,39.7536,5.0741,34
5374,1,2019-02-05,22:41:29,05,MTP011,STP042,I,F,336.38,4.305,-68.4006,-78.5907,34
5374,2,2019-02-05,23:13:04,06,MTP011,STP042,E,F,336.39,6.582777777777777,40.5678,-52.1094,34
5379,1,2019-02-06,08:30:25,12,MTP011,STP042,I,F,336.6,4.159722222222222,-70.0214,135.9262,34
5379,2,2019-02-06,09:02:55,11,MTP011,STP042,E,F,336.61,6.615833333333333,42.4109,164.8631,34
5381,1,2019-02-06,12:25:56,10,MTP011,STP042,I,F,336.68,4.111111111111111,-70.5254,77.8891,34
5381,2,2019-02-06,12:58:45,04,MTP011,STP042,E,P,336.7,6.629722222222223,43.1529,107.6851,34
5385,1,2019-02-06,20:17:10,06,MTP011,STP042,I,F,336.86,3.9883333333333333,-71.6629,-38.6161,34
5385,2,2019-02-06,20:50:36,05,MTP011,STP042,E,F,336.87,6.651111111111112,44.3163,-6.8065,34
5387,1,2019-02-07,00:12:43,11,MTP011,STP042,I,F,336.95,3.935277777777778,-72.1234,-96.7268,34
5387,2,2019-02-07,00:46:26,12,MTP011,STP042,E,F,336.96,6.6641666666666675,44.9978,-63.9938,34
5390,1,2019-02-07,06:06:07,04,MTP011,STP042,I,P,337.08,3.824722222222222,-72.9806,175.6221,34
5390,2,2019-02-07,06:40:16,10,MTP011,STP042,E,F,337.09,6.679722222222223,45.8114,-149.8608,34
5395,1,2019-02-07,15:55:08,05,MTP011,STP042,I,F,337.3,3.661111111111111,-74.1207,29.8435,34
5395,2,2019-02-07,16:29:57,06,MTP011,STP042,E,F,337.31,6.709722222222222,47.3197,67.1047,34
5397,1,2019-02-07,19:50:50,12,MTP011,STP042,I,F,337.39,3.593888888888889,-74.5436,-28.5156,34
5397,2,2019-02-07,20:25:53,11,MTP011,STP042,E,F,337.4,6.720833333333333,47.8664,9.8624,34
5401,1,2019-02-08,03:41:59,10,MTP011,STP042,I,F,337.56,3.452777777777778,-75.3543,-145.2761,34
5401,2,2019-02-08,04:17:30,04,MTP011,STP042,E,P,337.58,6.7427777777777775,48.9274,-104.5698,34
5404,1,2019-02-08,09:35:31,06,MTP011,STP042,I,F,337.7,3.318333333333333,-76.0262,126.682,34
5404,2,2019-02-08,10:11:23,05,MTP011,STP042,E,F,337.71,6.762222222222222,49.8273,169.6145,34
5407,1,2019-02-08,15:28:51,11,MTP011,STP042,I,F,337.83,3.188055555555555,-76.6159,38.7525,34
5407,2,2019-02-08,16:05:03,12,MTP011,STP042,E,F,337.84,6.776388888888889,50.5034,83.769,34
5410,1,2019-02-08,21:22:24,04,MTP011,STP042,I,P,337.96,3.0594444444444444,-77.1453,-49.2049,34
5410,2,2019-02-08,21:58:53,10,MTP011,STP042,E,F,337.97,6.791666666666667,51.2088,-2.0996,34
5413,1,2019-02-09,03:15:46,05,MTP011,STP042,I,F,338.09,2.9380555555555556,-77.6052,-137.0115,34
5413,2,2019-02-09,03:52:34,06,MTP011,STP042,E,F,338.1,6.807777777777778,51.9272,-87.9199,34
5417,1,2019-02-09,11:07:09,12,MTP011,STP042,I,F,338.27,2.718055555555556,-78.3136,104.9862,34
5417,2,2019-02-09,11:44:19,11,MTP011,STP042,E,F,338.28,6.83,52.8897,157.624,34
5421,1,2019-02-09,18:58:25,05,MTP011,STP043,I,F,338.44,2.4980555555555557,-78.9213,-12.9828,34
5421,2,2019-02-09,19:35:56,06,MTP011,STP043,E,F,338.46,6.846388888888889,53.6368,43.1117,34
5423,1,2019-02-09,22:54:04,12,MTP011,STP043,I,F,338.53,2.3822222222222225,-79.2049,-72.0623,34
5423,2,2019-02-09,23:31:46,11,MTP011,STP043,E,F,338.54,6.858888888888888,54.1384,-14.0875,34
5427,1,2019-02-10,06:45:18,10,MTP011,STP043,I,F,338.7,2.1216666666666666,-79.7578,169.3634,34
5427,2,2019-02-10,07:23:19,04,MTP011,STP043,E,P,338.72,6.874166666666667,54.8234,-128.6009,34
5430,1,2019-02-10,12:38:50,06,MTP011,STP043,I,F,338.84,1.9641666666666666,-80.0598,80.9745,34
5430,2,2019-02-10,13:17:05,05,MTP011,STP043,E,F,338.85,6.894444444444444,55.5927,145.6208,34
5434,1,2019-02-10,20:30:11,11,MTP011,STP043,I,F,339.01,1.6805555555555554,-80.5046,-37.9724,34
5434,2,2019-02-10,21:08:43,12,MTP011,STP043,E,F,339.03,6.909722222222222,56.2509,31.0861,34
5436,1,2019-02-11,00:25:47,04,MTP011,STP043,I,P,339.1,1.5333333333333332,-80.7021,-97.5139,34
5436,2,2019-02-11,01:04:29,10,MTP011,STP043,E,F,339.11,6.920833333333333,56.6718,-26.1166,34
5439,1,2019-02-11,06:19:14,05,MTP011,STP043,I,F,339.23,1.2977777777777777,-80.9744,172.9481,34
5439,2,2019-02-11,06:58:08,06,MTP011,STP043,E,F,339.24,6.930000000000001,57.0932,-112.0287,34
5445,1,2019-02-11,18:45:30,12,MTP011,STP043,E,F,339.51,6.956111111111111,58.1177,76.2356,34
5447,1,2019-02-11,22:41:22,11,MTP011,STP043,E,F,339.59,6.9675,58.5194,19.0116,34
5451,1,2019-02-12,06:32:51,10,MTP011,STP043,E,F,339.77,6.983055555555556,59.1305,-95.4805,34
5454,1,2019-02-12,11:46:52,04,MTP011,STP043,I,P,339.89,0.10666666666666667,-81.7432,84.9637,34
5458,1,2019-02-12,19:38:12,06,MTP011,STP043,I,F,340.06,23.780277777777776,-81.8035,-34.6231,34
5461,1,2019-02-13,02:11:50,05,MTP011,STP043,E,F,340.21,7.0313888888888885,60.8228,-21.6408,34
5464,1,2019-02-13,07:25:12,11,MTP011,STP043,I,F,340.32,23.283055555555556,-81.7803,145.8808,34
5469,1,2019-02-13,17:54:52,12,MTP011,STP043,E,F,340.55,7.0616666666666665,61.9151,109.3395,34
5471,1,2019-02-13,21:50:44,04,MTP011,STP043,E,P,340.64,7.069999999999999,62.1976,52.068,34
5473,1,2019-02-14,01:46:31,10,MTP011,STP043,E,F,340.73,7.083055555555555,62.5839,-5.1064,34
5477,1,2019-02-14,09:38:00,05,MTP011,STP043,E,F,340.9,7.093055555555555,62.9928,-119.6867,34
5481,1,2019-02-14,17:29:30,06,MTP011,STP043,E,F,341.08,7.112777777777778,63.6019,125.8801,34
5484,1,2019-02-14,22:42:12,12,MTP011,STP043,I,F,341.19,21.84583333333333,-80.8833,-89.2157,34
5487,1,2019-02-15,05:16:50,11,MTP011,STP043,E,F,341.34,7.139444444444445,64.4246,-45.8427,34
5489,1,2019-02-15,09:12:35,10,MTP011,STP043,E,F,341.42,7.142222222222222,64.5817,-103.1625,34
5494,1,2019-02-15,18:20:35,04,MTP011,STP043,I,P,341.63,21.28638888888889,-80.0886,-24.3527,34
5496,1,2019-02-15,22:16:23,06,MTP011,STP043,I,F,341.71,21.182222222222222,-79.8993,-83.2887,34
5500,1,2019-02-16,06:07:42,05,MTP011,STP043,I,F,341.89,21.00861111111111,-79.5609,159.4182,34
5502,1,2019-02-16,10:03:28,11,MTP011,STP043,I,F,341.97,20.89527777777778,-79.2966,100.3477,34
5507,1,2019-02-16,20:34:24,04,MTP011,STP044,E,P,342.2,7.2175,66.8022,101.6489,34
5511,1,2019-02-17,04:25:55,05,MTP011,STP044,E,F,342.38,7.240277777777778,67.3668,-12.7441,34
5513,1,2019-02-17,08:21:37,06,MTP011,STP044,E,F,342.46,7.2427777777777775,67.5015,-70.062,34
5518,1,2019-02-17,17:29:04,12,MTP011,STP044,I,F,342.67,20.316666666666666,-77.6405,-7.1701,34
5520,1,2019-02-17,21:24:50,11,MTP011,STP044,I,F,342.75,20.2425,-77.3558,-65.6505,34
5523,1,2019-02-18,04:00:25,10,MTP011,STP044,E,F,342.9,7.2924999999999995,68.7293,3.8353,34
5526,1,2019-02-18,09:11:56,04,MTP011,STP044,I,P,343.01,20.068055555555556,-76.6412,119.6644,34
5529,1,2019-02-18,15:47:39,05,MTP011,STP044,E,F,343.16,7.316944444444444,69.3571,-167.8931,34
5532,1,2019-02-18,20:59:07,06,MTP011,STP044,I,F,343.27,19.91444444444444,-75.9222,-54.7223,34
5535,1,2019-02-19,03:34:52,12,MTP011,STP044,E,F,343.41,7.343611111111111,69.996,20.4154,34
5537,1,2019-02-19,07:30:32,11,MTP011,STP044,E,F,343.5,7.349166666666666,70.1618,-36.8509,34
5541,1,2019-02-19,15:22:04,10,MTP011,STP044,E,F,343.67,7.368888888888889,70.5966,-151.2978,34
5543,1,2019-02-19,19:17:43,04,MTP011,STP044,E,P,343.76,7.377777777777777,70.7991,151.4924,34
5547,1,2019-02-20,03:09:17,05,MTP011,STP044,E,F,343.93,7.397222222222223,71.219,37.0346,34
5549,1,2019-02-20,07:04:58,06,MTP011,STP044,E,F,344.02,7.406388888888889,71.4156,-20.1826,34
5551,1,2019-02-20,11:00:42,12,MTP011,STP044,E,F,344.1,7.41,71.55,-77.4878,34
5555,1,2019-02-20,18:52:08,11,MTP011,STP044,E,F,344.28,7.4375,72.0407,168.2031,34
5557,1,2019-02-20,22:47:55,10,MTP011,STP044,E,F,344.36,7.438055555555556,72.1367,110.8364,34
5561,1,2019-02-21,06:39:23,04,MTP011,STP044,E,P,344.53,7.467222222222222,72.6283,-3.4515,34
5563,1,2019-02-21,10:35:05,05,MTP011,STP044,E,F,344.62,7.469722222222222,72.7432,-60.7675,34
5567,1,2019-02-21,18:26:34,06,MTP011,STP044,E,F,344.79,7.499722222222222,73.2261,-175.0507,34
5571,1,2019-02-22,02:18:07,12,MTP011,STP044,E,F,344.96,7.515,73.5491,70.4329,34
5573,1,2019-02-22,06:13:46,11,MTP011,STP044,E,F,345.05,7.534166666666667,73.8175,13.3736,34
5577,1,2019-02-22,14:05:15,10,MTP011,STP044,E,F,345.22,7.548333333333333,74.1208,-101.1404,34
5579,1,2019-02-22,18:00:59,04,MTP011,STP044,E,P,345.31,7.567777777777778,74.3799,-158.2162,34
5581,1,2019-02-22,21:56:37,05,MTP011,STP044,E,F,345.39,7.571666666666666,74.5001,144.5032,34
5587,1,2019-02-23,09:43:49,06,MTP011,STP044,E,F,345.65,7.608888888888888,75.0692,-27.0293,34
5592,1,2019-02-23,18:51:08,04,MTP012,STP045,I,P,345.85,18.952222222222222,-67.629,9.9336,34
5594,1,2019-02-23,22:46:53,05,MTP012,STP045,I,F,345.93,18.927500000000002,-67.2335,-47.8048,34
5598,1,2019-02-24,06:38:23,06,MTP012,STP045,I,F,346.11,18.890833333333333,-66.6746,-163.0925,34
5600,1,2019-02-24,10:34:05,12,MTP012,STP045,I,F,346.19,18.869722222222222,-66.3151,139.2361,34
5603,1,2019-02-24,17:09:39,11,MTP012,STP045,E,F,346.33,7.728611111111111,76.6218,-124.139,34
5606,1,2019-02-24,22:21:22,10,MTP012,STP045,I,F,346.45,18.81361111111111,-65.3299,-33.7174,34
5609,1,2019-02-25,04:56:50,04,MTP012,STP045,E,P,346.59,7.777222222222222,77.179,64.5043,34
5612,1,2019-02-25,10:08:37,05,MTP012,STP045,I,F,346.7,18.7625,-64.3555,153.41,34
5615,1,2019-02-25,16:44:00,06,MTP012,STP045,E,F,346.85,7.823055555555555,77.6918,-106.8928,34
5617,1,2019-02-25,20:39:37,12,MTP012,STP045,E,F,346.93,7.8549999999999995,77.9546,-163.7509,34
5621,1,2019-02-26,04:31:07,11,MTP012,STP045,E,F,347.1,7.887777777777777,78.2872,82.0043,34
5623,1,2019-02-26,08:26:47,10,MTP012,STP045,E,F,347.19,7.913611111111112,78.4994,25.0423,34
5628,1,2019-02-26,17:34:51,04,MTP012,STP045,I,P,347.39,18.638055555555557,-61.5433,52.5407,34
5630,1,2019-02-26,21:30:29,05,MTP012,STP045,I,F,347.47,18.62611111111111,-61.2537,-4.9844,34
5633,1,2019-02-27,04:05:24,06,MTP012,STP045,E,F,347.61,8.015555555555556,79.3612,99.7608,34
5636,1,2019-02-27,09:17:51,12,MTP012,STP045,I,F,347.73,18.584444444444443,-60.1167,-177.7411,34
5639,1,2019-02-27,15:52:29,11,MTP012,STP045,E,F,347.87,8.0975,79.9307,-71.0757,34
5642,1,2019-02-27,21:05:11,10,MTP012,STP045,I,F,347.98,18.546111111111113,-58.9925,9.559,34
5646,1,2019-02-28,04:56:51,04,MTP012,STP045,I,P,348.15,18.51861111111111,-58.0616,-105.634,34
5648,1,2019-02-28,08:52:34,05,MTP012,STP045,I,F,348.24,18.508333333333333,-57.7523,-163.1454,34
5653,1,2019-02-28,19:22:29,06,MTP012,STP045,E,F,348.46,8.33,81.238,-109.1098,34
5655,1,2019-02-28,23:18:05,12,MTP012,STP045,E,F,348.55,8.377500000000001,81.4484,-165.73,34
5659,1,2019-03-01,07:09:36,11,MTP012,STP045,E,F,348.72,8.46888888888889,81.8345,80.897,34
5661,1,2019-03-01,11:05:14,10,MTP012,STP045,E,F,348.8,8.505,81.9915,24.0982,34
5665,1,2019-03-01,18:56:43,04,MTP012,STP045,E,P,348.97,8.601111111111111,82.3514,-89.1941,34
5669,1,2019-03-02,02:48:04,05,MTP012,STP045,E,F,349.14,8.6925,82.6754,157.4759,34
5671,1,2019-03-02,06:43:49,06,MTP012,STP045,E,F,349.23,8.779722222222222,82.9161,101.4141,34
5678,1,2019-03-02,19:49:42,04,MTP012,STP046,I,P,349.51,18.350555555555555,-51.0506,53.7319,34
5678,2,2019-03-02,20:28:45,05,MTP012,STP046,E,P,349.52,9.030555555555557,83.5578,-95.5721,34
5680,1,2019-03-02,23:45:25,06,MTP012,STP046,I,P,349.59,18.341666666666665,-50.5774,-3.7627,34
5680,2,2019-03-03,00:24:22,12,MTP012,STP046,E,P,349.61,9.10388888888889,83.7239,-151.8081,34
5683,1,2019-03-03,05:39:17,11,MTP012,STP046,I,P,349.72,18.326666666666668,-49.6903,-90.101,34
5683,2,2019-03-03,06:18:00,10,MTP012,STP046,E,P,349.73,9.25388888888889,84.0135,124.3887,34
5686,1,2019-03-03,11:32:54,05,MTP012,STP046,I,P,349.85,18.315,-49.0464,-176.3282,34
5686,2,2019-03-03,12:11:28,04,MTP012,STP046,E,P,349.86,9.385277777777777,84.2523,40.3419,34
5690,1,2019-03-03,19:24:41,12,MTP012,STP046,I,P,350.02,18.297222222222224,-47.9216,68.5993,34
5690,2,2019-03-03,20:02:54,06,MTP012,STP046,E,P,350.03,9.63,84.6125,-70.7094,34
5694,1,2019-03-04,03:16:20,10,MTP012,STP046,I,P,350.18,18.279444444444444,-46.7264,-46.4405,34
5694,2,2019-03-04,03:54:18,11,MTP012,STP046,E,P,350.2,9.789722222222222,84.8481,176.9752,34
5696,1,2019-03-04,07:12:12,04,MTP012,STP046,I,P,350.27,18.271666666666665,-46.1878,-103.9581,34
5696,2,2019-03-04,07:49:59,05,MTP012,STP046,E,P,350.28,10.030000000000001,85.0817,123.2224,34
5698,1,2019-03-04,11:07:58,06,MTP012,STP046,I,P,350.35,18.264444444444443,-45.6996,-161.4381,34
5698,2,2019-03-04,11:45:35,12,MTP012,STP046,E,P,350.37,10.196111111111112,85.2349,68.3804,34
5704,1,2019-03-04,22:55:31,11,MTP012,STP046,I,P,350.61,18.241944444444446,-44.0076,26.0413,34
5704,2,2019-03-04,23:32:39,10,MTP012,STP046,E,P,350.62,10.764444444444445,85.6354,-95.1564,34
5707,1,2019-03-05,04:49:24,05,MTP012,STP046,I,P,350.73,18.228888888888886,-42.8733,-60.2706,34
5707,2,2019-03-05,05:26:15,04,MTP012,STP046,E,P,350.75,10.972222222222223,85.7622,-178.0887,34
5710,1,2019-03-05,10:43:07,12,MTP012,STP046,I,P,350.86,18.21944444444444,-42.0935,-146.4912,34
5710,2,2019-03-05,11:19:43,06,MTP012,STP046,E,P,350.87,11.398333333333333,85.9171,102.2878,34
5713,1,2019-03-05,16:36:58,10,MTP012,STP046,I,P,350.99,18.206944444444442,-40.9029,127.2109,34
5713,2,2019-03-05,17:13:14,11,MTP012,STP046,E,P,351.0,11.715,86.0096,21.0077,34
5716,1,2019-03-05,22:30:45,04,MTP012,STP046,I,P,351.11,18.198055555555555,-40.1283,40.9856,34
5716,2,2019-03-05,23:06:44,05,MTP012,STP046,E,P,351.13,12.1775,86.0696,-58.0811,34
5720,1,2019-03-06,06:22:37,06,MTP012,STP046,I,P,351.28,18.18277777777778,-38.5153,-74.0721,34
5720,2,2019-03-06,06:58:09,12,MTP012,STP046,E,P,351.29,12.64111111111111,86.09,-165.8458,34
5722,1,2019-03-06,10:18:28,11,MTP012,STP046,I,P,351.36,18.17666666666667,-37.8745,-131.5593,34
5722,2,2019-03-06,10:53:45,10,MTP012,STP046,E,P,351.38,13.06638888888889,86.0269,143.2006,34
5728,1,2019-03-06,22:06:10,05,MTP012,STP046,I,P,351.62,18.157777777777778,-35.7487,55.9363,34
5728,2,2019-03-06,22:40:46,04,MTP012,STP046,E,P,351.63,13.825555555555555,85.8195,-17.467,34
5732,1,2019-03-07,05:58:02,12,MTP012,STP046,I,P,351.79,18.14361111111111,-33.9583,-59.1044,34
5732,2,2019-03-07,06:32:07,06,MTP012,STP046,E,P,351.8,14.282222222222224,85.5967,-125.3186,34
5734,1,2019-03-07,09:53:56,10,MTP012,STP046,I,P,351.87,18.138333333333332,-33.2641,-116.5906,34
5734,2,2019-03-07,10:27:44,11,MTP012,STP046,E,P,351.88,14.626111111111111,85.3366,-177.5015,34
5738,1,2019-03-07,17:45:49,04,MTP012,STP046,I,P,352.04,18.125,-31.4103,128.3782,34
5738,2,2019-03-07,18:19:02,05,MTP012,STP046,E,P,352.05,15.005,84.9985,73.4921,34
5741,1,2019-03-07,23:39:43,06,MTP012,STP046,I,P,352.16,18.11722222222222,-30.2793,42.1374,34
5741,2,2019-03-08,00:12:29,12,MTP012,STP046,E,P,352.17,15.34,84.5789,-7.4959,34
5745,1,2019-03-08,07:31:44,11,MTP012,STP046,I,P,352.33,18.104444444444447,-28.2268,-72.9211,34
5745,2,2019-03-08,08:03:52,10,MTP012,STP046,E,P,352.34,15.648055555555555,84.1052,-117.5863,34
5747,1,2019-03-08,11:27:37,05,MTP012,STP046,I,P,352.41,18.099444444444444,-27.439,-130.3989,34
5747,2,2019-03-08,11:59:26,04,MTP012,STP046,E,P,352.43,15.845277777777778,83.7014,-171.9537,34
5750,1,2019-03-08,17:21:36,12,MTP012,STP046,I,P,352.54,18.090277777777775,-25.7946,143.3188,34
5750,2,2019-03-08,17:52:53,06,MTP012,STP046,E,P,352.55,16.015833333333333,83.3257,104.59,34
5755,1,2019-03-09,03:11:34,10,MTP012,STP046,I,P,352.75,18.076666666666668,-23.271,-0.4514,34
5755,2,2019-03-09,03:41:56,11,MTP012,STP046,E,P,352.76,16.316111111111113,82.4508,-34.2477,34
5757,1,2019-03-09,07:07:42,04,MTP012,STP046,I,P,352.83,18.070555555555554,-22.0437,-58.0063,34
5757,2,2019-03-09,07:37:40,05,MTP012,STP046,E,P,352.84,16.40861111111111,82.1316,-90.2293,34
5760,1,2019-03-09,16:57:44,04,MTP012,STP047,I,P,353.04,18.056944444444444,-19.1259,158.2032,34
5760,2,2019-03-09,17:26:38,05,MTP012,STP047,E,F,353.05,16.652777777777775,81.0528,130.1057,34
5764,1,2019-03-09,20:53:49,06,MTP012,STP047,I,F,353.13,18.052222222222223,-18.0729,100.678,34
5764,2,2019-03-09,21:22:19,12,MTP012,STP047,E,F,353.14,16.73222222222222,80.6294,73.9426,34
5766,1,2019-03-10,00:49:49,11,MTP012,STP047,I,F,353.21,18.047222222222224,-16.9274,43.1728,34
5766,2,2019-03-10,01:17:50,10,MTP012,STP047,E,F,353.22,16.82611111111111,80.0341,18.0357,34
5770,1,2019-03-10,08:42:08,05,MTP012,STP047,I,F,353.38,18.035833333333336,-14.0011,-71.9392,34
5770,2,2019-03-10,09:09:06,04,MTP012,STP047,E,P,353.39,16.960833333333333,79.0616,-94.6252,34
5772,1,2019-03-10,12:38:09,12,MTP012,STP047,I,F,353.46,18.03111111111111,-12.781,-129.4443,34
5772,2,2019-03-10,13:04:36,06,MTP012,STP047,E,F,353.47,17.03611111111111,78.3858,-150.8053,34
5776,1,2019-03-10,20:30:28,10,MTP012,STP047,I,F,353.63,18.02,-9.6968,115.4465,34
5776,2,2019-03-10,20:55:47,11,MTP012,STP047,E,F,353.64,17.1425,77.3191,96.1256,34
5778,1,2019-03-11,00:26:33,04,MTP012,STP047,I,P,353.71,18.015555555555554,-8.4074,57.9292,34
5778,2,2019-03-11,00:51:17,05,MTP012,STP047,E,F,353.72,17.202222222222222,76.578,39.7109,34
5781,1,2019-03-11,06:20:54,06,MTP012,STP047,I,F,353.84,18.006666666666668,-5.668,-28.4361,34
5781,2,2019-03-11,06:44:39,12,MTP012,STP047,E,F,353.85,17.262777777777778,75.7932,-45.3764,34
5784,1,2019-03-11,12:15:11,11,MTP012,STP047,I,F,353.96,17.99888888888889,-3.2535,-114.7655,34
5784,2,2019-03-11,12:37:52,10,MTP012,STP047,E,F,353.97,17.348055555555554,74.3284,-130.0512,34
5787,1,2019-03-11,18:09:36,05,MTP012,STP047,I,F,354.09,17.989722222222223,-0.1571,158.8437,34
5787,2,2019-03-11,18:31:07,04,MTP012,STP047,E,P,354.1,17.403333333333332,73.2781,144.8102,34
5790,1,2019-03-12,00:04:01,12,MTP012,STP047,I,F,354.21,17.98222222222222,2.4496,72.4839,34
5790,2,2019-03-12,00:24:25,06,MTP012,STP047,E,F,354.22,17.46,71.98,59.686,34
5793,1,2019-03-12,05:58:32,10,MTP012,STP047,I,F,354.34,17.972777777777775,5.8588,-13.9301,34
5793,2,2019-03-12,06:17:31,11,MTP012,STP047,E,F,354.35,17.515,70.4607,-25.4192,34
5889,1,2019-03-20,02:04:39,09,MTP012,STP048,C,P,358.3,18.350833333333334,-77.3912,125.1813,34
5950,1,2019-03-25,04:09:41,09,MTP013,STP049,C,P,0.84,18.020833333333332,-21.2231,137.6083,35
5969,1,2019-03-26,16:37:25,12,MTP013,STP049,E,P,1.6,6.012222222222222,-1.6465,145.066,35
5972,1,2019-03-26,22:31:50,11,MTP013,STP049,E,P,1.72,6.015,-4.8194,58.8595,35
5975,1,2019-03-27,04:26:15,05,MTP013,STP049,E,P,1.84,6.017777777777778,-7.3654,-27.3531,35
5978,1,2019-03-27,10:20:35,06,MTP013,STP049,E,P,1.97,6.021111111111111,-10.2355,-113.5331,35
5981,1,2019-03-27,15:51:06,12,MTP013,STP049,I,P,2.08,5.872777777777778,69.5118,163.8018,35
5981,2,2019-03-27,16:14:57,10,MTP013,STP049,E,P,2.09,6.0247222222222225,-12.7287,160.2752,35
5983,1,2019-03-27,19:46:40,11,MTP013,STP049,I,P,2.16,5.862777777777778,70.0338,106.3216,35
5983,2,2019-03-27,20:11:11,04,MTP013,STP049,E,P,2.17,6.027222222222222,-14.5735,102.8286,35
5987,1,2019-03-28,03:37:47,05,MTP013,STP049,I,P,2.32,5.836944444444444,71.4745,-8.7153,35
5987,2,2019-03-28,04:03:26,12,MTP013,STP049,E,P,2.33,6.031944444444444,-17.212,-12.0297,35
5989,1,2019-03-28,07:33:22,06,MTP013,STP049,I,P,2.4,5.8244444444444445,72.0377,-66.2364,35
5989,2,2019-03-28,07:59:35,11,MTP013,STP049,E,P,2.41,6.035,-18.8038,-69.4564,35
5993,1,2019-03-28,15:24:30,10,MTP013,STP049,I,P,2.57,5.793333333333333,73.389,178.6406,35
5993,2,2019-03-28,15:51:47,05,MTP013,STP049,E,P,2.58,6.040555555555556,-21.4242,175.709,35
5995,1,2019-03-28,19:20:10,04,MTP013,STP049,I,P,2.65,5.780833333333334,73.737,121.0989,35
5995,2,2019-03-28,19:47:56,06,MTP013,STP049,E,P,2.66,6.043888888888889,-22.946,118.2878,35
5997,1,2019-03-28,23:15:38,12,MTP013,STP049,I,P,2.73,5.762222222222222,74.4219,63.5155,35
5997,2,2019-03-28,23:43:53,10,MTP013,STP049,E,P,2.74,6.046666666666667,-24.061,60.9099,35
6001,1,2019-03-29,07:06:57,11,MTP013,STP049,I,P,2.89,5.727777777777778,75.3804,-51.698,35
6001,2,2019-03-29,07:36:04,04,MTP013,STP049,E,P,2.9,6.053055555555555,-26.3722,-53.9059,35
6003,1,2019-03-29,11:02:32,05,MTP013,STP049,I,P,2.97,5.711111111111111,75.7663,-109.2819,35
6003,2,2019-03-29,11:32:01,12,MTP013,STP049,E,P,2.98,6.056388888888889,-27.4173,-111.2804,35
6008,1,2019-03-29,20:51:37,06,MTP013,STP049,I,P,3.17,5.656666666666667,77.019,106.5409,35
6008,2,2019-03-29,21:22:09,11,MTP013,STP049,E,P,3.18,6.065555555555555,-30.2528,105.242,35
6011,1,2019-03-30,02:45:03,10,MTP013,STP049,I,P,3.3,5.62,77.7288,19.9755,35
6011,2,2019-03-30,03:16:08,05,MTP013,STP049,E,P,3.31,6.070555555555555,-31.5835,19.1715,35
6013,1,2019-03-30,06:40:45,04,MTP013,STP049,I,P,3.38,5.5975,78.0792,-37.7222,35
6013,2,2019-03-30,07:12:09,06,MTP013,STP049,E,P,3.39,6.0744444444444445,-32.5597,-38.209,35
6019,1,2019-03-30,18:27:43,04,MTP013,STP050,I,P,3.62,5.512777777777778,79.3102,148.9564,35
6019,2,2019-03-30,19:00:06,05,MTP013,STP050,E,P,3.63,6.086666666666666,-35.3999,149.6831,35
6021,1,2019-03-30,22:23:18,06,MTP013,STP050,I,P,3.7,5.483055555555556,79.656,91.1811,35
6021,2,2019-03-30,22:56:00,12,MTP013,STP050,E,P,3.71,6.091111111111111,-36.341,92.3396,35
6024,1,2019-03-31,03:49:43,09,MTP013,STP050,C,P,3.81,18.1,35.1231,-159.0083,35
6026,1,2019-03-31,08:12:31,11,MTP013,STP050,I,P,3.9,5.394722222222223,80.5971,-53.5398,35
6026,2,2019-03-31,08:45:56,10,MTP013,STP050,E,P,3.91,6.101666666666667,-38.3043,-51.0702,35
6028,1,2019-03-31,12:08:09,05,MTP013,STP050,I,P,3.98,5.362222222222222,80.8636,-111.3744,35
6028,2,2019-03-31,12:41:49,04,MTP013,STP050,E,P,3.99,6.106111111111111,-39.0281,-108.41,35
6032,1,2019-03-31,19:59:35,12,MTP013,STP050,I,P,4.14,5.2716666666666665,81.6161,132.5387,35
6032,2,2019-03-31,20:33:50,06,MTP013,STP050,E,P,4.16,6.116388888888888,-40.8026,136.8705,35
6035,1,2019-04-01,01:53:00,10,MTP013,STP050,I,P,4.26,5.193611111111111,82.1645,45.3563,35
6035,2,2019-04-01,02:27:35,11,MTP013,STP050,E,P,4.28,6.122777777777777,-41.6493,50.8751,35
6038,1,2019-04-01,07:46:37,04,MTP013,STP050,I,P,4.39,5.122222222222222,82.5623,-41.7708,35
6038,2,2019-04-01,08:21:34,05,MTP013,STP050,E,P,4.4,6.1305555555555555,-42.8302,-35.1512,35
6041,1,2019-04-01,13:40:03,06,MTP013,STP050,I,P,4.51,5.026666666666666,83.0706,-129.2193,35
6041,2,2019-04-01,14:15:21,12,MTP013,STP050,E,P,4.52,6.138055555555556,-43.7774,-121.1378,35
6045,1,2019-04-01,21:31:31,11,MTP013,STP050,I,P,4.67,4.9,83.6051,114.1431,35
6045,2,2019-04-01,22:07:14,10,MTP013,STP050,E,P,4.68,6.1497222222222225,-45.2578,124.1952,35
6047,1,2019-04-02,01:27:07,05,MTP013,STP050,I,P,4.75,4.803333333333333,83.992,55.3579,35
6047,2,2019-04-02,02:03:02,04,MTP013,STP050,E,P,4.76,6.154444444444445,-45.7311,66.8808,35
6051,1,2019-04-02,09:18:36,12,MTP013,STP050,I,P,4.91,4.644444444444444,84.4716,-61.7681,35
6051,2,2019-04-02,09:54:55,06,MTP013,STP050,E,P,4.92,6.166111111111111,-47.0495,-47.7825,35
6053,1,2019-04-02,13:14:13,10,MTP013,STP050,I,P,4.99,4.538888888888889,84.7597,-120.6929,35
6053,2,2019-04-02,13:50:45,11,MTP013,STP050,E,P,5.0,6.171666666666667,-47.5872,-105.093,35
6058,1,2019-04-02,23:03:30,04,MTP013,STP050,I,P,5.19,4.241666666666667,85.402,91.4396,35
6058,2,2019-04-02,23:40:29,05,MTP013,STP050,E,P,5.2,6.187777777777778,-49.1628,111.6265,35
6061,1,2019-04-03,04:57:04,06,MTP013,STP050,I,P,5.31,4.012777777777778,85.7868,1.9539,35
6061,2,2019-04-03,05:34:18,12,MTP013,STP050,E,P,5.32,6.195833333333334,-49.8149,25.6441,35
6063,1,2019-04-03,08:52:46,11,MTP013,STP050,I,P,5.39,3.8408333333333333,86.0253,-57.9849,35
6063,2,2019-04-03,09:30:13,10,MTP013,STP050,E,P,5.4,6.203611111111111,-50.5292,-31.657,35
6067,1,2019-04-03,16:44:07,05,MTP013,STP050,I,P,5.55,3.3633333333333333,86.5479,-179.8554,35
6067,2,2019-04-03,17:21:51,04,MTP013,STP050,E,P,5.57,6.2155555555555555,-51.4045,-146.2587,35
6070,1,2019-04-03,22:37:42,12,MTP013,STP050,I,P,5.67,3.104166666666667,86.7281,90.204,35
6070,2,2019-04-03,23:15:42,06,MTP013,STP050,E,P,5.69,6.2275,-52.3968,127.8081,35
6074,1,2019-04-04,06:29:09,10,MTP013,STP050,I,P,5.83,2.5191666666666666,87.0664,-33.3044,35
6074,2,2019-04-04,07:07:25,11,MTP013,STP050,E,P,5.85,6.24,-53.1957,13.1983,35
6076,1,2019-04-04,10:24:51,04,MTP013,STP050,I,P,5.91,2.2472222222222222,87.172,-94.7463,35
6076,2,2019-04-04,11:03:14,05,MTP013,STP050,E,P,5.93,6.247777777777777,-53.7358,-44.0756,35
6079,1,2019-04-04,16:18:21,06,MTP013,STP050,I,P,6.03,1.551111111111111,87.3833,168.7837,35
6079,2,2019-04-04,16:56:58,12,MTP013,STP050,E,P,6.05,6.258055555555556,-54.3436,-130.0098,35
6083,1,2019-04-05,00:09:48,11,MTP013,STP050,I,P,6.19,0.9527777777777777,87.449,45.0731,35
6083,2,2019-04-05,00:48:38,10,MTP013,STP050,E,P,6.21,6.274444444444445,-55.3625,115.4483,35
6086,1,2019-04-05,06:03:24,05,MTP013,STP050,I,P,6.32,0.24944444444444444,87.4715,-51.5297,35
6086,2,2019-04-05,06:42:26,04,MTP013,STP050,E,P,6.33,6.285,-55.9139,29.5043,35
6089,1,2019-04-05,11:56:56,12,MTP013,STP050,I,P,6.44,23.739166666666666,87.4199,-145.2256,35
6089,2,2019-04-05,12:36:09,06,MTP013,STP050,E,P,6.45,6.298055555555555,-56.653,-56.3823,35
6092,1,2019-04-05,17:50:30,10,MTP013,STP050,I,P,6.56,22.983888888888888,87.2795,117.4032,35
6095,1,2019-04-06,00:23:38,11,MTP013,STP050,E,P,6.69,6.323333333333333,-57.9014,131.8194,35
6099,1,2019-04-06,08:15:20,04,MTP013,STP050,E,P,6.85,6.339444444444444,-58.5923,17.2648,35
6101,1,2019-04-06,12:11:07,05,MTP013,STP050,E,P,6.93,6.349444444444444,-59.0518,-39.9682,35
6107,1,2019-04-06,23:58:35,04,MTP013,STP051,E,P,7.17,6.378055555555555,-60.2227,148.286,35
6110,1,2019-04-07,05:11:56,05,MTP013,STP051,I,P,7.28,20.93138888888889,85.7846,-69.6712,35
6112,1,2019-04-07,09:07:44,06,MTP013,STP051,I,P,7.36,20.833888888888886,85.6189,-128.5238,35
6116,1,2019-04-07,16:59:06,12,MTP013,STP051,I,P,7.52,20.585555555555555,85.1684,113.037,35
6118,1,2019-04-07,20:54:53,11,MTP013,STP051,I,P,7.6,20.470277777777778,84.9227,53.9264,35
6123,1,2019-04-08,07:24:57,10,MTP013,STP051,E,P,7.81,6.455277777777778,-62.7772,50.3645,35
6125,1,2019-04-08,11:20:46,04,MTP013,STP051,E,P,7.89,6.467777777777778,-63.1798,-6.8392,35
6127,1,2019-04-08,15:16:28,05,MTP013,STP051,E,P,7.97,6.477222222222222,-63.4295,-64.0553,35
6132,1,2019-04-09,00:24:56,06,MTP013,STP051,I,P,8.15,19.9875,83.3842,5.1148,35
6135,1,2019-04-09,06:59:38,12,MTP013,STP051,E,P,8.29,6.521111111111111,-64.5632,67.0627,35
6138,1,2019-04-09,12:12:06,11,MTP013,STP051,I,P,8.39,19.82111111111111,82.6196,-169.4823,35
6141,1,2019-04-09,18:47:01,10,MTP013,STP051,E,P,8.53,6.5575,-65.4551,-104.5442,35
6145,1,2019-04-10,02:38:34,04,MTP013,STP051,E,P,8.69,6.585,-66.106,141.1083,35
6149,1,2019-04-10,10:30:11,05,MTP013,STP051,E,P,8.84,6.60861111111111,-66.5737,26.6852,35
6151,1,2019-04-10,14:25:54,06,MTP013,STP051,E,P,8.92,6.623333333333334,-66.889,-30.4617,35
6156,1,2019-04-10,23:33:43,12,MTP013,STP051,I,P,9.11,19.496944444444445,80.3846,29.3244,35
6159,1,2019-04-11,06:08:57,11,MTP013,STP051,E,P,9.24,6.674444444444445,-67.8047,100.7959,35
6161,1,2019-04-11,10:04:49,10,MTP013,STP051,E,P,9.32,6.688611111111111,-68.0537,43.6064,35
6165,1,2019-04-11,17:56:16,04,MTP013,STP051,E,P,9.48,6.716666666666667,-68.5214,-70.7081,35
6168,1,2019-04-11,23:08:08,05,MTP013,STP051,I,P,9.59,19.345,78.8123,42.8194,35
6172,1,2019-04-12,06:59:30,06,MTP013,STP051,I,P,9.74,19.299722222222226,78.2575,-72.5743,35
6174,1,2019-04-12,10:55:18,12,MTP013,STP051,I,P,9.82,19.281666666666666,78.0051,-130.2327,35
6177,1,2019-04-12,17:30:50,11,MTP013,STP051,E,P,9.96,6.807777777777778,-69.8843,-53.6032,35
6181,1,2019-04-13,01:22:27,10,MTP013,STP051,E,P,10.11,6.842777777777777,-70.3731,-167.8558,35
6184,1,2019-04-13,06:33:55,04,MTP013,STP051,I,P,10.22,19.193333333333335,76.6618,-58.4008,35
6190,1,2019-04-13,18:21:08,04,MTP013,STP052,I,P,10.46,19.148333333333333,75.8576,128.8084,35
6193,1,2019-04-14,00:57:00,05,MTP013,STP052,E,P,10.59,6.943333333333333,-71.5575,-150.606,35
6196,1,2019-04-14,06:08:21,06,MTP013,STP052,I,P,10.69,19.105,75.017,-43.9543,35
6199,1,2019-04-14,12:44:18,12,MTP013,STP052,E,P,10.83,6.997222222222223,-72.1206,38.0667,35
6202,1,2019-04-14,17:55:39,11,MTP013,STP052,I,P,10.93,19.0675,74.1965,143.3524,35
6207,1,2019-04-15,04:27:14,10,MTP013,STP052,E,P,11.14,7.075,-72.8746,169.752,35
6209,1,2019-04-15,08:22:58,04,MTP013,STP052,E,P,11.22,7.0874999999999995,-72.9493,112.5713,35
6211,1,2019-04-15,12:18:48,05,MTP013,STP052,E,P,11.3,7.110277777777777,-73.1623,55.5176,35
6215,1,2019-04-15,20:10:14,06,MTP013,STP052,E,P,11.46,7.147777777777778,-73.4645,-58.6493,35
6217,1,2019-04-16,00:06:03,12,MTP013,STP052,E,P,11.54,7.17,-73.6493,-115.7099,35
6222,1,2019-04-16,09:13:13,11,MTP013,STP052,I,P,11.72,18.948611111111113,71.1658,-72.1961,35
6224,1,2019-04-16,13:09:03,10,MTP013,STP052,I,P,11.8,18.939722222222223,70.8842,-129.72,35
6227,1,2019-04-16,19:44:44,04,MTP013,STP052,E,P,11.93,7.275833333333333,-74.4289,-40.9803,35
6230,1,2019-04-17,00:56:19,05,MTP013,STP052,I,P,12.04,18.910277777777775,69.9523,57.7058,35
6233,1,2019-04-17,07:31:57,06,MTP013,STP052,E,P,12.17,7.345277777777778,-74.8993,147.948,35
6236,1,2019-04-17,12:43:36,12,MTP013,STP052,I,P,12.27,18.881666666666668,68.9913,-114.8551,35
6239,1,2019-04-17,19:19:12,11,MTP013,STP052,E,P,12.41,7.414444444444444,-75.3206,-23.1367,35
6241,1,2019-04-17,23:15:00,10,MTP013,STP052,I,P,12.48,7.435833333333334,-75.4342,-80.2053,35
6246,1,2019-04-18,08:22:21,04,MTP013,STP052,I,P,12.67,18.8375,67.361,-42.3901,35
6248,1,2019-04-18,12:18:14,05,MTP013,STP052,I,P,12.75,18.827222222222222,66.9821,-99.9506,35
6252,1,2019-04-18,20:09:43,06,MTP013,STP052,I,P,12.9,18.811944444444446,66.3434,145.0769,35
6256,1,2019-04-19,04:01:20,12,MTP013,STP052,I,P,13.06,18.796666666666667,65.6886,30.0715,35
6258,1,2019-04-19,07:57:01,11,MTP013,STP052,I,P,13.14,18.78777777777778,65.3166,-27.421,35
6262,1,2019-04-19,15:48:39,10,MTP013,STP052,I,P,13.3,18.77138888888889,64.5988,-142.4487,35
6264,1,2019-04-19,19:44:20,04,MTP013,STP052,I,P,13.37,18.764444444444443,64.268,160.0895,35
6268,1,2019-04-20,03:35:59,05,MTP013,STP052,I,P,13.53,18.748333333333335,63.524,45.0609,35
6270,1,2019-04-20,07:31:39,06,MTP013,STP052,I,P,13.61,18.741666666666667,63.1914,-12.392,35
6272,1,2019-04-20,11:27:32,12,MTP013,STP052,I,P,13.69,18.72972222222222,62.6831,-69.9806,35
6276,1,2019-04-20,19:19:03,10,MTP014,STP053,I,P,13.84,18.718055555555555,62.0397,175.0915,35
6278,1,2019-04-20,23:14:52,11,MTP014,STP053,I,P,13.92,18.70722222222222,61.5451,117.5357,35
6282,1,2019-04-21,07:06:25,12,MTP014,STP053,I,P,14.08,18.69527777777778,60.8709,2.5973,35
6284,1,2019-04-21,11:02:13,06,MTP014,STP053,I,P,14.16,18.685277777777777,60.3854,-54.9393,35
6287,1,2019-04-21,17:37:03,05,MTP014,STP053,E,P,14.29,8.074722222222222,-78.1359,49.8132,35
6293,1,2019-04-22,05:24:16,04,MTP014,STP053,E,P,14.52,8.161944444444444,-78.3753,-120.9948,35
6296,1,2019-04-22,10:37:00,11,MTP014,STP053,I,P,14.63,18.641388888888887,57.9103,-39.9157,35
6299,1,2019-04-22,17:11:30,10,MTP014,STP053,E,P,14.76,8.26,-78.6418,68.3538,35
6302,1,2019-04-22,22:24:26,06,MTP014,STP053,I,P,14.86,18.619722222222222,56.6052,147.5913,35
6305,1,2019-04-23,04:58:41,12,MTP014,STP053,E,P,14.99,8.351388888888888,-78.8561,-102.3838,35
6309,1,2019-04-23,12:50:07,04,MTP014,STP053,E,P,15.15,8.397222222222222,-78.9301,143.5703,35
6311,1,2019-04-23,16:45:55,05,MTP014,STP053,E,P,15.23,8.453055555555554,-79.0898,87.0229,35
6317,1,2019-04-24,04:33:08,10,MTP014,STP053,E,P,15.46,8.54111111111111,-79.2526,-83.7733,35
6320,1,2019-04-24,09:46:48,11,MTP014,STP053,I,P,15.57,18.55527777777778,52.4292,-9.9004,35
6322,1,2019-04-24,13:42:42,12,MTP014,STP053,I,P,15.64,18.54638888888889,51.8555,-67.4435,35
6326,1,2019-04-24,21:34:17,06,MTP014,STP053,I,P,15.8,18.534166666666668,50.9464,177.6003,35
6328,1,2019-04-25,01:30:11,05,MTP014,STP053,I,P,15.88,18.52472222222222,50.3241,120.0517,35
6332,1,2019-04-25,09:21:46,04,MTP014,STP053,I,P,16.03,18.513055555555557,49.4214,5.1024,35
6334,1,2019-04-25,13:17:43,11,MTP014,STP053,I,P,16.11,18.502222222222223,48.6943,-52.4808,35
6334,2,2019-04-25,13:56:49,10,MTP014,STP053,E,P,16.12,8.821388888888889,-79.7302,152.7916,35
6336,1,2019-04-25,17:13:36,06,MTP014,STP053,I,P,16.19,18.495833333333334,48.1981,-109.9846,35
6336,2,2019-04-25,17:52:37,12,MTP014,STP053,E,P,16.2,8.878333333333334,-79.8448,96.2581,35
6340,1,2019-04-26,01:05:14,04,MTP014,STP053,I,P,16.34,18.481388888888887,47.086,135.0142,35
6340,2,2019-04-26,01:44:00,05,MTP014,STP053,E,P,16.36,8.946666666666667,-79.9392,-17.4383,35
6345,1,2019-04-26,10:54:49,10,MTP014,STP053,I,P,16.54,18.464166666666667,45.7283,-8.7317,35
6345,2,2019-04-26,11:33:18,11,MTP014,STP053,E,P,16.55,9.016944444444444,-80.0093,-159.8063,35
6348,1,2019-04-26,16:48:42,12,MTP014,STP053,I,P,16.66,18.451944444444443,44.7797,-95.0408,35
6348,2,2019-04-26,17:27:01,06,MTP014,STP053,E,P,16.67,9.074722222222222,-80.0876,114.9771,35
6351,1,2019-04-26,22:42:25,05,MTP014,STP053,I,P,16.77,18.440833333333334,43.8801,178.7061,35
6351,2,2019-04-26,23:20:30,04,MTP014,STP053,E,P,16.78,9.126111111111111,-80.1467,29.7224,35
6353,1,2019-04-27,02:38:18,11,MTP014,STP053,I,P,16.85,18.433333333333334,43.2659,121.1858,35
6353,2,2019-04-27,03:16:17,10,MTP014,STP053,E,P,16.86,9.158611111111112,-80.1798,-27.1741,35
6361,1,2019-04-27,18:21:52,10,MTP014,STP054,I,P,17.16,18.4025,40.6997,-108.9106,35
6361,2,2019-04-27,18:59:14,11,MTP014,STP054,E,P,17.17,9.326666666666666,-80.3812,105.8557,35
6365,1,2019-04-28,02:13:34,12,MTP014,STP054,I,P,17.32,18.386944444444445,39.3667,136.0578,35
6365,2,2019-04-28,02:50:40,06,MTP014,STP054,E,P,17.33,9.356666666666666,-80.3617,-8.4259,35
6370,1,2019-04-28,12:03:13,05,MTP014,STP054,I,P,17.51,18.36888888888889,37.7478,-7.7195,35
6370,2,2019-04-28,12:39:55,04,MTP014,STP054,E,P,17.52,9.449166666666667,-80.4447,-150.447,35
6372,1,2019-04-28,15:59:15,11,MTP014,STP054,I,P,17.59,18.358611111111113,36.8565,-65.3199,35
6372,2,2019-04-28,16:35:45,10,MTP014,STP054,E,P,17.6,9.47,-80.4453,152.4706,35
6376,1,2019-04-28,23:50:57,06,MTP014,STP054,I,P,17.74,18.344444444444445,35.5534,179.672,35
6376,2,2019-04-29,00:27:08,12,MTP014,STP054,E,P,17.76,9.546666666666667,-80.5097,38.8992,35
6381,1,2019-04-29,09:40:44,04,MTP014,STP054,I,P,17.94,18.325555555555557,33.7899,35.8514,35
6381,2,2019-04-29,10:16:27,05,MTP014,STP054,E,P,17.95,9.65611111111111,-80.6056,-102.8847,35
6383,1,2019-04-29,13:33:15,10,MTP014,STP054,E,P,18.01,18.426944444444445,40.9625,-19.2158,35
6387,1,2019-04-29,21:28:34,12,MTP014,STP054,I,P,18.17,18.298611111111114,31.2982,-136.8158,35
6387,2,2019-04-29,22:03:43,06,MTP014,STP054,E,P,18.18,9.716388888888888,-80.5922,85.8911,35
6389,1,2019-04-30,01:24:29,05,MTP014,STP054,I,P,18.25,18.289166666666667,30.3855,165.6224,35
6389,2,2019-04-30,01:59:25,04,MTP014,STP054,E,P,18.26,9.7325,-80.581,28.7714,35
6393,1,2019-04-30,09:16:21,11,MTP014,STP054,I,P,18.4,18.274166666666666,28.9335,50.5617,35
6393,2,2019-04-30,09:50:55,10,MTP014,STP054,E,P,18.41,9.806666666666667,-80.6244,-84.8638,35
6396,1,2019-04-30,15:10:16,06,MTP014,STP054,I,P,18.52,18.259444444444444,27.4953,-35.7985,35
6396,2,2019-04-30,15:44:32,12,MTP014,STP054,E,P,18.53,9.805000000000001,-80.5659,-170.9492,35
6399,1,2019-04-30,21:04:14,04,MTP014,STP054,I,P,18.63,18.24638888888889,26.2176,-122.1381,35
6399,2,2019-04-30,21:38:08,05,MTP014,STP054,E,P,18.65,9.916666666666666,-80.6794,104.6691,35
6402,1,2019-05-01,02:58:11,10,MTP014,STP054,I,P,18.75,18.231388888888887,24.7406,151.4976,35
6402,2,2019-05-01,03:31:42,11,MTP014,STP054,E,P,18.76,9.947777777777778,-80.6694,19.084,35
6405,1,2019-05-01,08:52:10,12,MTP014,STP054,I,P,18.87,18.219166666666666,23.499,65.1652,35
6405,2,2019-05-01,09:25:21,06,MTP014,STP054,E,P,18.88,9.975555555555555,-80.6548,-66.565,35
6407,1,2019-05-01,12:48:01,05,MTP014,STP054,I,P,18.94,18.210555555555555,22.6233,7.6344,35
6407,2,2019-05-01,13:21:00,04,MTP014,STP054,E,P,18.95,10.0,-80.6527,-123.5488,35
6411,1,2019-05-01,20:40:07,11,MTP014,STP054,I,P,19.1,18.189722222222223,20.5384,-107.5733,35
6411,2,2019-05-01,21:12:34,10,MTP014,STP054,E,P,19.11,10.068055555555555,-80.6736,122.7039,35
6413,1,2019-05-02,00:36:01,06,MTP014,STP054,I,P,19.18,18.180555555555557,19.5887,-165.1252,35
6413,2,2019-05-02,01:08:14,12,MTP014,STP054,E,P,19.19,10.059166666666668,-80.626,65.2161,35
6417,1,2019-05-02,08:28:07,04,MTP014,STP054,I,P,19.33,18.160555555555554,17.5396,79.6819,35
6417,2,2019-05-02,08:59:47,05,MTP014,STP054,E,P,19.34,10.095277777777778,-80.603,-49.0055,35
6419,1,2019-05-02,12:24:00,10,MTP014,STP054,I,P,19.41,18.15111111111111,16.5609,22.1292,35
6419,2,2019-05-02,12:55:25,11,MTP014,STP054,E,P,19.42,10.132777777777779,-80.6162,-105.7918,35
6421,1,2019-05-02,16:20:07,12,MTP014,STP054,I,P,19.48,18.13888888888889,15.3106,-35.5188,35
6421,2,2019-05-02,16:51:16,06,MTP014,STP054,E,P,19.5,10.096388888888889,-80.5335,-163.7332,35
6425,1,2019-05-03,00:12:10,05,MTP014,STP054,I,P,19.64,18.118055555555557,13.1494,-150.7149,35
6425,2,2019-05-03,00:42:42,04,MTP014,STP054,E,P,19.65,10.159444444444444,-80.5448,82.4731,35
6427,1,2019-05-03,04:08:14,11,MTP014,STP054,I,P,19.72,18.10611111111111,11.9242,151.654,35
6427,2,2019-05-03,04:38:27,10,MTP014,STP054,E,P,19.73,10.210277777777778,-80.5737,25.8677,35
6431,1,2019-05-03,12:00:13,06,MTP014,STP054,I,P,19.87,18.086666666666666,9.9075,36.493,35
6431,2,2019-05-03,12:29:54,12,MTP014,STP054,E,P,19.88,10.232222222222223,-80.531,-88.5425,35
6433,1,2019-05-03,15:56:21,04,MTP014,STP054,I,P,19.95,18.072499999999998,8.4718,-21.1851,35
6433,2,2019-05-03,16:25:41,05,MTP014,STP054,E,P,19.96,10.199444444444445,-80.4556,-146.4206,35
6436,1,2019-05-03,21:50:28,10,MTP014,STP054,I,P,20.06,18.055833333333332,6.7621,-107.615,35
6436,2,2019-05-03,22:19:19,11,MTP014,STP054,E,P,20.07,10.272222222222224,-80.4924,128.605,35
6439,1,2019-05-04,03:44:34,12,MTP014,STP054,I,P,20.18,18.035833333333336,4.7142,165.9054,35
6439,2,2019-05-04,04:12:51,06,MTP014,STP054,E,P,20.19,10.298333333333334,-80.4718,42.9578,35
6442,1,2019-05-04,09:38:43,05,MTP014,STP054,I,P,20.3,18.01833333333333,2.941,79.452,35
6442,2,2019-05-04,10:06:33,04,MTP014,STP054,E,P,20.3,10.274722222222223,-80.3924,-43.4754,35
6447,1,2019-05-04,19:29:03,10,MTP014,STP055,I,P,20.49,17.983055555555556,-0.6144,-64.7505,35
6447,2,2019-05-04,19:55:57,11,MTP014,STP055,E,P,20.5,10.270000000000001,-80.301,173.0086,35
6449,1,2019-05-04,23:25:04,12,MTP014,STP055,I,P,20.56,17.97138888888889,-1.7588,-122.3643,35
6449,2,2019-05-04,23:51:39,06,MTP014,STP055,E,P,20.57,10.300555555555556,-80.3033,116.1047,35
6452,1,2019-05-05,05:19:17,05,MTP014,STP055,I,P,20.68,17.948333333333334,-4.0083,151.0854,35
6452,2,2019-05-05,05:45:15,04,MTP014,STP055,E,P,20.69,10.294166666666667,-80.2445,29.9502,35
6455,1,2019-05-05,11:13:26,11,MTP014,STP055,I,P,20.8,17.928611111111113,-5.9006,64.5975,35
6455,2,2019-05-05,11:38:52,10,MTP014,STP055,E,P,20.8,10.303055555555556,-80.2039,-55.9782,35
6458,1,2019-05-05,17:07:41,06,MTP014,STP055,I,P,20.91,17.902777777777775,-8.3561,-22.0065,35
6458,2,2019-05-05,17:32:32,12,MTP014,STP055,E,P,20.92,10.214444444444444,-80.0422,-143.3795,35
6461,1,2019-05-05,23:01:57,04,MTP014,STP055,I,P,21.03,17.879166666666666,-10.5407,-108.5791,35
6461,2,2019-05-05,23:26:09,05,MTP014,STP055,E,P,21.03,10.286111111111111,-80.0812,131.6371,35
6464,1,2019-05-06,04:56:11,10,MTP014,STP055,I,P,21.14,17.851944444444445,-12.9723,164.8027,35
6464,2,2019-05-06,05:19:44,11,MTP014,STP055,E,P,21.15,10.266666666666667,-80.0059,45.2908,35
6466,1,2019-05-06,08:52:23,12,MTP014,STP055,I,P,21.22,17.835833333333333,-14.384,107.077,35
6466,2,2019-05-06,09:15:34,06,MTP014,STP055,E,P,21.23,10.238055555555555,-79.9353,-12.5326,35
6470,1,2019-05-06,16:44:42,05,MTP014,STP055,I,P,21.37,17.797777777777778,-17.6249,-8.4444,35
6470,2,2019-05-06,17:07:03,04,MTP014,STP055,E,P,21.38,10.162222222222223,-79.7659,-128.4169,35
6473,1,2019-05-06,22:39:10,11,MTP014,STP055,I,P,21.49,17.76527777777778,-20.2885,-95.1997,35
6473,2,2019-05-06,23:00:45,10,MTP014,STP055,E,P,21.5,10.182222222222222,-79.7416,145.8019,35
6477,1,2019-05-07,06:31:32,06,MTP014,STP055,I,P,21.64,17.723055555555554,-23.5671,149.2036,35
6477,2,2019-05-07,06:52:17,12,MTP014,STP055,E,P,21.65,10.075833333333334,-79.5217,29.447,35
6479,1,2019-05-07,10:27:44,04,MTP014,STP055,I,P,21.72,17.703333333333333,-25.0178,91.4244,35
6479,2,2019-05-07,10:48:08,05,MTP014,STP055,E,P,21.73,10.005555555555556,-79.3796,-29.0056,35
6482,1,2019-05-07,16:21:59,10,MTP014,STP055,I,P,21.83,17.666944444444447,-27.6065,4.6638,35
6482,2,2019-05-07,16:41:40,11,MTP014,STP055,E,P,21.84,9.978055555555555,-79.2832,-115.4622,35
6486,1,2019-05-07,23:30:50,09,MTP014,STP055,C,P,21.97,2.315833333333333,79.6118,30.0272,35
6488,1,2019-05-08,04:10:51,12,MTP014,STP055,I,P,22.06,17.5825,-33.1062,-169.1198,35
6488,2,2019-05-08,04:29:07,06,MTP014,STP055,E,P,22.07,9.8225,-78.9106,70.0324,35
6558,1,2019-05-13,19:00:33,09,MTP014,STP056,C,D,24.69,1.1388888888888888,79.2801,135.4061,35
6567,1,2019-05-14,13:37:36,10,MTP014,STP056,I,P,25.05,15.350833333333332,-73.7573,76.7263,35
6567,2,2019-05-14,13:55:54,11,MTP014,STP056,E,P,25.05,6.587222222222222,-39.1822,-59.1815,35
6569,1,2019-05-14,17:33:21,12,MTP014,STP056,I,P,25.12,15.286944444444444,-74.0158,18.3914,35
6569,2,2019-05-14,17:52:01,06,MTP014,STP056,E,P,25.13,6.557222222222222,-37.6259,-117.0949,35
6574,1,2019-05-15,03:22:57,05,MTP014,STP056,I,P,25.31,15.18,-74.3839,-126.706,35
6574,2,2019-05-15,03:42:49,04,MTP014,STP056,E,P,25.32,6.472222222222222,-32.9103,97.8445,35
6577,1,2019-05-15,09:16:34,11,MTP014,STP056,I,P,25.43,15.155833333333334,-74.4232,146.8706,35
6577,2,2019-05-15,09:37:06,10,MTP014,STP056,E,P,25.43,6.432777777777778,-30.5296,11.0298,35
6582,1,2019-05-15,19:05:57,06,MTP014,STP056,I,P,25.62,15.080555555555556,-74.6283,2.2997,35
6582,2,2019-05-15,19:27:34,12,MTP014,STP056,E,P,25.62,6.3675,-26.3634,-133.6539,35
6585,1,2019-05-16,00:59:44,04,MTP014,STP056,I,P,25.73,15.053611111111111,-74.6736,-84.2034,35
6585,2,2019-05-16,01:22:07,05,MTP014,STP056,E,P,25.74,6.325277777777777,-23.5147,139.4241,35
6588,1,2019-05-16,06:53:14,10,MTP014,STP056,I,P,25.84,15.03888888888889,-74.6691,-170.4552,35
6588,2,2019-05-16,07:16:15,11,MTP014,STP056,E,P,25.85,6.293055555555555,-21.2719,52.7581,35
6591,1,2019-05-16,12:46:57,12,MTP014,STP056,I,P,25.96,15.011944444444444,-74.7132,103.0524,35
6591,2,2019-05-16,13:10:36,06,MTP014,STP056,E,P,25.96,6.260833333333333,-18.9531,-33.966,35
6594,1,2019-05-16,18:40:33,05,MTP014,STP056,I,P,26.07,14.950833333333332,-74.8824,16.0818,35
6594,2,2019-05-16,19:04:45,04,MTP014,STP056,E,P,26.08,6.229722222222223,-16.6761,-120.6246,35
6596,1,2019-05-16,22:36:18,11,MTP014,STP056,I,P,26.15,14.98,-74.7345,-40.8589,35
6596,2,2019-05-16,23:00:58,10,MTP014,STP056,E,P,26.15,6.2091666666666665,-15.1478,-178.4207,35
6600,1,2019-05-17,06:27:48,06,MTP014,STP056,I,P,26.3,14.94,-74.8036,-156.2098,35
6600,2,2019-05-17,06:53:17,12,MTP014,STP056,E,P,26.31,6.168055555555556,-12.0398,66.0112,35
6602,1,2019-05-17,10:23:38,04,MTP014,STP056,I,P,26.37,14.907222222222222,-74.8836,145.9033,35
6602,2,2019-05-17,10:49:27,05,MTP014,STP056,E,P,26.38,6.150833333333334,-10.7227,8.277,35
6607,1,2019-05-17,20:12:56,10,MTP014,STP056,I,P,26.56,14.880833333333333,-74.8796,2.0907,35
6607,2,2019-05-17,20:39:40,11,MTP014,STP056,E,P,26.57,6.105277777777777,-7.2312,-136.051,35
6609,1,2019-05-18,00:08:44,12,MTP014,STP056,I,P,26.64,14.900277777777777,-74.7707,-55.0036,35
6609,2,2019-05-18,00:35:54,06,MTP014,STP056,E,P,26.65,6.085277777777778,-5.7003,166.1582,35
6612,1,2019-05-18,06:02:20,05,MTP014,STP056,I,P,26.75,14.859166666666667,-74.8586,-141.6764,35
6612,2,2019-05-18,06:30:00,04,MTP014,STP056,E,P,26.76,6.059166666666666,-3.6692,79.5849,35
6615,1,2019-05-18,11:55:58,11,MTP014,STP056,I,P,26.87,14.8575,-74.8066,132.2304,35
6615,2,2019-05-18,12:24:09,10,MTP014,STP056,E,P,26.88,6.035833333333334,-1.8793,-6.9545,35
6705,1,2019-05-25,20:43:52,10,MTP015,STP058,I,P,30.26,14.881111111111112,-73.0096,70.9072,35
6705,2,2019-05-25,21:22:02,11,MTP015,STP058,E,P,30.27,5.3374999999999995,38.7455,-81.5362,35
6708,1,2019-05-26,01:51:45,03,MTP015,STP058,C,F,30.36,14.056944444444445,50.2958,-16.3854,35
6710,1,2019-05-26,06:33:19,12,MTP015,STP058,I,P,30.45,14.889999999999999,-72.8811,-72.4147,35
6710,2,2019-05-26,07:11:46,06,MTP015,STP058,E,P,30.46,5.295277777777778,40.2818,134.3038,35
6712,1,2019-05-26,10:28:55,05,MTP015,STP058,I,P,30.52,14.908888888888889,-72.7677,-129.469,35
6712,2,2019-05-26,11:07:31,04,MTP015,STP058,E,P,30.53,5.279722222222222,40.82,76.6955,35
6716,1,2019-05-26,18:20:27,11,MTP015,STP058,I,P,30.67,14.92,-72.648,115.9366,35
6716,2,2019-05-26,18:59:18,10,MTP015,STP058,E,P,30.68,5.245,41.9886,-38.6423,35
6718,1,2019-05-26,22:16:06,06,MTP015,STP058,I,P,30.75,14.91638888888889,-72.6258,58.5296,35
6718,2,2019-05-26,22:55:05,12,MTP015,STP058,E,P,30.76,5.2275,42.563,-96.29,35
6723,1,2019-05-27,08:05:32,04,MTP015,STP058,I,P,30.93,14.92361111111111,-72.502,-84.8081,35
6726,1,2019-05-27,14:38:27,05,MTP015,STP058,E,P,31.06,5.158611111111111,44.6758,33.0892,35
6728,1,2019-05-27,18:34:21,10,MTP015,STP058,E,P,31.13,5.1375,45.3056,-24.6409,35
6732,1,2019-05-28,02:25:56,11,MTP015,STP058,E,P,31.28,5.101944444444444,46.2943,-139.9416,35
6735,1,2019-05-28,07:39:58,12,MTP015,STP058,I,P,31.38,14.9575,-72.1361,-68.535,35
6739,1,2019-05-28,15:31:23,06,MTP015,STP058,I,P,31.53,14.977222222222222,-71.9767,177.0278,35
6741,1,2019-05-28,19:27:07,05,MTP015,STP058,I,P,31.61,14.980833333333333,-71.923,119.7124,35
6744,1,2019-05-29,02:00:50,04,MTP015,STP058,E,P,31.73,4.985833333333334,49.2777,-126.0342,35
6748,1,2019-05-29,09:52:33,11,MTP015,STP058,E,P,31.88,4.94,50.3601,118.4757,35
6752,1,2019-05-29,17:44:10,10,MTP015,STP058,E,P,32.03,4.9030555555555555,51.1644,3.1444,35
6755,1,2019-05-29,22:57:10,06,MTP015,STP058,I,P,32.13,15.017222222222223,-71.4986,78.6812,35
6759,1,2019-05-30,06:48:44,12,MTP015,STP058,I,P,32.28,15.04138888888889,-71.3128,-35.7225,35
6761,1,2019-05-30,10:44:24,04,MTP015,STP058,I,P,32.36,15.036666666666667,-71.2968,-93.1465,35
6765,1,2019-05-30,18:35:54,05,MTP015,STP058,I,P,32.51,15.061388888888889,-71.106,152.4719,35
6767,1,2019-05-30,22:31:35,10,MTP015,STP058,I,P,32.58,15.059444444444445,-71.0779,95.085,35
6771,1,2019-05-31,06:23:07,11,MTP015,STP058,I,P,32.73,15.084444444444445,-70.8815,-19.2989,35
6773,1,2019-05-31,10:18:52,12,MTP015,STP058,I,P,32.8,15.0725,-70.9026,-76.8541,35
6776,1,2019-05-31,16:53:44,06,MTP015,STP058,E,P,32.93,4.627777777777778,56.3109,30.3752,35
6779,1,2019-05-31,22:06:02,05,MTP015,STP058,I,P,33.03,15.101111111111111,-70.6505,111.4701,35
6782,1,2019-06-01,04:41:03,04,MTP015,STP058,E,P,33.15,4.5505555555555555,57.5029,-142.921,35
6785,1,2019-06-01,09:53:18,11,MTP015,STP058,I,P,33.25,15.115277777777777,-70.4673,-60.4461,35
6790,1,2019-06-01,20:24:13,10,MTP015,STP059,E,P,33.45,4.44,59.0668,-14.1227,35
6792,1,2019-06-02,00:19:57,11,MTP015,STP059,E,P,33.53,4.409166666666667,59.4767,-71.9572,35
6798,1,2019-06-02,12:07:17,12,MTP015,STP059,E,P,33.75,4.319166666666667,60.5959,114.5471,35
6801,1,2019-06-02,17:19:09,06,MTP015,STP059,I,P,33.85,15.1825,-69.8173,-158.3982,35
6804,1,2019-06-02,23:54:33,05,MTP015,STP059,E,P,33.97,4.2275,61.6395,-58.9563,35
6807,1,2019-06-03,05:06:16,04,MTP015,STP059,I,P,34.07,15.20861111111111,-69.563,29.9002,35
6810,1,2019-06-03,11:41:50,11,MTP015,STP059,E,P,34.2,4.128611111111111,62.6743,127.4296,35
6814,1,2019-06-03,19:33:23,10,MTP015,STP059,E,P,34.35,4.065277777777777,63.2853,11.7167,35
6816,1,2019-06-03,23:29:06,06,MTP015,STP059,E,P,34.42,4.0247222222222225,63.6695,-46.2579,35
6820,1,2019-06-04,07:20:36,12,MTP015,STP059,E,P,34.57,3.9586111111111113,64.2522,-162.0018,35
6822,1,2019-06-04,11:16:23,04,MTP015,STP059,E,P,34.64,3.9155555555555557,64.6254,139.97,35
6825,1,2019-06-04,16:27:50,05,MTP015,STP059,I,P,34.74,15.273888888888889,-68.8532,-125.4533,35
6828,1,2019-06-04,23:03:35,10,MTP015,STP059,E,P,34.87,3.7983333333333333,65.5601,-33.9013,35
6831,1,2019-06-05,04:14:59,11,MTP015,STP059,I,P,34.96,15.295277777777777,-68.6133,62.7667,35
6834,1,2019-06-05,10:50:51,12,MTP015,STP059,E,P,35.09,3.674722222222222,66.4536,152.1163,35
6837,1,2019-06-05,16:02:13,06,MTP015,STP059,I,P,35.19,15.320277777777777,-68.3479,-108.9733,35
6839,1,2019-06-05,19:58:02,05,MTP015,STP059,I,P,35.26,15.331111111111111,-68.245,-166.2059,35
6844,1,2019-06-06,06:29:26,04,MTP015,STP059,E,P,35.46,3.456388888888889,67.8323,-137.9927,35
6846,1,2019-06-06,10:25:15,11,MTP015,STP059,E,P,35.53,3.4030555555555555,68.1409,163.8182,35
6850,1,2019-06-06,18:16:39,10,MTP015,STP059,E,P,35.68,3.310833333333333,68.6357,47.7092,35
6852,1,2019-06-06,22:12:26,06,MTP015,STP059,E,P,35.76,3.251388888888889,68.9465,-10.5668,35
6855,1,2019-06-07,03:23:45,12,MTP015,STP059,I,P,35.85,15.389999999999999,-67.5654,95.7485,35
6859,1,2019-06-07,11:15:22,04,MTP015,STP059,I,P,36.0,15.411666666666667,-67.3476,-18.7053,35
6862,1,2019-06-07,17:51:02,05,MTP015,STP059,E,P,36.13,2.9833333333333334,70.1641,58.5803,35
6865,1,2019-06-07,23:02:35,10,MTP015,STP059,I,P,36.23,15.440555555555555,-67.0378,169.6145,35
6868,1,2019-06-08,05:38:11,11,MTP015,STP059,E,P,36.35,2.799722222222222,70.8788,-116.2784,35
6871,1,2019-06-08,10:49:50,12,MTP015,STP059,I,P,36.45,15.469444444444445,-66.7242,-2.0784,35
6877,1,2019-06-08,22:37:01,10,MTP015,STP060,I,P,36.67,15.49861111111111,-66.4006,-173.7474,35
6881,1,2019-06-09,06:28:24,11,MTP015,STP060,I,P,36.82,15.51888888888889,-66.1775,71.8342,35
6884,1,2019-06-09,13:04:04,12,MTP015,STP060,E,P,36.94,2.2483333333333335,72.5411,136.4819,35
6887,1,2019-06-09,18:15:40,06,MTP015,STP060,I,P,37.04,15.546388888888888,-65.8563,-99.8788,35
6889,1,2019-06-09,22:11:29,05,MTP015,STP060,I,P,37.11,15.557777777777778,-65.733,-157.1007,35
6893,1,2019-06-10,06:02:51,04,MTP015,STP060,I,P,37.26,15.573611111111111,-65.5332,88.4194,35
6895,1,2019-06-10,09:58:41,11,MTP015,STP060,I,P,37.34,15.588055555555556,-65.3825,31.2437,35
6899,1,2019-06-10,17:50:06,10,MTP015,STP060,I,P,37.48,15.604444444444445,-65.1774,-83.2422,35
6901,1,2019-06-10,21:45:57,06,MTP015,STP060,I,P,37.56,15.622222222222224,-64.9976,-140.3774,35
6904,1,2019-06-11,04:21:02,12,MTP015,STP060,E,P,37.68,1.4166666666666667,74.0452,-89.6106,35
6907,1,2019-06-11,09:33:10,04,MTP015,STP060,I,P,37.78,15.655000000000001,-64.6127,48.002,35
6911,1,2019-06-11,17:24:34,05,MTP015,STP060,I,P,37.93,15.664166666666667,-64.4571,-66.586,35
6914,1,2019-06-11,23:59:38,10,MTP015,STP060,E,P,38.05,0.9524999999999999,74.4937,-23.4098,35
6918,1,2019-06-12,07:50:55,11,MTP015,STP060,E,P,38.2,0.7591666666666667,74.6107,-141.0035,35
6921,1,2019-06-12,13:03:25,12,MTP015,STP060,I,P,38.3,15.722777777777777,-63.7597,7.3934,35
6925,1,2019-06-12,20:54:55,06,MTP015,STP060,I,P,38.44,15.755,-63.3912,-106.8686,35
6927,1,2019-06-13,00:50:40,05,MTP015,STP060,I,P,38.52,15.758888888888889,-63.3155,-164.1833,35
6931,1,2019-06-13,08:42:07,04,MTP015,STP060,I,P,38.67,15.788611111111111,-62.9648,81.5214,35
6935,1,2019-06-13,16:33:37,11,MTP015,STP060,I,P,38.81,15.798055555555555,-62.7964,-33.0861,35
6937,1,2019-06-13,20:29:24,10,MTP015,STP060,I,P,38.89,15.823333333333332,-62.5156,-90.0884,35
6941,1,2019-06-14,04:20:53,06,MTP015,STP060,I,P,39.03,15.836388888888889,-62.3087,155.3626,35
6943,1,2019-06-14,08:16:38,12,MTP015,STP060,I,P,39.11,15.859444444444444,-62.0422,98.3356,35
6947,1,2019-06-14,16:08:13,04,MTP015,STP060,I,P,39.26,15.876666666666667,-61.7904,-16.1787,35
6949,1,2019-06-14,20:03:57,05,MTP015,STP060,I,P,39.33,15.897499999999999,-61.5378,-73.2352,35
6951,1,2019-06-14,23:59:48,10,MTP015,STP060,I,P,39.4,15.914722222222222,-61.3181,-130.375,35
6955,1,2019-06-15,07:51:13,11,MTP015,STP060,I,P,39.55,15.935555555555556,-61.02,115.2065,35
6961,1,2019-06-15,19:38:38,10,MTP016,STP061,I,P,39.77,15.931111111111111,-60.9458,-57.0233,35
6963,1,2019-06-15,23:34:37,11,MTP016,STP061,I,P,39.84,15.951944444444443,-60.6815,-114.1407,35
6967,1,2019-06-16,07:26:17,12,MTP016,STP061,I,P,39.99,15.97,-60.4041,131.3405,35
6967,2,2019-06-16,08:05:23,06,MTP016,STP061,E,F,40.0,22.145833333333332,72.3481,-145.5407,35
6969,1,2019-06-16,11:22:16,05,MTP016,STP061,I,P,40.07,15.993888888888888,-60.0995,74.2684,35
6969,2,2019-06-16,12:01:13,04,MTP016,STP061,E,P,40.08,22.059444444444445,72.1163,155.7702,35
6972,1,2019-06-16,17:16:05,11,MTP016,STP061,I,P,40.18,16.000555555555554,-59.9632,-11.7406,35
6972,2,2019-06-16,17:54:53,10,MTP016,STP061,E,F,40.19,21.928333333333335,71.7387,67.7314,35
6975,1,2019-06-16,23:09:58,06,MTP016,STP061,I,P,40.29,16.03527777777778,-59.5028,-97.3441,35
6975,2,2019-06-16,23:48:33,12,MTP016,STP061,E,F,40.3,21.803611111111113,71.3447,-20.2119,35
6978,1,2019-06-17,05:03:47,04,MTP016,STP061,I,P,40.4,16.046944444444446,-59.306,176.7239,35
6978,2,2019-06-17,05:42:09,05,MTP016,STP061,E,F,40.41,21.65722222222222,70.8476,-108.4599,35
6981,1,2019-06-17,10:57:36,10,MTP016,STP061,I,P,40.51,16.0775,-58.8812,91.0697,35
6981,2,2019-06-17,11:35:47,11,MTP016,STP061,E,F,40.52,21.55027777777778,70.4394,163.8688,35
6984,1,2019-06-17,16:51:31,12,MTP016,STP061,I,P,40.62,16.092777777777776,-58.6346,5.1686,35
6984,2,2019-06-17,17:29:28,06,MTP016,STP061,E,F,40.63,21.434444444444445,69.9685,76.0557,35
6986,1,2019-06-17,20:47:20,05,MTP016,STP061,I,P,40.69,16.113055555555558,-58.3414,-51.9198,35
6986,2,2019-06-17,21:25:10,04,MTP016,STP061,E,P,40.7,21.366111111111113,69.6699,17.6697,35
6990,1,2019-06-18,04:39:12,11,MTP016,STP061,I,P,40.84,16.140277777777776,-57.916,-166.348,35
6990,2,2019-06-18,05:16:42,10,MTP016,STP061,E,F,40.85,21.198333333333334,68.8918,-99.6023,35
6992,1,2019-06-18,08:35:03,06,MTP016,STP061,I,P,40.91,16.160277777777775,-57.6159,136.5537,35
6992,2,2019-06-18,09:12:24,12,MTP016,STP061,E,F,40.92,21.1375,68.5785,-157.8764,35
6997,1,2019-06-18,18:24:53,04,MTP016,STP061,I,P,41.1,16.19611111111111,-57.0391,-6.4578,35
6997,2,2019-06-18,19:01:49,05,MTP016,STP061,E,F,41.11,20.96222222222222,67.6119,56.0481,35
6999,1,2019-06-18,22:20:49,10,MTP016,STP061,I,P,41.17,16.224166666666665,-56.6146,-63.4551,35
6999,2,2019-06-18,22:57:33,11,MTP016,STP061,E,F,41.18,20.901666666666664,67.2468,-2.2293,35
7002,1,2019-06-19,04:14:43,12,MTP016,STP061,I,P,41.28,16.24361111111111,-56.2817,-149.2921,35
7002,2,2019-06-19,04:51:11,06,MTP016,STP061,E,F,41.29,20.788333333333334,66.5321,-89.994,35
7005,1,2019-06-19,10:08:32,05,MTP016,STP061,I,P,41.39,16.27472222222222,-55.7757,125.0681,35
7005,2,2019-06-19,10:44:42,04,MTP016,STP061,E,P,41.4,20.700555555555553,65.9271,-177.3475,35
7009,1,2019-06-19,18:00:24,11,MTP016,STP061,I,P,41.54,16.297777777777778,-55.3539,10.5773,35
7009,2,2019-06-19,18:36:11,10,MTP016,STP061,E,F,41.55,20.573888888888888,64.9906,66.0063,35
7013,1,2019-06-20,01:52:21,06,MTP016,STP061,I,P,41.68,16.349166666666665,-54.4973,-103.5097,35
7013,2,2019-06-20,02:27:40,12,MTP016,STP061,E,F,41.69,20.456944444444442,64.0428,-50.4874,35
7015,1,2019-06-20,05:48:13,04,MTP016,STP061,I,P,41.76,16.358055555555556,-54.3178,-160.7804,35
7015,2,2019-06-20,06:23:19,05,MTP016,STP061,E,F,41.77,20.38722222222222,63.4437,-108.8833,35
7017,1,2019-06-20,09:44:06,10,MTP016,STP061,I,P,41.83,16.38111111111111,-53.9103,142.1611,35
7017,2,2019-06-20,10:18:58,11,MTP016,STP061,E,F,41.84,20.334444444444443,62.9609,-167.0246,35
7023,1,2019-06-20,21:31:57,12,MTP016,STP061,I,P,42.05,16.438333333333333,-52.8518,-29.2491,35
7023,2,2019-06-20,22:06:04,06,MTP016,STP061,E,F,42.06,20.17138888888889,61.3447,18.4441,35
7026,1,2019-06-21,03:25:59,05,MTP016,STP061,I,P,42.16,16.473333333333333,-52.1937,-114.8864,35
7026,2,2019-06-21,03:59:41,04,MTP016,STP061,E,P,42.17,20.085833333333333,60.4127,-68.902,35
7029,1,2019-06-21,09:19:47,11,MTP016,STP061,I,P,42.27,16.497222222222224,-51.7134,159.366,35
7029,2,2019-06-21,09:53:07,10,MTP016,STP061,E,F,42.28,20.00861111111111,59.5132,-156.0732,35
7033,1,2019-06-21,17:11:50,06,MTP016,STP061,I,P,42.42,16.540555555555557,-50.8458,45.1355,35
7033,2,2019-06-21,17:44:34,12,MTP016,STP061,E,F,42.43,19.909166666666664,58.2679,87.7006,35
7035,1,2019-06-21,21:07:43,04,MTP016,STP061,I,P,42.49,16.560833333333335,-50.4296,-11.9667,35
7035,2,2019-06-21,21:40:09,05,MTP016,STP061,E,F,42.5,19.859444444444446,57.6055,29.6221,35
7040,1,2019-06-22,06:57:43,10,MTP016,STP061,I,P,42.67,16.616666666666667,-49.25,-154.7173,35
7040,2,2019-06-22,07:29:17,11,MTP016,STP061,E,F,42.68,19.72611111111111,55.7008,-115.7568,35
7042,1,2019-06-22,10:53:41,12,MTP016,STP061,I,P,42.75,16.64527777777778,-48.6375,148.287,35
7042,2,2019-06-22,11:24:53,06,MTP016,STP061,E,F,42.76,19.679444444444446,54.9776,-173.7917,35
7047,1,2019-06-22,20:43:31,10,MTP016,STP062,I,P,42.93,16.66333333333333,-48.1634,5.0106,35
7047,2,2019-06-22,21:13:53,11,MTP016,STP062,E,P,42.94,19.535,52.5747,40.6983,35
7049,1,2019-06-23,00:39:37,12,MTP016,STP062,I,P,43.0,16.702222222222222,-47.3088,-51.868,35
7049,2,2019-06-23,01:09:32,06,MTP016,STP062,E,P,43.01,19.492222222222225,51.7908,-17.2951,35
7052,1,2019-06-23,06:33:38,05,MTP016,STP062,I,P,43.11,16.730277777777776,-46.6375,-137.5979,35
7052,2,2019-06-23,07:02:56,04,MTP016,STP062,E,P,43.12,19.41722222222222,50.3637,-104.4257,35
7055,1,2019-06-23,12:27:40,11,MTP016,STP062,I,P,43.22,16.779166666666665,-45.4873,136.9692,35
7055,2,2019-06-23,12:56:16,10,MTP016,STP062,E,P,43.23,19.35138888888889,49.0202,168.5964,35
7059,1,2019-06-23,20:19:43,06,MTP016,STP062,I,P,43.37,16.816666666666666,-44.5335,22.6508,35
7059,2,2019-06-23,20:47:31,12,MTP016,STP062,E,P,43.38,19.27138888888889,47.275,52.7066,35
7063,1,2019-06-24,04:11:59,04,MTP016,STP062,I,P,43.52,16.886388888888888,-42.7462,-91.235,35
7063,2,2019-06-24,04:38:38,05,MTP016,STP062,E,P,43.52,19.17777777777778,45.0919,-63.3524,35
7065,1,2019-06-24,08:07:58,10,MTP016,STP062,I,P,43.59,16.90611111111111,-42.2091,-148.3696,35
7065,2,2019-06-24,08:34:07,11,MTP016,STP062,E,P,43.6,19.131944444444446,43.9532,-121.3476,35
7067,1,2019-06-24,12:04:03,12,MTP016,STP062,I,P,43.66,16.943333333333335,-41.2038,154.731,35
7067,2,2019-06-24,12:29:35,06,MTP016,STP062,E,P,43.67,19.087777777777777,42.8158,-179.3137,35
7072,1,2019-06-24,21:54:15,05,MTP016,STP062,I,P,43.85,17.00861111111111,-39.3205,12.0774,35
7072,2,2019-06-24,22:18:19,04,MTP016,STP062,E,P,43.85,18.97833333333333,39.8009,35.7649,35
7075,1,2019-06-25,03:48:40,11,MTP016,STP062,I,P,43.96,17.073333333333334,-37.4058,-73.2083,35
7075,2,2019-06-25,04:11:35,10,MTP016,STP062,E,P,43.96,18.909444444444443,37.7506,-51.2426,35
7078,1,2019-06-25,09:42:47,06,MTP016,STP062,I,P,44.07,17.11527777777778,-36.0838,-158.7594,35
7078,2,2019-06-25,10:04:37,12,MTP016,STP062,E,P,44.07,18.836388888888887,35.4584,-138.2551,35
7081,1,2019-06-25,15:37:15,04,MTP016,STP062,I,P,44.18,17.182222222222222,-33.9225,115.979,35
7081,2,2019-06-25,15:57:44,05,MTP016,STP062,E,P,44.18,18.76638888888889,33.1387,134.7595,35
7084,1,2019-06-25,21:31:30,10,MTP016,STP062,I,P,44.29,17.228055555555553,-32.3597,30.4516,35
7084,2,2019-06-25,21:50:45,11,MTP016,STP062,E,P,44.29,18.694166666666668,30.606,47.7654,35
7123,1,2019-06-29,01:22:40,09,MTP016,STP062,C,P,45.69,6.001388888888889,-1.9729,-165.5486,35
7233,1,2019-07-08,02:33:37,09,MTP016,STP064,C,P,49.71,18.067777777777778,1.0157,84.163,35
7312,1,2019-07-14,13:42:43,09,MTP017,STP065,C,P,52.57,17.41888888888889,-23.5823,-31.0611,35
7314,1,2019-07-14,18:37:45,10,MTP017,STP065,I,P,52.66,5.3875,24.3799,76.6715,35
7314,2,2019-07-14,18:56:07,11,MTP017,STP065,E,P,52.66,6.9750000000000005,-34.6692,96.0137,35
7317,1,2019-07-15,00:30:53,12,MTP017,STP065,I,P,52.77,5.315833333333333,26.7517,-10.347,35
7317,2,2019-07-15,00:50:32,06,MTP017,STP065,E,P,52.77,7.041944444444444,-36.3976,10.7639,35
7320,1,2019-07-15,06:23:50,05,MTP017,STP065,I,P,52.87,5.231944444444444,29.3845,-97.4945,35
7320,2,2019-07-15,06:44:56,04,MTP017,STP065,E,P,52.88,7.128333333333333,-38.5152,-74.1889,35
7323,1,2019-07-15,12:16:59,11,MTP017,STP065,I,P,52.98,5.156944444444445,31.6198,175.4351,35
7323,2,2019-07-15,12:39:11,10,MTP017,STP065,E,P,52.99,7.185555555555556,-39.8262,-159.5397,35
7326,1,2019-07-15,18:10:03,06,MTP017,STP065,I,P,53.09,5.0775,33.8571,88.3165,35
7326,2,2019-07-15,18:33:32,12,MTP017,STP065,E,P,53.1,7.273611111111111,-41.7584,115.5458,35
7328,1,2019-07-15,22:05:32,04,MTP017,STP065,I,P,53.16,5.031111111111111,35.0979,30.3176,35
7328,2,2019-07-15,22:29:33,05,MTP017,STP065,E,P,53.17,7.2988888888888885,-42.2673,58.4867,35
7332,1,2019-07-16,05:56:35,10,MTP017,STP065,I,P,53.31,4.940277777777778,37.4061,-85.6811,35
7332,2,2019-07-16,06:21:54,11,MTP017,STP065,E,P,53.31,7.394166666666667,-44.1597,-55.034,35
7334,1,2019-07-16,09:52:02,12,MTP017,STP065,I,P,53.38,4.890555555555555,38.6062,-143.7282,35
7334,2,2019-07-16,10:17:53,06,MTP017,STP065,E,P,53.39,7.421666666666667,-44.6661,-112.0536,35
7338,1,2019-07-16,17:43:09,05,MTP017,STP065,I,P,53.52,4.794444444444444,40.7973,100.1769,35
7338,2,2019-07-16,18:10:11,04,MTP017,STP065,E,P,53.53,7.5175,-46.3906,134.4442,35
7340,1,2019-07-16,21:38:37,11,MTP017,STP065,I,P,53.59,4.743888888888889,41.8869,42.1156,35
7340,2,2019-07-16,22:06:07,10,MTP017,STP065,E,P,53.6,7.540277777777778,-46.7644,77.3708,35
7344,1,2019-07-17,05:29:55,06,MTP017,STP065,I,P,53.74,4.66,43.5884,-73.8399,35
7344,2,2019-07-17,05:58:20,12,MTP017,STP065,E,P,53.75,7.620555555555556,-48.082,-36.3433,35
7347,1,2019-07-17,11:23:15,04,MTP017,STP065,I,P,53.85,4.586666666666666,44.9909,-160.9255,35
7347,2,2019-07-17,11:52:17,05,MTP017,STP065,E,P,53.86,7.659166666666667,-48.6659,-121.9044,35
7351,1,2019-07-17,19:14:29,10,MTP017,STP065,I,P,53.99,4.4925,46.6791,82.9838,35
7351,2,2019-07-17,19:44:24,11,MTP017,STP065,E,P,54.0,7.746388888888889,-49.9685,124.5121,35
7355,1,2019-07-18,03:05:49,12,MTP017,STP065,I,P,54.13,4.401111111111112,48.1953,-33.0894,35
7355,2,2019-07-18,03:36:28,06,MTP017,STP065,E,P,54.14,7.805833333333333,-50.788,10.5206,35
7357,1,2019-07-18,07:01:22,05,MTP017,STP065,I,P,54.21,4.350833333333333,48.9889,-91.1702,35
7357,2,2019-07-18,07:32:25,04,MTP017,STP065,E,P,54.22,7.845277777777778,-51.3188,-46.3109,35
7359,1,2019-07-18,10:57:00,11,MTP017,STP065,I,P,54.28,4.3052777777777775,49.6772,-149.1965,35
7359,2,2019-07-18,11:28:19,10,MTP017,STP065,E,P,54.29,7.859444444444444,-51.4904,-103.5027,35
7364,1,2019-07-18,20:46:05,06,MTP017,STP065,I,P,54.46,4.175833333333333,51.518,65.5022,35
7364,2,2019-07-18,21:18:17,12,MTP017,STP065,E,P,54.47,7.948333333333333,-52.6096,114.253,35
7367,1,2019-07-19,02:39:44,04,MTP017,STP065,I,P,54.57,4.110833333333333,52.367,-21.5366,35
7367,2,2019-07-19,03:12:20,05,MTP017,STP065,E,P,54.58,7.9875,-53.0703,28.6776,35
7370,1,2019-07-19,08:33:11,10,MTP017,STP065,I,P,54.68,4.038888888888889,53.2623,-108.6335,35
7370,2,2019-07-19,09:06:13,11,MTP017,STP065,E,P,54.69,8.036111111111111,-53.6299,-56.7165,35
7374,1,2019-07-19,16:24:36,12,MTP017,STP065,I,P,54.82,3.9280555555555554,54.5608,134.9801,35
7374,2,2019-07-19,16:58:14,06,MTP017,STP065,E,P,54.83,8.096666666666668,-54.2972,-170.6751,35
7376,1,2019-07-19,20:20:13,05,MTP017,STP065,I,P,54.89,3.881111111111111,55.0726,76.9364,35
7376,2,2019-07-19,20:54:07,04,MTP017,STP065,E,P,54.9,8.130833333333333,-54.6655,132.4338,35
7380,1,2019-07-20,04:11:41,11,MTP017,STP065,I,P,55.04,3.777222222222222,56.1531,-39.3583,35
7380,2,2019-07-20,04:46:04,10,MTP017,STP065,E,P,55.05,8.176944444444445,-55.1263,18.2682,35
7382,1,2019-07-20,08:07:20,06,MTP017,STP065,I,P,55.11,3.726388888888889,56.6528,-97.4697,35
7382,2,2019-07-20,08:41:57,12,MTP017,STP065,E,P,55.12,8.209166666666667,-55.4516,-38.6516,35
7388,1,2019-07-20,19:54:28,10,MTP017,STP066,I,P,55.32,3.5597222222222222,58.1693,87.9434,35
7388,2,2019-07-20,20:29:47,11,MTP017,STP066,E,P,55.33,8.293333333333333,-56.2514,150.3515,35
7391,1,2019-07-21,01:19:09,09,MTP017,STP066,C,P,55.42,17.310555555555556,51.5967,-144.811,35
7392,1,2019-07-21,03:45:59,12,MTP017,STP066,I,P,55.47,3.4530555555555558,59.046,-28.4034,35
7392,2,2019-07-21,04:21:40,06,MTP017,STP066,E,P,55.48,8.32861111111111,-56.5556,36.0449,35
7394,1,2019-07-21,07:41:41,05,MTP017,STP066,I,P,55.54,3.3994444444444443,59.4627,-86.5682,35
7394,2,2019-07-21,08:17:35,04,MTP017,STP066,E,P,55.55,8.363888888888889,-56.8745,-20.8376,35
7398,1,2019-07-21,15:33:08,11,MTP017,STP066,I,P,55.68,3.2744444444444443,60.3815,156.8243,35
7398,2,2019-07-21,16:09:25,10,MTP017,STP066,E,P,55.69,8.400555555555556,-57.1739,-135.1126,35
7400,1,2019-07-21,19:28:53,06,MTP017,STP066,I,P,55.76,3.2216666666666667,60.7439,98.6593,35
7400,2,2019-07-21,20:05:22,12,MTP017,STP066,E,P,55.77,8.440277777777778,-57.5176,168.0621,35
7404,1,2019-07-22,03:20:22,04,MTP017,STP066,I,P,55.9,3.1030555555555557,61.5128,-17.859,35
7404,2,2019-07-22,03:57:10,05,MTP017,STP066,E,P,55.91,8.468055555555555,-57.7196,53.6602,35
7406,1,2019-07-22,07:16:07,10,MTP017,STP066,I,P,55.97,3.043611111111111,61.8756,-76.1207,35
7406,2,2019-07-22,07:53:06,11,MTP017,STP066,E,P,55.98,8.501388888888888,-57.9925,-3.254,35
7408,1,2019-07-22,11:11:49,12,MTP017,STP066,I,P,56.04,2.9891666666666667,62.1935,-134.3,35
7408,2,2019-07-22,11:48:56,06,MTP017,STP066,E,P,56.05,8.515555555555556,-58.0904,-60.437,35
7413,1,2019-07-22,21:01:14,05,MTP017,STP066,I,P,56.22,2.8299999999999996,63.0646,79.8746,35
7413,2,2019-07-22,21:38:45,04,MTP017,STP066,E,P,56.23,8.581111111111111,-58.5889,157.0107,35
7416,1,2019-07-23,02:54:53,11,MTP017,STP066,I,P,56.33,2.7275,63.5802,-7.7285,35
7416,2,2019-07-23,03:32:38,10,MTP017,STP066,E,P,56.34,8.59888888888889,-58.7005,71.1574,35
7419,1,2019-07-23,08:48:32,06,MTP017,STP066,I,P,56.44,2.638611111111111,63.9933,-95.123,35
7419,2,2019-07-23,09:26:30,12,MTP017,STP066,E,P,56.45,8.644166666666667,-59.0316,-14.2808,35
7424,1,2019-07-23,18:37:59,04,MTP017,STP066,I,P,56.62,2.463611111111111,64.7465,118.8028,35
7424,2,2019-07-23,19:16:18,05,MTP017,STP066,E,P,56.63,8.693888888888889,-59.3636,-157.069,35
7426,1,2019-07-23,22:33:39,10,MTP017,STP066,I,P,56.69,2.3980555555555556,65.004,60.4675,35
7426,2,2019-07-23,23:12:05,11,MTP017,STP066,E,P,56.7,8.709166666666667,-59.4587,145.7825,35
7430,1,2019-07-24,06:25:19,12,MTP017,STP066,I,P,56.83,2.2647222222222223,65.4936,-56.3161,35
7430,2,2019-07-24,07:04:00,06,MTP017,STP066,E,P,56.85,8.744166666666667,-59.676,31.4601,35
7432,1,2019-07-24,10:21:03,05,MTP017,STP066,I,P,56.91,2.2036111111111114,65.7014,-114.6005,35
7432,2,2019-07-24,10:59:50,04,MTP017,STP066,E,P,56.92,8.7675,-59.8265,-25.5819,35
7437,1,2019-07-24,20:10:32,11,MTP017,STP066,I,P,57.09,2.0122222222222224,66.3078,99.0712,35
7437,2,2019-07-24,20:49:37,10,MTP017,STP066,E,P,57.1,8.813611111111111,-60.1035,-168.4202,35
7440,1,2019-07-25,02:04:09,06,MTP017,STP066,I,P,57.19,1.9041666666666666,66.6115,11.3959,35
7442,1,2019-07-25,06:00:00,12,MTP017,STP066,I,P,57.27,1.8325,66.7996,-47.076,35
7446,1,2019-07-25,13:51:30,04,MTP017,STP066,I,P,57.41,1.686388888888889,67.1521,-164.0081,35
7449,1,2019-07-25,20:24:57,05,MTP017,STP066,E,P,57.53,8.913055555555555,-60.6585,-151.3616,35
7453,1,2019-07-26,04:16:40,10,MTP017,STP066,E,P,57.67,8.930555555555555,-60.7303,94.1044,35
7455,1,2019-07-26,08:12:39,11,MTP017,STP066,E,P,57.74,8.959999999999999,-60.902,37.1176,35
7458,1,2019-07-26,13:26:16,12,MTP017,STP066,I,P,57.84,1.2316666666666667,68.0069,-155.1252,35
7462,1,2019-07-26,21:17:57,06,MTP017,STP066,I,P,57.98,1.0825,68.2126,87.8455,35
7465,1,2019-07-27,03:51:58,05,MTP017,STP066,E,P,58.1,9.026666666666667,-61.2202,111.1239,35
7468,1,2019-07-27,09:05:20,04,MTP017,STP066,I,P,58.2,0.8483333333333334,68.47,-87.8129,35
7473,1,2019-07-27,19:35:31,10,MTP017,STP067,E,P,58.39,9.083055555555555,-61.4801,-117.6534,35
7475,1,2019-07-27,23:31:22,11,MTP017,STP067,E,P,58.46,9.108611111111111,-61.6117,-174.667,35
7480,1,2019-07-28,08:40:13,12,MTP017,STP067,I,P,58.63,0.3788888888888889,68.7533,-79.1784,35
7482,1,2019-07-28,12:35:57,13,MTP017,STP067,I,P,58.7,0.3061111111111111,68.7692,-137.635,35
7486,1,2019-07-28,20:27:40,06,MTP017,STP067,I,P,58.85,0.1411111111111111,68.783,105.0923,35
7488,1,2019-07-29,00:23:24,05,MTP017,STP067,I,P,58.92,0.07305555555555555,68.7756,46.7061,35
7491,1,2019-07-29,06:58:23,04,MTP017,STP067,E,P,59.04,9.187777777777779,-61.9031,87.3023,35
7494,1,2019-07-29,12:10:53,10,MTP017,STP067,I,P,59.13,23.845555555555553,68.7127,-128.88,35
7497,1,2019-07-29,18:45:58,11,MTP017,STP067,E,P,59.25,9.2175,-62.009,-84.4456,35
7502,1,2019-07-30,03:54:09,12,MTP017,STP067,I,P,59.42,23.529722222222222,68.5137,-3.1644,35
7504,1,2019-07-30,07:50:03,13,MTP017,STP067,I,P,59.49,23.455555555555556,68.4462,-61.6868,35
7506,1,2019-07-30,11:45:51,06,MTP017,STP067,I,P,59.56,23.394444444444446,68.3819,-119.9876,35
7511,1,2019-07-30,22:17:07,05,MTP017,STP067,E,P,59.76,9.296388888888888,-62.2967,-125.081,35
7514,1,2019-07-31,03:29:06,04,MTP017,STP067,I,P,59.85,23.098055555555554,68.0082,6.0167,35
7517,1,2019-07-31,10:04:46,10,MTP017,STP067,E,P,59.97,9.321944444444444,-62.3718,63.09,35
7521,1,2019-07-31,17:56:25,11,MTP017,STP067,E,P,60.11,9.328333333333333,-62.3663,-51.5928,35
7523,1,2019-07-31,21:52:21,12,MTP017,STP067,E,P,60.19,9.343055555555557,-62.4224,-108.7888,35
7527,1,2019-08-01,05:44:00,13,MTP017,STP067,E,P,60.33,9.350277777777777,-62.4221,136.5444,35
7529,1,2019-08-01,09:39:59,06,MTP017,STP067,E,P,60.4,9.364722222222222,-62.4755,79.3302,35
7533,1,2019-08-01,17:31:35,05,MTP017,STP067,E,P,60.55,9.370833333333334,-62.4684,-35.3449,35
7535,1,2019-08-01,21:27:32,04,MTP017,STP067,E,P,60.62,9.381388888888889,-62.5031,-92.6043,35
7538,1,2019-08-02,02:39:13,10,MTP017,STP067,I,P,60.71,22.31638888888889,66.3243,25.5698,35
7541,1,2019-08-02,09:15:10,11,MTP017,STP067,E,P,60.83,9.398333333333333,-62.5306,95.4395,35
7544,1,2019-08-02,14:26:50,12,MTP017,STP067,I,P,60.93,22.140555555555554,65.784,-149.2682,35
7547,1,2019-08-02,21:02:44,13,MTP017,STP067,E,P,61.05,9.414444444444445,-62.5541,-76.5075,35
7550,1,2019-08-03,02:14:23,06,MTP017,STP067,I,P,61.14,21.96833333333333,65.1872,35.9609,35
7552,1,2019-08-03,06:10:15,05,MTP017,STP067,I,P,61.21,21.90361111111111,64.9478,-22.4072,35
7644,1,2019-08-10,19:00:42,10,MTP018,STP069,I,P,64.51,20.025277777777777,50.8136,-171.0875,35
7646,1,2019-08-10,22:56:39,11,MTP018,STP069,I,P,64.58,19.991666666666667,50.3684,130.9902,35
7650,1,2019-08-11,06:48:23,12,MTP018,STP069,I,P,64.72,19.93861111111111,49.6398,15.3962,35
7652,1,2019-08-11,10:44:23,13,MTP018,STP069,I,P,64.8,19.903333333333332,49.1446,-42.5662,35
7655,1,2019-08-11,17:19:28,06,MTP018,STP069,E,P,64.92,9.41388888888889,-61.6048,63.9492,35
7658,1,2019-08-11,22:32:08,05,MTP018,STP069,I,P,65.01,19.81722222222222,47.8805,143.9113,35
7661,1,2019-08-12,05:07:03,04,MTP018,STP069,E,P,65.13,9.39472222222222,-61.4578,-108.5308,35
7664,1,2019-08-12,10:19:53,10,MTP018,STP069,I,P,65.22,19.733611111111113,46.5816,-29.5734,35
7667,1,2019-08-12,16:54:40,11,MTP018,STP069,E,P,65.34,9.379166666666666,-61.3283,79.0363,35
7669,1,2019-08-12,20:50:30,12,MTP018,STP069,E,P,65.42,9.359722222222222,-61.2117,21.3574,35
7673,1,2019-08-13,04:42:17,13,MTP018,STP069,E,P,65.56,9.350555555555555,-61.1304,-93.5954,35
7675,1,2019-08-13,08:38:04,06,MTP018,STP069,E,P,65.63,9.343055555555557,-61.0746,-151.0831,35
7679,1,2019-08-13,16:29:57,05,MTP018,STP069,E,P,65.77,9.327222222222222,-60.9588,93.8476,35
7681,1,2019-08-13,20:25:44,04,MTP018,STP069,E,P,65.85,9.313333333333334,-60.8665,36.2568,35
7683,1,2019-08-14,00:21:39,10,MTP018,STP069,E,P,65.92,9.302222222222223,-60.7914,-21.316,35
7687,1,2019-08-14,08:13:20,11,MTP018,STP069,E,P,66.06,9.29111111111111,-60.6977,-136.2702,35
7689,1,2019-08-14,12:09:15,12,MTP018,STP069,E,P,66.13,9.271666666666668,-60.5743,166.0272,35
7693,1,2019-08-14,20:01:00,13,MTP018,STP069,E,P,66.27,9.260277777777778,-60.4786,51.0544,35
7695,1,2019-08-14,23:56:53,06,MTP018,STP069,E,P,66.35,9.248333333333333,-60.3956,-6.5266,35
7698,1,2019-08-15,05:10:49,05,MTP018,STP069,I,P,66.44,19.299444444444447,38.5391,67.8443,35
7701,1,2019-08-15,11:44:31,04,MTP018,STP069,E,P,66.56,9.211666666666666,-60.1373,-179.2804,35
7704,1,2019-08-15,16:58:42,10,MTP018,STP069,I,P,66.66,19.225555555555555,36.9332,-105.5255,35
7709,1,2019-08-16,03:28:07,11,MTP018,STP069,E,P,66.85,9.166944444444443,-59.811,-49.5778,35
7711,1,2019-08-16,07:23:57,12,MTP018,STP069,E,P,66.92,9.16,-59.7549,-107.0707,35
7713,1,2019-08-16,11:19:46,13,MTP018,STP069,E,P,66.99,9.145555555555555,-59.6516,-164.6743,35
7717,1,2019-08-16,18:32:28,06,MTP018,STP069,I,P,67.12,19.07111111111111,33.3332,-121.0878,35
7717,2,2019-08-16,19:11:39,05,MTP018,STP069,E,P,67.13,9.1225,-59.479,80.1451,35
7723,1,2019-08-17,06:20:24,04,MTP018,STP069,I,P,67.34,19.002777777777776,31.6316,65.6109,35
7723,2,2019-08-17,06:59:19,10,MTP018,STP069,E,P,67.35,9.079722222222221,-59.1652,-92.707,35
7729,1,2019-08-17,18:08:21,10,MTP018,STP070,I,P,67.55,18.9325,29.8133,-107.7224,35
7729,2,2019-08-17,18:47:00,11,MTP018,STP070,E,P,67.56,9.04,-58.8632,94.4816,35
7731,1,2019-08-17,22:04:16,12,MTP018,STP070,I,P,67.62,18.90972222222222,29.2082,-165.4748,35
7731,2,2019-08-17,22:42:48,13,MTP018,STP070,E,P,67.63,9.02138888888889,-58.7261,36.821,35
7735,1,2019-08-18,05:56:17,06,MTP018,STP070,I,P,67.77,18.866388888888892,28.0401,79.0105,35
7735,2,2019-08-18,06:34:41,05,MTP018,STP070,E,P,67.78,8.987499999999999,-58.4686,-78.5213,35
7738,1,2019-08-18,11:50:12,04,MTP018,STP070,I,P,67.87,18.83111111111111,27.0659,-7.6458,35
7738,2,2019-08-18,12:28:26,10,MTP018,STP070,E,P,67.88,8.962777777777777,-58.279,-164.9739,35
7741,1,2019-08-18,17:44:19,11,MTP018,STP070,I,P,67.98,18.794444444444448,26.0449,-94.3685,35
7741,2,2019-08-18,18:22:24,12,MTP018,STP070,E,P,67.99,8.942777777777778,-58.1165,108.5849,35
7747,1,2019-08-19,05:32:17,13,MTP018,STP070,I,P,68.19,18.728888888888886,24.1608,92.3621,35
7747,2,2019-08-19,06:10:06,06,MTP018,STP070,E,P,68.21,8.885555555555555,-57.6661,-64.4891,35
7749,1,2019-08-19,09:28:10,05,MTP018,STP070,I,P,68.27,18.710277777777776,23.6088,34.6783,35
7749,2,2019-08-19,10:05:53,04,MTP018,STP070,E,P,68.28,8.876111111111111,-57.5834,-122.0076,35
7753,1,2019-08-19,17:20:18,10,MTP018,STP070,I,P,68.41,18.66111111111111,22.1524,-80.9495,35
7753,2,2019-08-19,17:57:47,11,MTP018,STP070,E,P,68.42,8.837222222222223,-57.2664,122.5687,35
7756,1,2019-08-19,23:14:13,12,MTP018,STP070,I,P,68.52,18.628611111111113,21.1686,-167.5643,35
7756,2,2019-08-19,23:51:34,13,MTP018,STP070,E,P,68.53,8.805833333333334,-57.0072,36.0081,35
7760,1,2019-08-20,07:06:19,06,MTP018,STP070,I,P,68.66,18.584166666666665,19.8085,76.8855,35
7760,2,2019-08-20,07:43:25,05,MTP018,STP070,E,P,68.67,8.7725,-56.7212,-79.3185,35
7765,1,2019-08-20,16:56:24,04,MTP018,STP070,I,P,68.84,18.525277777777777,17.9662,-67.5962,35
7765,2,2019-08-20,17:33:15,10,MTP018,STP070,E,P,68.85,8.719444444444445,-56.2619,136.3496,35
7767,1,2019-08-20,20:52:21,11,MTP018,STP070,I,P,68.91,18.505555555555556,17.3441,-125.31,35
7767,2,2019-08-20,21:29:06,12,MTP018,STP070,E,P,68.92,8.701666666666666,-56.1044,78.6884,35
7770,1,2019-08-21,02:46:24,13,MTP018,STP070,I,P,69.02,18.469166666666666,16.184,147.9874,35
7770,2,2019-08-21,03:22:58,06,MTP018,STP070,E,P,69.03,8.668333333333333,-55.8069,-7.9257,35
7774,1,2019-08-21,10:38:21,05,MTP018,STP070,I,P,69.16,18.43,14.9098,32.5478,35
7774,2,2019-08-21,11:14:43,04,MTP018,STP070,E,P,69.17,8.63361111111111,-55.4833,-123.2481,35
7778,1,2019-08-21,18:30:34,10,MTP018,STP070,I,P,69.3,18.380277777777778,13.2913,-83.1055,35
7778,2,2019-08-21,19:06:43,11,MTP018,STP070,E,P,69.31,8.5825,-55.0103,121.1269,35
7783,1,2019-08-22,04:20:39,12,MTP018,STP070,I,P,69.48,18.322499999999998,11.3745,132.4308,35
7783,2,2019-08-22,04:56:30,13,MTP018,STP070,E,P,69.49,8.526111111111112,-54.4672,-23.2411,35
7786,1,2019-08-22,10:14:36,06,MTP018,STP070,I,P,69.59,18.295,10.4517,45.8834,35
7786,2,2019-08-22,10:50:19,05,MTP018,STP070,E,P,69.6,8.497777777777777,-54.1833,-109.767,35
8073,1,2019-09-14,20:41:30,10,MTP019,STP074,I,P,79.82,14.825833333333334,-57.7997,61.7021,35
8075,1,2019-09-15,00:37:23,11,MTP019,STP074,I,P,79.89,14.82,-57.8282,4.2136,35
8079,1,2019-09-15,08:29:10,12,MTP019,STP074,I,P,80.04,14.787222222222223,-58.0147,-111.0802,35
8081,1,2019-09-15,12:25:04,13,MTP019,STP074,I,P,80.11,14.777222222222223,-58.0674,-168.6319,35
8084,1,2019-09-15,18:59:06,06,MTP019,STP074,E,P,80.23,4.579722222222222,38.4779,-57.4811,35
8089,1,2019-09-16,04:08:38,05,MTP019,STP074,I,P,80.4,14.733055555555556,-58.3022,-38.9033,35
8091,1,2019-09-16,08:04:28,04,MTP019,STP074,I,P,80.47,14.714166666666666,-58.4064,-96.5806,35
8095,1,2019-09-16,15:56:15,10,MTP019,STP074,I,P,80.61,14.698055555555555,-58.4851,148.3769,35
8097,1,2019-09-16,19:52:04,11,MTP019,STP074,I,P,80.68,14.686111111111112,-58.5481,90.8094,35
8099,1,2019-09-16,23:47:54,12,MTP019,STP074,I,P,80.75,14.674166666666666,-58.6082,33.2467,35
8103,1,2019-09-17,07:39:44,13,MTP019,STP074,I,P,80.9,14.649722222222222,-58.7335,-81.94,35
8105,1,2019-09-17,11:35:31,06,MTP019,STP074,I,P,80.97,14.646666666666667,-58.7434,-139.3594,35
8111,1,2019-09-17,23:23:06,05,MTP019,STP074,I,P,81.18,14.615555555555556,-58.8962,47.9896,35
8113,1,2019-09-18,03:19:03,04,MTP019,STP074,I,P,81.26,14.614722222222222,-58.8954,-9.4401,35
8117,1,2019-09-18,11:10:44,10,MTP019,STP074,I,P,81.4,14.590833333333334,-59.01,-124.5754,35
8120,1,2019-09-18,17:45:50,11,MTP019,STP074,E,P,81.52,4.060833333333333,46.5894,-18.6687,35
8123,1,2019-09-18,22:58:20,12,MTP019,STP074,I,P,81.61,14.559722222222224,-59.1586,62.7671,35
8127,1,2019-09-19,06:50:11,13,MTP019,STP074,I,P,81.76,14.546666666666667,-59.2154,-52.2467,35
8130,1,2019-09-19,13:25:18,06,MTP019,STP074,E,P,81.88,3.902222222222222,48.5806,51.939,35
8132,1,2019-09-19,17:21:18,05,MTP019,STP074,E,P,81.95,3.8669444444444445,48.9965,-6.0192,35
8136,1,2019-09-20,01:13:00,04,MTP019,STP074,E,P,82.09,3.8016666666666663,49.7409,-121.7812,35
8139,1,2019-09-20,06:25:21,10,MTP019,STP074,I,P,82.19,14.508888888888889,-59.3772,-37.1789,35
8143,1,2019-09-20,14:17:00,11,MTP019,STP074,I,P,82.33,14.495833333333332,-59.4323,-152.1446,35
8145,1,2019-09-20,18:12:55,12,MTP019,STP074,I,P,82.4,14.489166666666666,-59.461,150.3471,35
8148,1,2019-09-21,00:48:22,13,MTP019,STP074,I,P,82.52,3.592777777777778,51.9286,-109.3296,35
8151,1,2019-09-21,06:00:31,06,MTP019,STP074,I,P,82.62,14.4725,-59.5301,-22.0933,35
8154,1,2019-09-21,12:36:04,05,MTP019,STP074,E,P,82.74,3.4805555555555556,52.9915,76.7735,35
8161,1,2019-09-22,01:39:42,10,MTP019,STP075,I,P,82.98,14.440555555555555,-59.6628,50.4876,35
8163,1,2019-09-22,05:35:39,11,MTP019,STP075,I,P,83.05,14.442222222222222,-59.6505,-6.9056,35
8167,1,2019-09-22,13:27:16,12,MTP019,STP075,I,P,83.19,14.427777777777777,-59.7107,-121.8828,35
8170,1,2019-09-22,20:03:09,13,MTP019,STP075,E,P,83.31,3.1691666666666665,55.5722,-27.1,35
8173,1,2019-09-23,01:14:48,06,MTP019,STP075,I,P,83.41,14.411388888888888,-59.7772,65.6979,35
8177,1,2019-09-23,09:06:39,05,MTP019,STP075,I,P,83.55,14.404444444444445,-59.8012,-49.2249,35
8180,1,2019-09-23,15:42:26,04,MTP019,STP075,E,P,83.67,2.9630555555555556,57.0226,42.8435,35
8182,1,2019-09-23,19:38:22,10,MTP019,STP075,E,P,83.74,2.916111111111111,57.329,-15.2737,35
8186,1,2019-09-24,03:30:00,11,MTP019,STP075,E,P,83.89,2.828888888888889,57.873,-131.349,35
8189,1,2019-09-24,08:41:46,12,MTP019,STP075,I,P,83.98,14.386111111111111,-59.8632,-33.8524,35
8193,1,2019-09-24,16:33:24,13,MTP019,STP075,I,P,84.13,14.384722222222221,-59.8618,-148.6401,35
8195,1,2019-09-24,20:29:17,06,MTP019,STP075,I,P,84.2,14.379722222222222,-59.8815,153.8849,35
8199,1,2019-09-25,04:20:54,05,MTP019,STP075,I,P,84.34,14.378333333333334,-59.8804,39.1012,35
8202,1,2019-09-25,10:56:58,04,MTP019,STP075,E,P,84.46,2.4447222222222225,59.9435,123.7166,35
8205,1,2019-09-25,16:08:31,10,MTP019,STP075,I,P,84.56,14.370833333333334,-59.9051,-133.2032,35
8208,1,2019-09-25,22:44:29,11,MTP019,STP075,E,P,84.68,2.2905555555555552,60.6415,-50.7613,35
8211,1,2019-09-26,03:56:01,12,MTP019,STP075,I,P,84.77,14.36361111111111,-59.9275,54.5291,35
8213,1,2019-09-26,07:51:57,13,MTP019,STP075,I,P,84.85,14.366944444444444,-59.9085,-2.8326,35
8217,1,2019-09-26,15:43:34,06,MTP019,STP075,I,P,84.99,14.361388888888888,-59.9277,-117.682,35
8219,1,2019-09-26,19:39:30,05,MTP019,STP075,I,P,85.06,14.363888888888889,-59.9127,-175.0559,35
8223,1,2019-09-27,03:31:05,04,MTP019,STP075,I,P,85.21,14.355833333333333,-59.9438,70.0702,35
8225,1,2019-09-27,07:27:02,10,MTP019,STP075,I,P,85.28,14.365555555555556,-59.8958,12.8004,35
8229,1,2019-09-27,15:18:39,11,MTP019,STP075,I,P,85.42,14.355555555555556,-59.9368,-102.1143,35
8232,1,2019-09-27,21:54:35,12,MTP019,STP075,E,P,85.54,1.6275,62.9402,-29.3801,35
8235,1,2019-09-28,03:06:12,13,MTP019,STP075,I,P,85.64,14.353333333333333,-59.9371,85.6817,35
8243,1,2019-09-28,18:49:41,10,MTP019,STP076,I,P,85.92,14.368611111111111,-59.8556,-143.6772,35
8245,1,2019-09-28,22:45:33,11,MTP019,STP076,I,P,86.0,14.362777777777778,-59.8803,158.8401,35
8248,1,2019-09-29,05:21:09,12,MTP019,STP076,E,P,86.12,1.1358333333333333,64.0342,-135.8297,35
8252,1,2019-09-29,13:12:56,13,MTP019,STP076,E,P,86.26,1.0027777777777778,64.2544,107.3724,35
8255,1,2019-09-29,18:24:48,06,MTP019,STP076,I,P,86.36,14.376666666666667,-59.8033,-127.9105,35
8258,1,2019-09-30,01:00:23,05,MTP019,STP076,E,P,86.48,0.8,64.5323,-67.819,35
8261,1,2019-09-30,06:12:21,04,MTP019,STP076,I,P,86.57,14.382777777777779,-59.7666,60.0129,35
8263,1,2019-09-30,10:08:18,11,MTP019,STP076,I,P,86.64,14.385555555555555,-59.7517,2.6353,35
8267,1,2019-09-30,17:59:59,10,MTP019,STP076,I,P,86.79,14.392222222222221,-59.7166,-112.0452,35
8269,1,2019-09-30,21:55:54,13,MTP019,STP076,I,P,86.86,14.39472222222222,-59.7017,-169.4112,35
8273,1,2019-10-01,05:47:32,12,MTP019,STP076,I,P,87.0,14.39861111111111,-59.68,75.878,35
8275,1,2019-10-01,09:43:29,04,MTP019,STP076,I,P,87.08,14.4075,-59.6355,18.598,35
8278,1,2019-10-01,16:18:34,06,MTP019,STP076,E,P,87.2,0.11166666666666668,64.9918,68.0205,35
8281,1,2019-10-01,21:31:05,05,MTP019,STP076,I,P,87.29,14.422222222222222,-59.5591,-153.3687,35
8285,1,2019-10-02,05:22:43,10,MTP019,STP076,I,P,87.44,14.421111111111111,-59.5614,91.8498,35
8290,1,2019-10-02,15:53:29,11,MTP019,STP076,E,P,87.63,23.679444444444446,64.9147,77.2377,35
8292,1,2019-10-02,19:49:17,12,MTP019,STP076,E,P,87.7,23.619722222222222,64.8806,18.9609,35
8294,1,2019-10-02,23:45:08,13,MTP019,STP076,E,P,87.77,23.53388888888889,64.8242,-39.717,35
8298,1,2019-10-03,07:36:39,06,MTP019,STP076,E,P,87.92,23.393333333333334,64.7068,-156.5641,35
8302,1,2019-10-03,15:28:19,05,MTP019,STP076,E,P,88.06,23.24638888888889,64.551,86.4584,35
8305,1,2019-10-03,20:41:26,04,MTP019,STP076,I,P,88.16,14.486666666666666,-59.2226,-121.1329,35
8308,1,2019-10-04,03:15:42,11,MTP019,STP076,E,P,88.28,23.0275,64.2539,-88.9591,35
8310,1,2019-10-04,07:11:26,10,MTP019,STP076,E,P,88.35,22.96472222222222,64.1536,-147.2645,35
8314,1,2019-10-04,15:03:08,13,MTP019,STP076,E,P,88.49,22.823333333333334,63.9032,95.8332,35
8316,1,2019-10-04,18:58:47,12,MTP019,STP076,E,P,88.57,22.746111111111112,63.7515,37.3325,35
8321,1,2019-10-05,04:08:20,04,MTP019,STP076,I,P,88.74,14.527222222222223,-59.0064,140.3256,35
8323,1,2019-10-05,08:04:12,06,MTP019,STP076,I,P,88.81,14.552222222222223,-58.8761,83.3062,35
8325,1,2019-10-05,12:00:10,05,MTP019,STP076,I,P,88.88,14.564444444444446,-58.8112,26.0674,35
8329,1,2019-10-05,19:51:49,10,MTP020,STP077,I,P,89.02,14.575555555555555,-58.7506,-88.5349,35
8331,1,2019-10-05,23:47:48,11,MTP020,STP077,I,P,89.1,14.595,-58.6449,-145.6642,35
8335,1,2019-10-06,07:39:25,12,MTP020,STP077,I,P,89.24,14.602777777777778,-58.6015,99.6919,35
8337,1,2019-10-06,11:35:24,13,MTP020,STP077,I,P,89.31,14.625277777777779,-58.4786,42.6034,35
8341,1,2019-10-06,19:27:03,06,MTP020,STP077,I,P,89.46,14.632222222222223,-58.4403,-72.0639,35
8341,2,2019-10-06,20:06:01,05,MTP020,STP077,E,P,89.47,21.894444444444446,61.2754,27.3861,35
8345,1,2019-10-07,02:26:59,09,MTP020,STP077,C,P,89.59,7.252777777777778,57.9935,75.0638,35
8346,1,2019-10-07,05:16:46,04,MTP020,STP077,I,P,89.64,14.651944444444444,-58.3293,144.7355,35
8346,2,2019-10-07,05:55:27,10,MTP020,STP077,E,P,89.65,21.723333333333333,60.5713,-118.6115,35
8348,1,2019-10-07,09:12:39,11,MTP020,STP077,I,P,89.71,14.685,-58.1421,87.8297,35
8348,2,2019-10-07,09:51:12,12,MTP020,STP077,E,P,89.72,21.661666666666665,60.2976,-176.8993,35
8353,1,2019-10-07,19:02:21,13,MTP020,STP077,I,P,89.89,14.699722222222222,-58.0577,-55.4444,35
8353,2,2019-10-07,19:40:35,06,MTP020,STP077,E,P,89.9,21.500833333333333,59.5307,37.2704,35
8355,1,2019-10-07,22:58:19,05,MTP020,STP077,I,P,89.96,14.728055555555555,-57.8923,-112.437,35
8355,2,2019-10-07,23:36:25,04,MTP020,STP077,E,P,89.97,21.445555555555554,59.2489,-20.9468,35
8358,1,2019-10-08,04:52:07,10,MTP020,STP077,I,P,90.07,14.731944444444444,-57.8707,161.5263,35
8358,2,2019-10-08,05:30:02,11,MTP020,STP077,E,P,90.08,21.344444444444445,58.7054,-108.5099,35
8361,1,2019-10-08,10:45:56,12,MTP020,STP077,I,P,90.18,14.768055555555556,-57.6547,75.9734,35
8361,2,2019-10-08,11:23:36,13,MTP020,STP077,E,P,90.19,21.25138888888889,58.1739,164.0575,35
8365,1,2019-10-08,18:37:41,06,MTP020,STP077,I,P,90.32,14.779444444444445,-57.5875,-38.6528,35
8365,2,2019-10-08,19:15:06,05,MTP020,STP077,E,P,90.34,21.138333333333332,57.4861,47.629,35
8368,1,2019-10-09,00:31:37,04,MTP020,STP077,I,P,90.43,14.823888888888888,-57.3139,-124.1093,35
8368,2,2019-10-09,01:08:47,10,MTP020,STP077,E,P,90.44,21.052500000000002,56.93,-39.7235,35
8371,1,2019-10-09,06:25:22,11,MTP020,STP077,I,P,90.54,14.825277777777778,-57.3056,149.8343,35
8371,2,2019-10-09,07:02:19,12,MTP020,STP077,E,P,90.55,20.959444444444443,56.2938,-127.1437,35
8373,1,2019-10-09,10:21:17,13,MTP020,STP077,I,P,90.61,14.86111111111111,-57.0814,92.9619,35
8373,2,2019-10-09,10:58:02,06,MTP020,STP077,E,P,90.62,20.903055555555554,55.8879,174.6496,35
8377,1,2019-10-09,18:13:06,05,MTP020,STP077,I,P,90.76,14.875277777777779,-56.9909,-21.6354,35
8377,2,2019-10-09,18:49:31,04,MTP020,STP077,E,P,90.77,20.7875,55.0143,58.1885,35
8381,1,2019-10-10,02:04:59,10,MTP020,STP077,I,P,90.9,14.931388888888888,-56.6253,-135.6227,35
8381,2,2019-10-10,02:40:59,11,MTP020,STP077,E,P,90.91,20.669722222222223,54.054,-58.3048,35
8384,1,2019-10-10,07:58:42,12,MTP020,STP077,I,P,91.01,14.937222222222223,-56.5858,138.3998,35
8384,2,2019-10-10,08:34:28,13,MTP020,STP077,E,P,91.02,20.5875,53.3415,-145.552,35
8388,1,2019-10-10,15:50:39,06,MTP020,STP077,I,P,91.16,14.989166666666666,-56.2353,24.3326,35
8388,2,2019-10-10,16:25:59,05,MTP020,STP077,E,P,91.17,20.485277777777778,52.4032,98.1762,35
8390,1,2019-10-10,19:46:25,04,MTP020,STP077,I,P,91.23,14.995277777777776,-56.1943,-32.9489,35
8390,2,2019-10-10,20:21:34,10,MTP020,STP077,E,P,91.24,20.427500000000002,51.844,39.9815,35
8394,1,2019-10-11,03:38:22,11,MTP020,STP077,I,P,91.37,15.055555555555557,-55.7687,-146.8838,35
8394,2,2019-10-11,04:13:03,12,MTP020,STP077,E,P,91.38,20.32027777777778,50.7538,-76.3545,35
8396,1,2019-10-11,07:34:09,13,MTP020,STP077,I,P,91.45,15.056111111111111,-55.7674,155.7473,35
8396,2,2019-10-11,08:08:39,06,MTP020,STP077,E,P,91.46,20.266111111111112,50.1755,-134.4956,35
8401,1,2019-10-11,17:24:05,05,MTP020,STP077,I,P,91.63,15.122777777777777,-55.2795,13.1975,35
8401,2,2019-10-11,17:57:58,04,MTP020,STP077,E,P,91.64,20.142777777777777,48.7784,80.2526,35
8404,1,2019-10-11,23:17:54,10,MTP020,STP077,I,P,91.74,15.166111111111112,-54.9514,-72.2495,35
8404,2,2019-10-11,23:51:23,11,MTP020,STP077,E,P,91.75,20.06416666666667,47.8314,-6.9259,35
8406,1,2019-10-12,03:13:54,12,MTP020,STP077,I,P,91.81,15.194444444444445,-54.7319,-129.2526,35
8406,2,2019-10-12,03:47:06,13,MTP020,STP077,E,P,91.82,20.0075,47.1188,-65.131,35
8410,1,2019-10-12,11:05:37,06,MTP020,STP077,I,P,91.95,15.235277777777776,-54.4092,116.5754,35
8410,2,2019-10-12,11:38:19,05,MTP020,STP077,E,P,91.96,19.907777777777778,45.7978,178.7075,35
8416,1,2019-10-12,21:58:09,09,MTP020,STP078,C,P,92.15,5.1450000000000005,52.9349,166.4384,35
8417,1,2019-10-13,00:51:31,10,MTP020,STP078,I,P,92.21,15.342500000000001,-53.523,-82.7892,35
8417,2,2019-10-13,01:23:08,11,MTP020,STP078,E,P,92.22,19.738611111111112,43.3637,-24.5353,35
8420,1,2019-10-13,06:45:23,12,MTP020,STP078,I,P,92.32,15.36361111111111,-53.3413,-168.5781,35
8420,2,2019-10-13,07:16:32,13,MTP020,STP078,E,P,92.32,19.6575,42.0965,-111.7502,35
8423,1,2019-10-13,12:39:18,06,MTP020,STP078,I,P,92.42,15.421944444444444,-52.8264,106.1741,35
8423,2,2019-10-13,13:09:55,05,MTP020,STP078,E,P,92.43,19.585555555555555,40.9199,161.1781,35
8426,1,2019-10-13,18:33:18,04,MTP020,STP078,I,P,92.53,15.454444444444444,-52.5305,20.5246,35
8426,2,2019-10-13,19:03:26,10,MTP020,STP078,E,P,92.54,19.517777777777777,39.767,74.1423,35
8430,1,2019-10-14,02:25:17,11,MTP020,STP078,I,P,92.68,15.54138888888889,-51.7091,-93.0217,35
8430,2,2019-10-14,02:54:32,12,MTP020,STP078,E,P,92.69,19.410555555555554,37.8362,-42.1003,35
8432,1,2019-10-14,06:21:12,13,MTP020,STP078,I,P,92.75,15.557222222222222,-51.5555,-150.1908,35
8432,2,2019-10-14,06:50:05,06,MTP020,STP078,E,P,92.76,19.358611111111113,36.8508,-100.2014,35
8436,1,2019-10-14,14:13:11,05,MTP020,STP078,I,P,92.9,15.640277777777778,-50.7212,96.2038,35
8436,2,2019-10-14,14:41:10,04,MTP020,STP078,E,P,92.9,19.260277777777777,34.9073,143.6925,35
8439,1,2019-10-14,20:07:07,10,MTP020,STP078,I,P,93.0,15.671111111111111,-50.4003,10.541,35
8439,2,2019-10-14,20:34:34,11,MTP020,STP078,E,P,93.01,19.193333333333335,33.5189,56.6972,35
8442,1,2019-10-15,02:01:17,12,MTP020,STP078,I,P,93.11,15.765833333333333,-49.3716,-74.2206,35
8442,2,2019-10-15,02:27:49,13,MTP020,STP078,E,P,93.12,19.11277777777778,31.7763,-30.4709,35
8445,1,2019-10-15,07:55:13,06,MTP020,STP078,I,P,93.22,15.799166666666666,-48.9985,-159.8446,35
8445,2,2019-10-15,08:21:04,05,MTP020,STP078,E,P,93.23,19.03527777777778,30.0185,-117.5918,35
8448,1,2019-10-15,13:49:19,04,MTP020,STP078,I,P,93.33,15.882777777777779,-48.0168,115.245,35
8448,2,2019-10-15,14:14:13,10,MTP020,STP078,E,P,93.34,18.953333333333333,28.0864,155.2469,35
8454,1,2019-10-16,01:37:34,11,MTP020,STP078,I,P,93.55,16.028333333333332,-46.18,-54.9141,35
8454,2,2019-10-16,02:00:35,12,MTP020,STP078,E,P,93.56,18.796944444444446,24.1615,-18.9844,35
8456,1,2019-10-16,05:33:42,13,MTP020,STP078,I,P,93.62,16.07361111111111,-45.5716,-111.6914,35
8456,2,2019-10-16,05:56:01,06,MTP020,STP078,E,P,93.63,18.737222222222222,22.5793,-77.1689,35
8459,1,2019-10-16,11:27:44,05,MTP020,STP078,I,P,93.73,16.14472222222222,-44.5866,163.2209,35
8459,2,2019-10-16,11:48:58,04,MTP020,STP078,E,P,93.74,18.650277777777777,20.2094,-164.358,35
8464,1,2019-10-16,21:18:08,10,MTP020,STP078,I,P,93.91,16.273055555555555,-42.6856,21.4819,35
8464,2,2019-10-16,21:37:25,11,MTP020,STP078,E,P,93.92,18.50861111111111,16.164,50.3254,35
8466,1,2019-10-17,01:14:29,12,MTP020,STP078,I,P,93.99,16.366944444444446,-41.1924,-34.6221,35
8466,2,2019-10-17,01:32:36,13,MTP020,STP078,E,P,93.99,18.438055555555557,14.0793,-7.9582,35
8685,1,2019-11-04,00:51:32,10,MTP021,STP081,I,P,102.01,5.470277777777778,17.1731,-19.7039,35
8685,2,2019-11-04,01:10:46,11,MTP021,STP081,E,P,102.02,7.634722222222222,-41.8939,8.0805,35
8688,1,2019-11-04,06:44:20,12,MTP021,STP081,I,P,102.12,5.370555555555555,20.0893,-107.0484,35
8688,2,2019-11-04,07:05:04,13,MTP021,STP081,E,P,102.13,7.740833333333334,-43.5941,-76.5401,35
8693,1,2019-11-04,16:32:45,06,MTP021,STP081,I,P,102.3,5.223888888888889,24.1717,107.5671,35
8693,2,2019-11-04,16:55:29,05,MTP021,STP081,E,P,102.31,7.884166666666666,-45.7213,141.9393,35
8695,1,2019-11-04,20:28:05,04,MTP021,STP081,I,P,102.38,5.171111111111111,25.5744,49.5134,35
8695,2,2019-11-04,20:51:23,10,MTP021,STP081,E,P,102.38,7.909722222222222,-46.0866,84.922,35
8697,1,2019-11-05,00:23:39,11,MTP021,STP081,I,P,102.45,5.123333333333333,26.8169,-8.5234,35
8697,2,2019-11-05,00:47:31,12,MTP021,STP081,E,P,102.46,7.949166666666667,-46.6351,28.0533,35
8701,1,2019-11-05,08:14:29,13,MTP021,STP081,I,P,102.6,5.019444444444445,29.414,-124.6517,35
8701,2,2019-11-05,08:39:34,06,MTP021,STP081,E,P,102.6,8.036666666666667,-47.7962,-85.5004,35
8703,1,2019-11-05,12:10:00,05,MTP021,STP081,I,P,102.67,4.966111111111111,30.6943,177.2392,35
8703,2,2019-11-05,12:35:38,04,MTP021,STP081,E,P,102.68,8.07,-48.2267,-142.4396,35
8707,1,2019-11-05,20:00:54,10,MTP021,STP081,I,P,102.82,4.860277777777777,33.1305,61.064,35
8707,2,2019-11-05,20:27:41,11,MTP021,STP081,E,P,102.83,8.16638888888889,-49.409,104.1413,35
8709,1,2019-11-05,23:56:31,12,MTP021,STP081,I,P,102.89,4.8133333333333335,34.1615,3.0289,35
8709,2,2019-11-06,00:23:45,13,MTP021,STP081,E,P,102.9,8.195277777777777,-49.751,47.1292,35
8712,1,2019-11-06,05:49:48,06,MTP021,STP081,I,P,103.0,4.738333333333333,35.7531,-84.0624,35
8712,2,2019-11-06,06:17:48,05,MTP021,STP081,E,P,103.01,8.267777777777779,-50.579,-37.9372,35
8715,1,2019-11-06,11:43:08,04,MTP021,STP081,I,P,103.11,4.666388888888889,37.2214,-171.1222,35
8715,2,2019-11-06,12:11:41,10,MTP021,STP081,E,P,103.12,8.293333333333333,-50.8728,-123.663,35
8718,1,2019-11-06,17:36:29,11,MTP021,STP081,I,P,103.22,4.588055555555555,38.7389,101.7246,35
8718,2,2019-11-06,18:05:47,12,MTP021,STP081,E,P,103.23,8.373888888888889,-51.7306,151.3782,35
8722,1,2019-11-07,00:55:55,04,MTP021,STP081,C,P,103.36,19.22083333333333,50.9963,-145.7151,35
8723,1,2019-11-07,03:25:31,13,MTP021,STP081,I,P,103.41,4.471666666666667,40.8724,-43.3538,35
8723,2,2019-11-07,03:55:41,06,MTP021,STP081,E,P,103.42,8.431388888888888,-52.334,8.6983,35
8725,1,2019-11-07,07:21:01,05,MTP021,STP081,I,P,103.48,4.418333333333334,41.7995,-101.4619,35
8725,2,2019-11-07,07:51:37,04,MTP021,STP081,E,P,103.49,8.471944444444444,-52.7396,-48.1013,35
8727,1,2019-11-07,11:16:37,10,MTP021,STP081,I,P,103.55,4.3677777777777775,42.6499,-159.5503,35
8727,2,2019-11-07,11:47:31,11,MTP021,STP081,E,P,103.56,8.48,-52.8256,-105.3842,35
8732,1,2019-11-07,21:05:39,12,MTP021,STP081,I,P,103.74,4.243611111111111,44.6213,55.2613,35
8732,2,2019-11-07,21:37:25,13,MTP021,STP081,E,P,103.75,8.567499999999999,-53.6642,112.3882,35
8735,1,2019-11-08,02:59:13,06,MTP021,STP081,I,P,103.85,4.173055555555556,45.6789,-31.8356,35
8735,2,2019-11-08,03:31:25,05,MTP021,STP081,E,P,103.86,8.597222222222223,-53.9457,26.6943,35
8738,1,2019-11-08,08:52:35,04,MTP021,STP081,I,P,103.96,4.098333333333333,46.7431,-118.9416,35
8738,2,2019-11-08,09:25:15,10,MTP021,STP081,E,P,103.97,8.641666666666666,-54.3481,-58.7397,35
8742,1,2019-11-08,16:43:58,11,MTP021,STP081,I,P,104.11,3.991388888888889,48.1833,124.752,35
8742,2,2019-11-08,17:17:12,12,MTP021,STP081,E,P,104.12,8.694444444444445,-54.8159,-172.7891,35
8744,1,2019-11-08,20:39:32,13,MTP021,STP081,I,P,104.18,3.9408333333333334,48.8295,66.6747,35
8744,2,2019-11-08,21:13:01,06,MTP021,STP081,E,P,104.19,8.7175,-55.0172,130.172,35
8749,1,2019-11-09,06:28:49,05,MTP021,STP081,I,P,104.37,3.818333333333333,50.3155,-78.5574,35
8749,2,2019-11-09,07:02:56,04,MTP021,STP081,E,P,104.38,8.776944444444446,-55.5215,-12.4821,35
8751,1,2019-11-09,10:24:27,10,MTP021,STP081,I,P,104.44,3.7680555555555557,50.891,-136.6471,35
8751,2,2019-11-09,10:58:45,11,MTP021,STP081,E,P,104.45,8.781944444444445,-55.5708,-69.7913,35
8757,1,2019-11-09,22:11:27,10,MTP021,STP082,I,P,104.66,3.6008333333333336,52.6778,48.8056,35
8757,2,2019-11-09,22:46:29,11,MTP021,STP082,E,P,104.67,8.851388888888888,-56.1373,119.0358,35
8760,1,2019-11-10,04:05:06,12,MTP021,STP082,I,P,104.77,3.5216666666666665,53.4624,-38.4385,35
8760,2,2019-11-10,04:40:28,13,MTP021,STP082,E,P,104.78,8.879722222222222,-56.3656,33.3274,35
8762,1,2019-11-10,08:00:46,06,MTP021,STP082,I,P,104.85,3.4736111111111114,53.9188,-96.5031,35
8762,2,2019-11-10,08:36:20,05,MTP021,STP082,E,P,104.86,8.911944444444444,-56.6119,-23.5849,35
8767,1,2019-11-10,17:50:04,04,MTP021,STP082,I,P,105.03,3.327222222222222,55.2258,117.9037,35
8767,2,2019-11-10,18:26:07,10,MTP021,STP082,E,P,105.04,8.95111111111111,-56.9182,-166.5118,35
8769,1,2019-11-10,21:45:40,11,MTP021,STP082,I,P,105.1,3.2688888888888887,55.7139,59.6994,35
8769,2,2019-11-10,22:21:54,12,MTP021,STP082,E,P,105.12,8.963055555555554,-57.0137,136.2946,35
8773,1,2019-11-11,05:37:13,13,MTP021,STP082,I,P,105.25,3.158611111111111,56.59,-56.7006,35
8773,2,2019-11-11,06:13:49,06,MTP021,STP082,E,P,105.26,8.995277777777776,-57.2583,21.9431,35
8775,1,2019-11-11,09:32:55,05,MTP021,STP082,I,P,105.33,3.1105555555555555,56.9549,-114.7726,35
8775,2,2019-11-11,10:09:39,04,MTP021,STP082,E,P,105.34,9.016666666666667,-57.416,-35.1192,35
8780,1,2019-11-11,19:22:14,10,MTP021,STP082,I,P,105.51,2.950277777777778,58.0859,99.422,35
8780,2,2019-11-11,19:59:28,11,MTP021,STP082,E,P,105.52,9.066666666666666,-57.7764,-177.8889,35
8784,1,2019-11-12,03:13:44,12,MTP021,STP082,I,P,105.66,2.8361111111111112,58.8287,-17.0195,35
8784,2,2019-11-12,03:51:12,13,MTP021,STP082,E,P,105.67,9.076944444444445,-57.8653,67.4733,35
8786,1,2019-11-12,07:09:27,06,MTP021,STP082,I,P,105.73,2.7725,59.2193,-75.3326,35
8786,2,2019-11-12,07:47:07,05,MTP021,STP082,E,P,105.75,9.106388888888889,-58.0671,10.5106,35
8790,1,2019-11-12,15:00:54,04,MTP021,STP082,I,P,105.88,2.6425,59.9701,167.9957,35
8790,2,2019-11-12,15:38:48,10,MTP021,STP082,E,P,105.89,9.11,-58.1113,-104.215,35
8793,1,2019-11-12,20:54:31,11,MTP021,STP082,I,P,105.99,2.5524999999999998,60.4556,80.6028,35
8793,2,2019-11-12,21:32:39,12,MTP021,STP082,E,P,106.0,9.152777777777779,-58.3971,170.3239,35
8796,1,2019-11-13,02:48:11,13,MTP021,STP082,I,P,106.1,2.4594444444444448,60.9295,-6.8512,35
8796,2,2019-11-13,03:26:28,06,MTP021,STP082,E,P,106.12,9.151944444444444,-58.4101,84.2175,35
8799,1,2019-11-13,08:41:48,05,MTP021,STP082,I,P,106.22,2.366388888888889,61.3776,-94.2997,35
8799,2,2019-11-13,09:20:20,04,MTP021,STP082,E,P,106.23,9.19138888888889,-58.6677,-1.2993,35
8802,1,2019-11-13,14:35:24,10,MTP021,STP082,I,P,106.33,2.257222222222222,61.8662,178.0227,35
8802,2,2019-11-13,15:14:06,11,MTP021,STP082,E,P,106.34,9.189166666666667,-58.6711,-87.4166,35
8805,1,2019-11-13,20:29:06,12,MTP021,STP082,I,P,106.44,2.1666666666666665,62.2504,90.5954,35
8805,2,2019-11-13,21:07:59,13,MTP021,STP082,E,P,106.45,9.230833333333333,-58.9369,-172.9044,35
8808,1,2019-11-14,02:22:41,06,MTP021,STP082,I,P,106.55,2.0549999999999997,62.6892,2.8828,35
8808,2,2019-11-14,03:01:44,05,MTP021,STP082,E,P,106.56,9.22638888888889,-58.9293,100.953,35
8810,1,2019-11-14,06:18:32,04,MTP021,STP082,I,P,106.62,1.993888888888889,62.9173,-55.4219,35
8810,2,2019-11-14,06:57:42,10,MTP021,STP082,E,P,106.64,9.24611111111111,-59.0563,43.8289,35
8814,1,2019-11-14,14:10:01,11,MTP021,STP082,I,P,106.77,1.8566666666666667,63.3957,-172.2083,35
8817,1,2019-11-14,20:43:16,12,MTP021,STP082,E,P,106.9,9.290833333333333,-59.354,-156.3884,35
8821,1,2019-11-15,04:34:59,13,MTP021,STP082,E,P,107.04,9.295,-59.4006,88.8876,35
8823,1,2019-11-15,08:30:53,06,MTP021,STP082,E,P,107.12,9.313333333333334,-59.5154,31.7619,35
8826,1,2019-11-15,13:44:41,05,MTP021,STP082,I,P,107.22,1.4325,64.6113,-162.8061,35
8830,1,2019-11-15,21:36:17,04,MTP021,STP082,I,P,107.37,1.2863888888888888,64.9463,80.2434,35
8833,1,2019-11-16,04:10:10,10,MTP021,STP082,E,P,107.49,9.340833333333334,-59.7288,105.2194,35
8838,1,2019-11-16,17:15:16,10,MTP021,STP083,I,P,107.74,0.9077777777777778,65.6366,147.6779,35
8842,1,2019-11-16,21:11:06,11,MTP021,STP083,I,P,107.81,0.8450000000000001,65.7297,89.3507,35
8844,1,2019-11-17,01:06:48,12,MTP021,STP083,I,P,107.89,0.7677777777777778,65.8333,30.8388,35
8848,1,2019-11-17,08:58:28,13,MTP021,STP083,I,P,108.04,0.6163888888888889,66.0095,-86.2023,35
8850,1,2019-11-17,12:54:12,06,MTP021,STP083,I,P,108.11,0.5463888888888889,66.0801,-144.6154,35
8854,1,2019-11-17,20:45:54,05,MTP021,STP083,I,P,108.26,0.38972222222222225,66.2086,98.2566,35
8856,1,2019-11-18,00:41:35,04,MTP021,STP083,I,P,108.33,0.31472222222222224,66.258,39.777,35
8859,1,2019-11-18,07:16:32,10,MTP021,STP083,E,P,108.46,9.4375,-60.4004,80.5177,35
8862,1,2019-11-18,12:29:05,11,MTP021,STP083,I,P,108.56,0.10083333333333334,66.3541,-135.5884,35
8866,1,2019-11-18,20:20:45,12,MTP021,STP083,I,P,108.71,23.933888888888887,66.3804,107.1365,35
8869,1,2019-11-19,02:55:42,13,MTP021,STP083,E,P,108.83,9.463333333333333,-60.5964,153.9765,35
8872,1,2019-11-19,08:08:12,06,MTP021,STP083,I,P,108.93,23.71638888888889,66.3592,-68.2687,35
8874,1,2019-11-19,12:03:56,05,MTP021,STP083,I,P,109.0,23.648611111111112,66.3394,-126.6492,35
8880,1,2019-11-19,23:51:25,04,MTP021,STP083,I,P,109.23,23.43166666666667,66.2289,57.9427,35
8883,1,2019-11-20,06:26:48,10,MTP021,STP083,E,P,109.35,9.487499999999999,-60.8077,112.5675,35
8886,1,2019-11-20,11:38:54,11,MTP021,STP083,I,P,109.45,23.216944444444444,66.051,-117.4328,35
8889,1,2019-11-20,18:14:23,12,MTP021,STP083,E,P,109.58,9.501388888888888,-60.9162,-59.4027,35
8892,1,2019-11-20,23:26:24,13,MTP021,STP083,I,P,109.68,23.00722222222222,65.8095,67.2638,35
8896,1,2019-11-21,07:18:03,06,MTP021,STP083,I,P,109.83,22.860555555555557,65.5972,-49.7069,35
8898,1,2019-11-21,11:13:53,05,MTP021,STP083,I,P,109.9,22.80027777777778,65.5019,-107.9959,35
8902,1,2019-11-21,19:05:32,04,MTP021,STP083,I,P,110.05,22.65861111111111,65.249,135.1093,35
8904,1,2019-11-21,23:01:24,10,MTP021,STP083,I,P,110.12,22.601666666666667,65.1394,76.8579,35
8907,1,2019-11-22,05:37:04,11,MTP021,STP083,E,P,110.25,9.5225,-61.1424,144.3977,35
8910,1,2019-11-22,10:48:55,12,MTP021,STP083,I,P,110.35,22.40888888888889,64.7202,-98.1925,35
8913,1,2019-11-22,17:24:39,13,MTP021,STP083,E,P,110.47,9.529444444444445,-61.2171,-27.6796,35
8916,1,2019-11-22,22:36:28,06,MTP021,STP083,I,P,110.57,22.221944444444443,64.2454,86.8346,35
8919,1,2019-11-23,05:12:11,05,MTP021,STP083,E,P,110.7,9.533333333333333,-61.2776,160.2118,35
8921,1,2019-11-23,09:08:11,04,MTP021,STP083,E,P,110.77,9.534722222222221,-61.2983,102.8064,35
8927,1,2019-11-23,20:55:43,10,MTP021,STP084,E,P,111.0,9.537777777777778,-61.3555,-69.316,35
8931,1,2019-11-24,04:47:19,11,MTP021,STP084,E,P,111.15,9.542777777777777,-61.4087,176.005,35
8934,1,2019-11-24,09:59:04,12,MTP021,STP084,I,P,111.25,21.702777777777776,62.5266,-77.4524,35
8937,1,2019-11-24,16:34:53,13,MTP021,STP084,E,P,111.37,9.542222222222222,-61.4496,3.8228,35
8939,1,2019-11-24,20:30:47,06,MTP021,STP084,E,P,111.45,9.538333333333334,-61.4454,-53.6395,35
8944,1,2019-11-25,05:38:11,05,MTP021,STP084,I,P,111.62,21.441944444444445,61.4028,-8.2875,35
8946,1,2019-11-25,09:34:07,04,MTP021,STP084,I,P,111.7,21.38888888888889,61.1496,-66.4928,35
8950,1,2019-11-25,17:25:46,10,MTP021,STP084,I,P,111.85,21.294722222222223,60.6796,177.3269,35
8953,1,2019-11-26,00:01:45,11,MTP021,STP084,E,P,111.97,9.539444444444444,-61.5538,-95.3609,35
8956,1,2019-11-26,05:13:17,12,MTP021,STP084,I,P,112.07,21.1525,59.9107,3.0305,35
8959,1,2019-11-26,11:49:17,13,MTP021,STP084,E,P,112.2,9.535833333333333,-61.5818,92.4183,35
8962,1,2019-11-26,17:00:52,06,MTP021,STP084,I,P,112.3,21.016111111111112,59.1051,-171.192,35
8965,1,2019-11-26,23:36:48,05,MTP021,STP084,E,P,112.42,9.52888888888889,-61.5949,-79.8446,35
8968,1,2019-11-27,04:48:24,04,MTP021,STP084,I,P,112.52,20.885277777777777,58.2617,14.6782,35
8970,1,2019-11-27,08:44:20,10,MTP021,STP084,I,P,112.6,20.835555555555555,57.9184,-43.4805,35
8974,1,2019-11-27,16:36:03,11,MTP021,STP084,I,P,112.75,20.75777777777778,57.3669,-159.4316,35
8976,1,2019-11-27,20:31:54,12,MTP021,STP084,I,P,112.82,20.711111111111112,57.018,142.4768,35
8980,1,2019-11-28,04:23:37,13,MTP021,STP084,I,P,112.98,20.636944444444445,56.4485,26.5803,35
8982,1,2019-11-28,08:19:30,06,MTP021,STP084,I,P,113.05,20.590833333333332,56.0772,-31.5068,35
8985,1,2019-11-28,14:55:15,05,MTP021,STP084,E,P,113.18,9.509444444444444,-61.6582,65.9705,35
8988,1,2019-11-28,20:07:07,04,MTP021,STP084,I,P,113.28,20.474999999999998,55.095,154.5664,35
8991,1,2019-11-29,02:42:49,10,MTP021,STP084,E,P,113.4,9.494166666666667,-61.6329,-106.4302,35
8994,1,2019-11-29,07:54:43,11,MTP021,STP084,I,P,113.5,20.36527777777778,54.0959,-19.2618,35
8998,1,2019-11-29,15:46:32,12,MTP021,STP084,I,P,113.65,20.296666666666667,53.4335,-135.0965,35
9000,1,2019-11-29,19:42:22,13,MTP021,STP084,I,P,113.73,20.25777777777778,53.0423,166.9313,35
9004,1,2019-11-30,03:34:12,06,MTP021,STP084,I,P,113.88,20.190833333333334,52.3478,51.1146,35
9006,1,2019-11-30,07:29:59,05,MTP021,STP084,I,P,113.96,20.15583333333333,51.9682,-6.788,35
9012,1,2019-11-30,19:59:10,10,MTP022,STP085,E,P,114.19,9.444166666666668,-61.5584,10.2382,35
9014,1,2019-11-30,23:55:05,11,MTP022,STP085,E,P,114.27,9.438333333333334,-61.5468,-47.2547,35
9018,1,2019-12-01,07:05:24,12,MTP022,STP085,I,P,114.41,19.960277777777776,49.6913,5.8631,35
9020,1,2019-12-01,11:01:26,09,MTP022,STP085,I,P,114.48,19.921111111111113,49.1942,-52.158,35
9022,1,2019-12-01,14:57:19,06,MTP022,STP085,I,P,114.56,19.895,48.8584,-109.9504,35
9027,1,2019-12-02,01:28:12,05,MTP022,STP085,E,P,114.76,9.39861111111111,-61.4562,-60.9106,35
9029,1,2019-12-02,05:24:01,04,MTP022,STP085,E,P,114.84,9.399166666666666,-61.4744,-118.2848,35
9031,1,2019-12-02,09:19:50,10,MTP022,STP085,E,P,114.91,9.38361111111111,-61.4122,-175.8986,35
9034,1,2019-12-02,14:32:49,11,MTP022,STP085,I,P,115.01,19.712777777777777,46.3259,-97.1229,35
9036,1,2019-12-02,18:28:41,12,MTP022,STP085,I,P,115.09,19.685277777777777,45.9159,-154.9309,35
9039,1,2019-12-03,01:03:22,09,MTP022,STP085,E,P,115.22,9.358611111111111,-61.3516,-45.8697,35
9042,1,2019-12-03,06:57:05,06,MTP022,STP085,E,P,115.33,9.354722222222222,-61.3579,-131.9982,35
9045,1,2019-12-03,12:10:22,05,MTP022,STP085,I,P,115.43,19.555,43.8562,-55.2299,35
9047,1,2019-12-03,16:06:16,04,MTP022,STP085,I,P,115.51,19.53111111111111,43.4613,-112.9913,35
9049,1,2019-12-03,20:02:09,10,MTP022,STP085,I,P,115.58,19.503055555555555,42.9886,-170.8038,35
9052,1,2019-12-04,02:36:30,11,MTP022,STP085,E,P,115.71,9.303611111111111,-61.1745,-59.7571,35
9054,1,2019-12-04,06:32:18,12,MTP022,STP085,E,P,115.78,9.301666666666668,-61.1821,-117.1644,35
9056,1,2019-12-04,10:28:08,09,MTP022,STP085,E,P,115.86,9.284444444444444,-61.1055,-174.8119,35
9059,1,2019-12-04,15:41:54,06,MTP022,STP085,I,P,115.96,19.368333333333332,40.5626,-99.9014,35
9061,1,2019-12-04,19:37:46,05,MTP022,STP085,I,P,116.04,19.343888888888888,40.0995,-157.6633,35
9064,1,2019-12-05,02:11:41,04,MTP022,STP085,E,P,116.16,9.248888888888889,-60.9819,-44.9427,35
9066,1,2019-12-05,06:07:31,10,MTP022,STP085,E,P,116.24,9.245555555555555,-60.9814,-102.3798,35
9069,1,2019-12-05,11:21:34,11,MTP022,STP085,I,P,116.34,19.237222222222222,37.9717,-28.9235,35
9071,1,2019-12-05,15:17:34,12,MTP022,STP085,I,P,116.42,19.2125,37.4567,-86.7221,35
9073,1,2019-12-05,19:13:28,09,MTP022,STP085,I,P,116.49,19.18888888888889,36.9564,-144.4791,35
9076,1,2019-12-06,01:46:52,06,MTP022,STP085,E,P,116.62,9.188333333333334,-60.7483,-30.215,35
9079,1,2019-12-06,07:40:38,05,MTP022,STP085,E,P,116.73,9.175833333333333,-60.7053,-116.4819,35
9081,1,2019-12-06,11:36:31,04,MTP022,STP085,E,P,116.81,9.151111111111112,-60.5773,-174.2549,35
9084,1,2019-12-06,16:51:18,10,MTP022,STP085,I,P,116.91,19.053333333333335,33.9209,-102.3156,35
9084,2,2019-12-06,17:30:25,11,MTP022,STP085,E,P,116.92,9.145,-60.5701,99.5413,35
9087,1,2019-12-06,22:45:10,12,MTP022,STP085,I,P,117.02,19.0175,33.0707,171.0383,35
9087,2,2019-12-06,23:24:09,09,MTP022,STP085,E,P,117.04,9.116666666666667,-60.4278,13.0358,35
9093,1,2019-12-07,10:33:03,06,MTP022,STP085,I,P,117.25,18.946666666666665,31.3287,-2.2777,35
9093,2,2019-12-07,11:11:44,05,MTP022,STP085,E,P,117.26,9.0825,-60.277,-159.6525,35
9098,1,2019-12-07,20:23:03,10,MTP022,STP086,I,P,117.44,18.88861111111111,29.839,-146.7138,35
9098,2,2019-12-07,21:01:29,11,MTP022,STP086,E,P,117.45,9.049722222222222,-60.1219,56.3504,35
9101,1,2019-12-08,02:17:03,12,MTP022,STP086,I,P,117.56,18.852500000000003,28.8849,126.6045,35
9101,2,2019-12-08,02:55:21,09,MTP022,STP086,E,P,117.57,9.029722222222222,-60.0231,-30.0596,35
9104,1,2019-12-08,08:10:59,06,MTP022,STP086,I,P,117.67,18.820555555555554,28.0182,39.9967,35
9104,2,2019-12-08,08:49:08,05,MTP022,STP086,E,P,117.68,9.008055555555556,-59.9144,-116.4702,35
9106,1,2019-12-08,12:06:59,04,MTP022,STP086,I,P,117.75,18.795,27.3116,-17.8138,35
9106,2,2019-12-08,12:45:01,10,MTP022,STP086,E,P,117.76,8.987222222222222,-59.7986,-174.1799,35
9110,1,2019-12-08,19:58:58,11,MTP022,STP086,I,P,117.9,18.751944444444444,26.1033,-133.3086,35
9110,2,2019-12-08,20:36:48,12,MTP022,STP086,E,P,117.91,8.963888888888889,-59.6842,70.6669,35
9112,1,2019-12-08,23:54:58,09,MTP022,STP086,I,P,117.98,18.72583333333333,25.35,168.8716,35
9112,2,2019-12-09,00:32:41,06,MTP022,STP086,E,P,117.99,8.941944444444445,-59.5568,12.939,35
9115,1,2019-12-09,05:49:02,05,MTP022,STP086,I,P,118.09,18.69388888888889,24.4228,82.2417,35
9115,2,2019-12-09,06:26:34,04,MTP022,STP086,E,P,118.1,8.920833333333333,-59.4432,-73.4908,35
9118,1,2019-12-09,11:42:57,10,MTP022,STP086,I,P,118.2,18.65972222222222,23.4019,-4.3922,35
9118,2,2019-12-09,12:20:18,11,MTP022,STP086,E,P,118.22,8.897499999999999,-59.3135,-159.9148,35
9120,1,2019-12-09,15:39:04,12,MTP022,STP086,I,P,118.28,18.635277777777777,22.6586,-62.2159,35
9120,2,2019-12-09,16:16:20,09,MTP022,STP086,E,P,118.29,8.872777777777777,-59.1619,142.2808,35
9123,1,2019-12-09,21:33:01,06,MTP022,STP086,I,P,118.39,18.603055555555557,21.6678,-148.8298,35
9123,2,2019-12-09,22:10:06,05,MTP022,STP086,E,P,118.41,8.849722222222223,-59.0285,55.8503,35
9125,1,2019-12-10,01:29:04,04,MTP022,STP086,I,P,118.47,18.578611111111112,20.9021,153.3671,35
9125,2,2019-12-10,02:06:00,10,MTP022,STP086,E,P,118.48,8.8375,-58.9624,-1.7331,35
9128,1,2019-12-10,07:23:06,11,MTP022,STP086,I,P,118.59,18.547777777777778,19.9327,66.7557,35
9128,2,2019-12-10,07:59:51,12,MTP022,STP086,E,P,118.6,8.813611111111111,-58.8197,-88.1973,35
9130,1,2019-12-10,11:19:01,09,MTP022,STP086,I,P,118.66,18.52611111111111,19.2313,9.0209,35
9130,2,2019-12-10,11:55:39,06,MTP022,STP086,E,P,118.67,8.797222222222222,-58.7199,-145.8217,35
9133,1,2019-12-10,17:13:12,05,MTP022,STP086,I,P,118.78,18.489166666666666,18.0276,-77.7145,35
9133,2,2019-12-10,17:49:39,04,MTP022,STP086,E,P,118.79,8.760833333333334,-58.4781,127.4889,35
9136,1,2019-12-10,23:07:08,10,MTP022,STP086,I,P,118.89,18.45777777777778,16.9856,-164.3101,35
9136,2,2019-12-10,23:43:23,11,MTP022,STP086,E,P,118.9,8.733888888888888,-58.3055,41.0125,35
9138,1,2019-12-11,03:03:12,12,MTP022,STP086,I,P,118.97,18.434722222222224,16.219,137.9037,35
9138,2,2019-12-11,03:39:19,09,MTP022,STP086,E,P,118.98,8.720277777777778,-58.2206,-16.6044,35
9141,1,2019-12-11,08:57:12,06,MTP022,STP086,I,P,119.08,18.404999999999998,15.2115,51.3155,35
9141,2,2019-12-11,09:33:08,05,MTP022,STP086,E,P,119.09,8.693055555555556,-58.0392,-103.1096,35
9144,1,2019-12-11,14:51:20,04,MTP022,STP086,I,P,119.2,18.365833333333335,13.8557,-35.4478,35
9144,2,2019-12-11,15:27:04,10,MTP022,STP086,E,P,119.21,8.645833333333332,-57.6919,170.0578,35
9147,1,2019-12-11,20:45:23,11,MTP022,STP086,I,P,119.31,18.334444444444443,12.7641,-122.0696,35
9147,2,2019-12-11,21:20:55,12,MTP022,STP086,E,P,119.32,8.624444444444444,-57.5504,83.6347,35
9150,1,2019-12-12,02:39:28,09,MTP022,STP086,I,P,119.43,18.29888888888889,11.4995,151.2364,35
9150,2,2019-12-12,03:14:45,06,MTP022,STP086,E,P,119.44,8.595555555555556,-57.3405,-2.9006,35
9153,1,2019-12-12,08:33:31,05,MTP022,STP086,I,P,119.54,18.26972222222222,10.4626,64.6482,35
9153,2,2019-12-12,09:08:37,04,MTP022,STP086,E,P,119.55,8.564444444444446,-57.1093,-89.474,35
9156,1,2019-12-12,14:27:35,10,MTP022,STP086,I,P,119.66,18.232499999999998,9.1193,-22.067,35
9156,2,2019-12-12,15:02:29,11,MTP022,STP086,E,P,119.67,8.520000000000001,-56.7553,-176.2477,35
9159,1,2019-12-12,20:21:41,12,MTP022,STP086,I,P,119.77,18.200833333333332,7.9614,-108.7072,35
9159,2,2019-12-12,20:56:22,09,MTP022,STP086,E,P,119.78,8.499166666666666,-56.6033,97.326,35
9161,1,2019-12-13,00:17:43,06,MTP022,STP086,I,P,119.85,18.17527777777778,7.022,-166.5268,35
9161,2,2019-12-13,00:52:14,05,MTP022,STP086,E,P,119.86,8.470555555555556,-56.3647,39.5006,35
9165,1,2019-12-13,08:09:53,04,MTP022,STP086,I,P,120.0,18.133333333333333,5.4613,77.9493,35
9165,2,2019-12-13,08:44:09,10,MTP022,STP086,E,P,120.01,8.420833333333333,-55.9493,-76.0767,35
9167,1,2019-12-13,12:05:51,11,MTP022,STP086,I,P,120.08,18.110277777777778,4.603,20.1835,35
9167,2,2019-12-13,12:39:58,12,MTP022,STP086,E,P,120.09,8.404444444444445,-55.8151,-133.7036,35
9170,1,2019-12-13,18:00:09,09,MTP022,STP086,I,P,120.19,18.07111111111111,3.125,-66.6164,35
9170,2,2019-12-13,18:34:01,06,MTP022,STP086,E,P,120.2,8.356666666666666,-55.3861,139.4256,35
9173,1,2019-12-13,23:54:08,05,MTP022,STP086,I,P,120.31,18.040277777777778,1.9632,-153.2151,35
9173,2,2019-12-14,00:27:49,04,MTP022,STP086,E,P,120.32,8.318333333333333,-55.0363,52.7573,35
9175,1,2019-12-14,03:50:16,10,MTP022,STP086,I,P,120.38,18.014722222222222,0.9964,148.9425,35
9175,2,2019-12-14,04:23:48,11,MTP022,STP086,E,P,120.4,8.296111111111111,-54.8313,-4.9978,35
9179,1,2019-12-14,11:42:20,12,MTP022,STP086,I,P,120.54,17.971944444444443,-0.6313,33.4287,35
9179,2,2019-12-14,12:15:34,09,MTP022,STP086,E,P,120.55,8.251944444444444,-54.4181,-120.4593,35
9184,1,2019-12-14,21:32:41,10,MTP022,STP087,I,P,120.73,17.909444444444443,-3.0128,-111.1596,35
9184,2,2019-12-14,22:05:33,11,MTP022,STP087,E,P,120.74,8.181111111111111,-53.706,94.9156,35
9187,1,2019-12-15,03:26:47,12,MTP022,STP087,I,P,120.85,17.873055555555556,-4.4015,162.1258,35
9187,2,2019-12-15,03:59:26,09,MTP022,STP087,E,P,120.86,8.142222222222221,-53.304,8.2211,35
9190,1,2019-12-15,09:20:58,06,MTP022,STP087,I,P,120.96,17.839166666666664,-5.6924,75.4348,35
9190,2,2019-12-15,09:53:24,05,MTP022,STP087,E,P,120.97,8.099444444444446,-52.8432,-78.5525,35
9192,1,2019-12-15,13:16:57,04,MTP022,STP087,I,P,121.04,17.81638888888889,-6.5566,17.6702,35
9192,2,2019-12-15,13:49:14,10,MTP022,STP087,E,P,121.05,8.07861111111111,-52.6229,-136.2493,35
9196,1,2019-12-15,21:09:19,11,MTP022,STP087,I,P,121.19,17.762777777777778,-8.5891,-98.0797,35
9196,2,2019-12-15,21:41:19,12,MTP022,STP087,E,P,121.2,8.01388888888889,-51.8796,107.9048,35
9198,1,2019-12-16,01:05:19,09,MTP022,STP087,I,P,121.27,17.740000000000002,-9.4389,-155.8451,35
9198,2,2019-12-16,01:37:12,06,MTP022,STP087,E,P,121.28,7.9816666666666665,-51.4948,50.0213,35
9200,1,2019-12-16,05:01:29,12,MTP022,STP087,I,F,121.35,17.71333333333333,-10.4463,146.2835,35
9200,2,2019-12-16,05:33:13,04,MTP022,STP087,E,P,121.36,7.955555555555556,-51.1807,-7.803,35
9204,1,2019-12-16,12:53:36,10,MTP022,STP087,I,P,121.5,17.66611111111111,-12.2018,30.6932,35
9204,2,2019-12-16,13:25:04,11,MTP022,STP087,E,P,121.51,7.902222222222223,-50.5248,-123.4177,35
9206,1,2019-12-16,16:49:50,12,MTP022,STP087,I,P,121.58,17.636666666666667,-13.2817,-27.2268,35
9206,2,2019-12-16,17:21:09,09,MTP022,STP087,E,P,121.59,7.861944444444444,-49.9937,178.5278,35
9210,1,2019-12-17,00:42:01,06,MTP022,STP087,I,P,121.73,17.58722222222222,-15.0883,-142.869,35
9210,2,2019-12-17,01:13:05,05,MTP022,STP087,E,P,121.74,7.806666666666667,-49.2579,62.8599,35
9212,1,2019-12-17,04:38:12,04,MTP022,STP087,I,P,121.81,17.557222222222222,-16.177,159.2059,35
9212,2,2019-12-17,05:09:05,10,MTP022,STP087,E,P,121.82,7.781666666666666,-48.9201,5.0603,35
9215,1,2019-12-17,10:32:21,11,MTP022,STP087,I,P,121.92,17.521944444444443,-17.433,72.5005,35
9215,2,2019-12-17,11:03:07,12,MTP022,STP087,E,P,121.93,7.730555555555556,-48.189,-81.855,35
9217,1,2019-12-17,14:28:22,09,MTP022,STP087,I,P,122.0,17.49638888888889,-18.3386,14.6857,35
9217,2,2019-12-17,14:59:00,06,MTP022,STP087,E,P,122.01,7.706111111111111,-47.8354,-139.6218,35
9220,1,2019-12-17,20:22:43,05,MTP022,STP087,I,P,122.12,17.450277777777778,-19.9376,-72.2314,35
9220,2,2019-12-17,20:53:11,04,MTP022,STP087,E,P,122.13,7.65,-46.9815,133.3523,35
9223,1,2019-12-18,02:16:46,10,MTP022,STP087,I,P,122.23,17.412777777777777,-21.2267,-158.9452,35
9223,2,2019-12-18,02:47:03,11,MTP022,STP087,E,P,122.24,7.609166666666666,-46.3465,46.6307,35
9225,1,2019-12-18,06:12:57,12,MTP022,STP087,I,P,122.31,17.383055555555558,-22.2259,143.1378,35
9225,2,2019-12-18,06:43:08,09,MTP022,STP087,E,P,122.32,7.5775,-45.8372,-11.2902,35
9228,1,2019-12-18,12:07:05,06,MTP022,STP087,I,P,122.42,17.342499999999998,-23.5719,56.355,35
9228,2,2019-12-18,12:37:06,05,MTP022,STP087,E,P,122.43,7.533333333333333,-45.1071,-98.0858,35
9231,1,2019-12-18,18:01:18,04,MTP022,STP087,I,P,122.54,17.29888888888889,-24.988,-30.4896,35
9231,2,2019-12-18,18:31:13,10,MTP022,STP087,E,P,122.55,7.476666666666667,-44.1185,174.892,35
9234,1,2019-12-18,23:55:29,11,MTP022,STP087,I,P,122.66,17.255555555555556,-26.3711,-117.3278,35
9234,2,2019-12-19,00:25:15,12,MTP022,STP087,E,P,122.67,7.434444444444445,-43.3663,88.1103,35
9237,1,2019-12-19,05:49:39,09,MTP022,STP087,I,P,122.77,17.210277777777776,-27.7737,155.8113,35
9237,2,2019-12-19,06:19:18,06,MTP022,STP087,E,P,122.78,7.3875,-42.4943,1.2523,35
9242,1,2019-12-19,15:39:50,05,MTP022,STP087,I,P,122.96,17.138055555555557,-29.9471,11.1133,35
9242,2,2019-12-19,16:09:17,04,MTP022,STP087,E,P,122.97,7.3133333333333335,-41.061,-143.4225,35
9246,1,2019-12-19,23:32:10,10,MTP022,STP087,I,P,123.12,17.074166666666667,-31.7913,-104.7821,35
9246,2,2019-12-20,00:01:32,11,MTP022,STP087,E,P,123.13,7.243333333333333,-39.6136,100.6099,35
9248,1,2019-12-20,02:30:50,05,MTP022,STP087,C,P,123.18,4.971388888888889,39.0792,30.2045,35
9250,1,2019-12-20,07:24:22,12,MTP022,STP087,I,P,123.27,17.012777777777778,-33.4891,139.4001,35
9250,2,2019-12-20,07:53:38,09,MTP022,STP087,E,P,123.28,7.183888888888889,-38.3339,-15.1572,35
9253,1,2019-12-20,13:18:26,06,MTP022,STP087,I,P,123.39,16.97083333333333,-34.6238,52.6121,35
9253,2,2019-12-20,13:47:40,05,MTP022,STP087,E,P,123.4,7.138333333333334,-37.312,-101.9894,35
9259,1,2019-12-20,23:08:48,04,MTP022,STP087,I,P,123.58,16.88611111111111,-36.8044,-92.3169,35
9259,2,2019-12-20,23:37:59,10,MTP022,STP087,E,P,123.59,7.055833333333333,-35.3641,113.1287,35
9262,1,2019-12-21,05:02:49,11,MTP022,STP087,I,P,123.7,16.842222222222222,-37.8917,-179.1215,35
9262,2,2019-12-21,05:31:58,12,MTP022,STP087,E,P,123.71,7.0136111111111115,-34.3306,26.3578,35
9265,1,2019-12-21,10:56:59,09,MTP022,STP087,I,P,123.82,16.796944444444446,-38.9758,94.0211,35
9265,2,2019-12-21,11:26:11,06,MTP022,STP087,E,P,123.83,6.9655555555555555,-33.0984,-60.5554,35
9272,1,2019-12-21,23:45:58,06,MTP022,STP088,C,P,124.07,4.436111111111112,47.2611,81.4869,35
9274,1,2019-12-22,04:39:16,10,MTP022,STP088,I,P,124.16,16.646944444444443,-42.3314,-166.7227,35
9274,2,2019-12-22,05:08:31,11,MTP022,STP088,E,P,124.17,6.833055555555555,-29.4938,38.9499,35
9276,1,2019-12-22,08:35:23,12,MTP022,STP088,I,P,124.24,16.615833333333335,-42.987,135.3561,35
9276,2,2019-12-22,09:04:43,09,MTP022,STP088,E,P,124.25,6.802222222222222,-28.6031,-18.9865,35
9280,1,2019-12-22,16:27:23,06,MTP022,STP088,I,P,124.4,16.553333333333335,-44.2559,19.5663,35
9280,2,2019-12-22,16:56:49,05,MTP022,STP088,E,P,124.41,6.745833333333334,-26.9315,-134.7117,35
9283,1,2019-12-22,22:21:39,04,MTP022,STP088,I,P,124.51,16.496111111111112,-45.3654,-67.4987,35
9283,2,2019-12-22,22:51:08,10,MTP022,STP088,E,P,124.52,6.6994444444444445,-25.5129,138.3789,35
9286,1,2019-12-23,04:15:34,11,MTP022,STP088,I,P,124.63,16.453611111111112,-46.1714,-154.2588,35
9286,2,2019-12-23,04:45:12,12,MTP022,STP088,E,P,124.64,6.656944444444445,-24.1666,51.5824,35
9288,1,2019-12-23,08:11:42,09,MTP022,STP088,I,P,124.71,16.41472222222222,-46.8732,147.7013,35
9288,2,2019-12-23,08:41:19,06,MTP022,STP088,E,P,124.72,6.633611111111111,-23.4158,-6.2283,35
9291,1,2019-12-23,14:05:41,05,MTP022,STP088,I,P,124.82,16.37138888888889,-47.6463,60.9122,35
9291,2,2019-12-23,14:35:29,04,MTP022,STP088,E,P,124.83,6.590833333333333,-22.015,-93.0453,35
9294,1,2019-12-23,19:59:45,10,MTP022,STP088,I,P,124.94,16.32027777777778,-48.5212,-26.0137,35
9294,2,2019-12-23,20:29:40,11,MTP022,STP088,E,P,124.95,6.549166666666666,-20.6117,-179.8576,35
9297,1,2019-12-24,01:53:52,12,MTP022,STP088,I,P,125.06,16.26222222222222,-49.4681,-113.0514,35
9297,2,2019-12-24,02:23:53,09,MTP022,STP088,E,P,125.07,6.508055555555556,-19.1917,93.3299,35
9299,1,2019-12-24,05:49:49,06,MTP022,STP088,I,P,125.14,16.236666666666668,-49.8845,-170.848,35
9299,2,2019-12-24,06:19:58,05,MTP022,STP088,E,P,125.15,6.481388888888889,-18.2598,35.4841,35
9303,1,2019-12-24,13:41:52,04,MTP022,STP088,I,P,125.29,16.175,-50.8464,73.3565,35
9303,2,2019-12-24,14:12:15,10,MTP022,STP088,E,P,125.3,6.4286111111111115,-16.3624,-80.2331,35
9305,1,2019-12-24,17:37:49,11,MTP022,STP088,I,P,125.37,16.139444444444443,-51.376,15.4097,35
9305,2,2019-12-24,18:08:16,12,MTP022,STP088,E,P,125.38,6.405833333333334,-15.5381,-138.0038,35
9309,1,2019-12-25,01:29:57,09,MTP022,STP088,I,P,125.52,16.07027777777778,-52.3722,-100.5149,35
9309,2,2019-12-25,02:00:38,06,MTP022,STP088,E,P,125.53,6.351944444444444,-13.5261,106.2409,35
9311,1,2019-12-25,05:25:50,05,MTP022,STP088,I,P,125.6,16.04416666666667,-52.7413,-158.3054,35
9311,2,2019-12-25,05:56:40,04,MTP022,STP088,E,P,125.61,6.326944444444444,-12.5901,48.4337,35
9315,1,2019-12-25,13:17:53,10,MTP022,STP088,I,P,125.76,15.9825,-53.5788,85.9053,35
9315,2,2019-12-25,13:48:57,11,MTP022,STP088,E,P,125.77,6.279166666666667,-10.7518,-67.2082,35
9317,1,2019-12-25,17:13:48,12,MTP022,STP088,I,P,125.84,15.946388888888889,-54.0484,27.9563,35
9317,2,2019-12-25,17:45:00,09,MTP022,STP088,E,P,125.85,6.254444444444444,-9.7902,-125.0195,35
9319,1,2019-12-25,21:09:48,06,MTP022,STP088,I,P,125.91,15.928055555555554,-54.2984,-29.7491,35
9319,2,2019-12-25,21:41:11,05,MTP022,STP088,E,P,125.92,6.229444444444445,-8.813,177.1361,35
9323,1,2019-12-26,05:01:44,04,MTP022,STP088,I,P,126.07,15.864444444444445,-55.0934,-145.5413,35
9323,2,2019-12-26,05:33:22,10,MTP022,STP088,E,P,126.08,6.181666666666667,-6.9202,61.5202,35
9325,1,2019-12-26,08:57:47,11,MTP022,STP088,I,P,126.15,15.828055555555554,-55.528,156.475,35
9325,2,2019-12-26,09:29:32,12,MTP022,STP088,E,P,126.16,6.159166666666667,-6.0159,3.7137,35
9328,1,2019-12-26,14:51:43,09,MTP022,STP088,I,P,126.26,15.785833333333333,-56.0312,69.7132,35
9328,2,2019-12-26,15:23:41,06,MTP022,STP088,E,P,126.27,6.123611111111111,-4.578,-82.9973,35
9331,1,2019-12-26,20:45:37,05,MTP022,STP088,I,P,126.38,15.747499999999999,-56.4779,-16.9765,35
9331,2,2019-12-26,21:17:48,04,MTP022,STP088,E,P,126.39,6.09,-3.2127,-169.6711,35
9333,1,2019-12-27,00:41:40,10,MTP022,STP088,I,P,126.46,15.712777777777777,-56.8611,-74.9366,35
9333,2,2019-12-27,01:14:00,12,MTP022,STP088,E,F,126.47,6.0649999999999995,-2.1891,132.4756,35
9336,1,2019-12-27,06:35:29,12,MTP022,STP088,I,P,126.58,15.674999999999999,-57.2832,-161.6023,35
9336,2,2019-12-27,07:08:02,09,MTP022,STP088,E,P,126.59,6.033333333333333,-0.8966,45.856,35
9338,1,2019-12-27,10:31:32,06,MTP022,STP088,I,P,126.65,15.639722222222222,-57.6551,140.4287,35
9338,2,2019-12-27,11:04:12,05,MTP022,STP088,E,P,126.66,6.0119444444444445,-0.0058,-11.9351,35
9342,1,2019-12-27,18:23:20,04,MTP022,STP088,I,P,126.81,15.585277777777778,-58.2235,24.8074,35
9342,2,2019-12-27,18:56:19,10,MTP022,STP088,E,P,126.82,5.966944444444445,1.852,-127.4917,35
9345,1,2019-12-28,00:17:22,11,MTP022,STP088,I,P,126.93,15.553055555555556,-58.5603,-61.822,35
9345,2,2019-12-28,00:50:35,12,MTP022,STP088,E,F,126.94,5.931666666666667,3.3115,145.7722,35
9347,1,2019-12-28,04:13:16,09,MTP022,STP088,I,P,127.01,15.520555555555557,-58.8773,-119.7122,35
9347,2,2019-12-28,04:46:36,06,MTP022,STP088,E,P,127.02,5.911388888888889,4.156,88.0383,35
9350,1,2019-12-28,10:07:11,05,MTP022,STP088,I,P,127.12,15.483888888888888,-59.2382,153.6175,35
9350,2,2019-12-28,10:40:43,04,MTP022,STP088,E,P,127.13,5.881666666666667,5.3905,1.4207,35
9355,1,2019-12-28,19:56:54,10,MTP023,STP089,I,P,127.32,15.428333333333333,-59.7765,9.2816,35
9355,2,2019-12-28,20:30:52,11,MTP023,STP089,E,P,127.33,5.8277777777777775,7.6253,-142.9907,35
9359,1,2019-12-29,02:58:55,12,MTP023,STP089,C,F,127.46,13.8675,80.0637,-116.8185,35
9360,1,2019-12-29,05:46:48,12,MTP023,STP089,I,P,127.51,15.361388888888888,-60.3855,-135.2639,35
9360,2,2019-12-29,06:21:04,13,MTP023,STP089,E,P,127.52,5.775277777777777,9.796,72.6046,35
9363,1,2019-12-29,11:40:43,06,MTP023,STP089,I,P,127.63,15.33361111111111,-60.6432,138.1972,35
9363,2,2019-12-29,12:15:15,05,MTP023,STP089,E,P,127.64,5.745,11.0412,-14.0364,35
9366,1,2019-12-29,17:34:32,04,MTP023,STP089,I,P,127.75,15.29861111111111,-60.9521,51.5746,35
9366,2,2019-12-29,18:09:18,10,MTP023,STP089,E,P,127.76,5.7125,12.3671,-100.6775,35
9368,1,2019-12-29,21:30:26,11,MTP023,STP089,I,P,127.83,15.286666666666667,-61.0693,-6.0072,35
9368,2,2019-12-29,22:05:19,12,MTP023,STP089,E,P,127.84,5.695,13.0778,-158.3713,35
9372,1,2019-12-30,05:22:20,13,MTP023,STP089,I,P,127.98,15.230277777777777,-61.5365,-121.6847,35
9372,2,2019-12-30,05:57:30,06,MTP023,STP089,E,P,127.99,5.65,14.8837,86.0569,35
9374,1,2019-12-30,09:18:13,05,MTP023,STP089,I,P,128.06,15.21888888888889,-61.6456,-179.2532,35
9374,2,2019-12-30,09:53:30,04,MTP023,STP089,E,P,128.07,5.635,15.4935,28.4036,35
9376,1,2019-12-30,13:14:12,10,MTP023,STP089,I,P,128.14,15.195555555555556,-61.8367,122.9752,35
9376,2,2019-12-30,13:49:38,11,MTP023,STP089,E,P,128.15,5.612777777777778,16.3745,-29.3888,35
9379,1,2019-12-30,19:07:59,12,MTP023,STP089,I,P,128.26,15.159722222222223,-62.1249,36.3494,35
9379,2,2019-12-30,19:43:36,13,MTP023,STP089,E,P,128.27,5.5841666666666665,17.506,-115.9507,35
9381,1,2019-12-30,23:03:54,06,MTP023,STP089,I,P,128.34,15.155555555555557,-62.1813,-21.1231,35
9381,2,2019-12-30,23:39:42,05,MTP023,STP089,E,P,128.35,5.563611111111111,18.3169,-173.713,35
9385,1,2019-12-31,06:55:43,04,MTP023,STP089,I,P,128.49,15.11111111111111,-62.5331,-136.5997,35
9385,2,2019-12-31,07:31:46,10,MTP023,STP089,E,P,128.5,5.5225,19.9058,70.8006,35
9387,1,2019-12-31,10:51:40,11,MTP023,STP089,I,P,128.57,15.095,-62.6653,165.7457,35
9387,2,2019-12-31,11:27:50,12,MTP023,STP089,E,P,128.58,5.505,20.5767,13.0932,35
9391,1,2019-12-31,18:43:25,13,MTP023,STP089,I,P,128.73,15.059444444444445,-62.949,50.4175,35
9391,2,2019-12-31,19:19:53,06,MTP023,STP089,E,P,128.74,5.463611111111112,22.149,-102.3944,35
9393,1,2019-12-31,22:39:19,05,MTP023,STP089,I,P,128.81,15.053055555555556,-63.0185,-7.0841,35
9393,2,2019-12-31,23:15:54,04,MTP023,STP089,E,P,128.82,5.445277777777778,22.8301,-160.0987,35
9396,1,2020-01-01,04:33:16,10,MTP023,STP089,I,P,128.92,15.014444444444445,-63.2989,-93.7909,35
9396,2,2020-01-01,05:10:02,11,MTP023,STP089,E,P,128.94,5.4125000000000005,24.0457,113.2339,35
9399,1,2020-01-01,10:27:02,12,MTP023,STP089,I,P,129.04,15.001944444444444,-63.4169,179.938,35
9399,2,2020-01-01,11:03:59,13,MTP023,STP089,E,P,129.05,5.387222222222222,24.9716,26.726,35
9401,1,2020-01-01,14:23:00,06,MTP023,STP089,I,P,129.12,14.982777777777779,-63.5598,122.2324,35
9401,2,2020-01-01,15:00:03,05,MTP023,STP089,E,P,129.13,5.367222222222222,25.6949,-31.0174,35
9403,1,2020-01-01,18:18:49,04,MTP023,STP089,I,P,129.2,14.96888888888889,-63.6706,64.6397,35
9403,2,2020-01-01,18:56:02,10,MTP023,STP089,E,P,129.21,5.345277777777778,26.4692,-88.7681,35
9406,1,2020-01-02,00:12:40,11,MTP023,STP089,I,P,129.32,14.956944444444444,-63.782,-21.6446,35
9406,2,2020-01-02,00:50:02,12,MTP023,STP089,E,P,129.33,5.319444444444445,27.3903,-175.2992,35
9409,1,2020-01-02,06:06:34,13,MTP023,STP089,I,P,129.43,14.917499999999999,-64.0519,-108.3546,35
9409,2,2020-01-02,06:44:05,06,MTP023,STP089,E,P,129.45,5.285833333333334,28.5458,98.0423,35
9412,1,2020-01-02,12:00:23,05,MTP023,STP089,I,P,129.55,14.909166666666668,-64.1414,165.4242,35
9412,2,2020-01-02,12:38:06,04,MTP023,STP089,E,P,129.57,5.2588888888888885,29.4725,11.4911,35
9414,1,2020-01-02,15:56:18,10,MTP023,STP089,I,P,129.63,14.893333333333333,-64.2586,107.7778,35
9414,2,2020-01-02,16:34:06,11,MTP023,STP089,E,P,129.64,5.239722222222222,30.1158,-46.2191,35
9417,1,2020-01-02,21:50:01,12,MTP023,STP089,I,P,129.75,14.880833333333333,-64.3702,21.5213,35
9417,2,2020-01-02,22:28:01,13,MTP023,STP089,E,P,129.76,5.211111111111111,31.0703,-132.7707,35
9420,1,2020-01-03,03:43:59,06,MTP023,STP089,I,P,129.87,14.857777777777777,-64.5383,-64.9575,35
9420,2,2020-01-03,04:22:07,05,MTP023,STP089,E,P,129.88,5.178055555555556,32.1402,140.5644,35
9422,1,2020-01-03,07:39:46,04,MTP023,STP089,I,P,129.95,14.846388888888889,-64.6288,-122.5062,35
9422,2,2020-01-03,08:18:02,10,MTP023,STP089,E,P,129.96,5.158055555555556,32.7756,82.8633,35
9427,1,2020-01-03,17:29:31,11,MTP023,STP089,I,P,130.14,14.824722222222222,-64.815,93.663,35
9427,2,2020-01-03,18:08:02,12,MTP023,STP089,E,P,130.16,5.109999999999999,34.2856,-61.4269,35
9429,1,2020-01-03,21:25:19,13,MTP023,STP089,I,P,130.22,14.811111111111112,-64.9145,36.0788,35
9429,2,2020-01-03,22:03:56,06,MTP023,STP089,E,P,130.24,5.092499999999999,34.8252,-119.0924,35
9433,1,2020-01-04,05:17:14,05,MTP023,STP089,I,P,130.38,14.789166666666667,-65.0846,-79.0803,35
9433,2,2020-01-04,05:56:02,04,MTP023,STP089,E,P,130.39,5.048055555555555,36.1541,125.361,35
9439,1,2020-01-04,17:04:48,10,MTP023,STP090,I,P,130.62,14.776666666666667,-65.2347,108.5528,35
9439,2,2020-01-04,17:43:53,11,MTP023,STP090,E,P,130.63,4.990277777777778,37.8382,-47.7572,35
9441,1,2020-01-04,21:00:35,12,MTP023,STP090,I,P,130.7,14.76361111111111,-65.3296,50.9785,35
9441,2,2020-01-04,21:39:47,13,MTP023,STP090,E,P,130.71,4.970555555555555,38.3958,-105.456,35
9445,1,2020-01-05,05:31:49,06,MTP023,STP090,E,P,130.87,4.928333333333334,39.5559,139.0518,35
9447,1,2020-01-05,09:27:42,05,MTP023,STP090,E,P,130.95,4.907222222222223,40.1267,81.3339,35
9452,1,2020-01-05,18:37:58,04,MTP023,STP090,I,P,131.13,14.7325,-65.6414,94.813,35
9454,1,2020-01-05,22:33:46,10,MTP023,STP090,I,P,131.21,14.725555555555555,-65.7033,37.3315,35
9456,1,2020-01-06,02:29:43,11,MTP023,STP090,I,P,131.29,14.731666666666667,-65.7024,-19.9917,35
9459,1,2020-01-06,09:03:27,12,MTP023,STP090,E,P,131.42,4.781666666666666,43.3333,94.9469,35
9463,1,2020-01-06,16:55:24,13,MTP023,STP090,E,P,131.58,4.740833333333334,44.312,-20.5061,35
9465,1,2020-01-06,20:51:17,06,MTP023,STP090,E,P,131.66,4.717777777777778,44.8512,-78.2566,35
9468,1,2020-01-07,02:04:57,05,MTP023,STP090,I,P,131.76,14.701666666666666,-66.0211,-4.8226,35
9471,1,2020-01-07,07:58:47,04,MTP023,STP090,I,P,131.88,14.687777777777779,-66.1297,-91.1278,35
9474,1,2020-01-07,14:33:04,10,MTP023,STP090,E,P,132.01,4.621111111111111,47.0098,21.9248,35
9476,1,2020-01-07,18:29:01,11,MTP023,STP090,E,P,132.09,4.596388888888889,47.5322,-35.8624,35
9479,1,2020-01-07,23:42:13,12,MTP023,STP090,I,P,132.2,14.679166666666665,-66.2869,39.1688,35
9481,1,2020-01-08,03:38:09,13,MTP023,STP090,I,P,132.28,14.688333333333334,-66.2736,-18.1091,35
9483,1,2020-01-08,07:34:02,06,MTP023,STP090,I,P,132.36,14.676388888888889,-66.3591,-75.6875,35
9486,1,2020-01-08,14:08:38,05,MTP023,STP090,E,P,132.49,4.485,49.7824,35.4269,35
9488,1,2020-01-08,18:04:36,04,MTP023,STP090,E,P,132.57,4.459444444444444,50.2663,-22.3759,35
9490,1,2020-01-08,22:00:28,10,MTP023,STP090,E,P,132.65,4.434722222222223,50.7307,-80.1457,35
9493,1,2020-01-09,03:13:20,11,MTP023,STP090,I,P,132.75,14.69,-66.4422,-2.4491,35
9496,1,2020-01-09,09:07:11,12,MTP023,STP090,I,P,132.87,14.670833333333333,-66.5742,-88.8423,35
9499,1,2020-01-09,15:42:10,13,MTP023,STP090,E,P,133.01,4.3277777777777775,52.6309,19.8992,35
9501,1,2020-01-09,19:38:06,06,MTP023,STP090,E,P,133.09,4.298333333333333,53.1175,-37.9534,35
9504,1,2020-01-10,00:50:34,05,MTP023,STP090,I,P,133.19,14.685277777777777,-66.6266,41.815,35
9506,1,2020-01-10,04:46:31,04,MTP023,STP090,I,P,133.27,14.695,-66.6117,-15.456,35
9508,1,2020-01-10,08:42:24,10,MTP023,STP090,I,P,133.35,14.681111111111111,-66.7064,-73.0652,35
9511,1,2020-01-10,15:17:37,11,MTP023,STP090,E,P,133.48,4.171666666666667,55.1188,33.1248,35
9513,1,2020-01-10,19:13:34,12,MTP023,STP090,E,P,133.56,4.140833333333334,55.5715,-24.7556,35
9515,1,2020-01-10,23:09:24,13,MTP023,STP090,E,P,133.64,4.114444444444444,55.9534,-82.5342,35
9518,1,2020-01-11,04:21:42,06,MTP023,STP090,I,P,133.75,14.712777777777777,-66.7087,0.4471,35
9521,1,2020-01-11,10:15:29,05,MTP023,STP090,I,P,133.87,14.704444444444444,-66.7941,-85.77,35
9526,1,2020-01-11,20:46:55,10,MTP023,STP091,E,P,134.08,3.956388888888889,58.0785,-40.6417,35
9528,1,2020-01-12,00:42:44,11,MTP023,STP091,E,P,134.16,3.929722222222222,58.4154,-98.4244,35
9531,1,2020-01-12,05:54:50,12,MTP023,STP091,I,P,134.27,14.739722222222222,-66.781,-12.22,35
9533,1,2020-01-12,09:50:41,13,MTP023,STP091,I,P,134.35,14.732222222222223,-66.8479,-69.7247,35
9537,1,2020-01-12,17:42:27,06,MTP023,STP091,I,P,134.51,14.7525,-66.8134,175.7814,35
9540,1,2020-01-13,00:18:06,05,MTP023,STP091,E,P,134.64,3.7416666666666667,60.5757,-85.6543,35
9542,1,2020-01-13,04:13:59,04,MTP023,STP091,E,P,134.72,3.713888888888889,60.8765,-143.4722,35
9544,1,2020-01-13,08:09:57,10,MTP023,STP091,E,P,134.8,3.676388888888889,61.2581,158.5447,35
9547,1,2020-01-13,13:21:41,11,MTP023,STP091,I,P,134.91,14.781111111111112,-66.8315,-110.7399,35
9549,1,2020-01-13,17:17:36,12,MTP023,STP091,I,P,134.98,14.795,-66.7955,-167.9382,35
9552,1,2020-01-13,23:53:24,13,MTP023,STP091,E,P,135.12,3.536388888888889,62.6059,-73.1327,35
9557,1,2020-01-14,09:43:13,06,MTP023,STP091,E,P,135.32,3.4447222222222225,63.4164,141.9677,35
9560,1,2020-01-14,14:54:51,05,MTP023,STP091,I,P,135.43,14.835277777777778,-66.7726,-123.0054,35
9562,1,2020-01-14,18:50:47,04,MTP023,STP091,I,P,135.51,14.845277777777778,-66.7543,179.7323,35
9564,1,2020-01-14,22:46:35,10,MTP023,STP091,I,P,135.59,14.846388888888889,-66.7808,122.3715,35
9567,1,2020-01-15,05:22:32,11,MTP023,STP091,E,P,135.72,3.2577777777777777,64.9145,-147.8082,35
9569,1,2020-01-15,09:18:29,12,MTP023,STP091,E,P,135.8,3.211666666666667,65.2471,154.085,35
9571,1,2020-01-15,13:14:15,13,MTP023,STP091,E,P,135.88,3.168333333333333,65.5532,96.0636,35
9574,1,2020-01-15,18:25:59,06,MTP023,STP091,I,P,135.99,14.903055555555556,-66.6548,-163.7702,35
9576,1,2020-01-15,22:21:50,05,MTP023,STP091,I,P,136.07,14.905555555555557,-66.6749,138.8723,35
9579,1,2020-01-16,04:57:45,04,MTP023,STP091,E,P,136.2,3.0025,66.6505,-136.0117,35
9582,1,2020-01-16,10:51:38,10,MTP023,STP091,E,P,136.32,2.926388888888889,67.1054,136.7327,35
9585,1,2020-01-16,16:03:12,11,MTP023,STP091,I,P,136.43,14.959444444444443,-66.539,-118.5882,35
9587,1,2020-01-16,19:59:08,12,MTP023,STP091,I,P,136.51,14.971666666666668,-66.5073,-175.8175,35
9589,1,2020-01-16,23:54:58,13,MTP023,STP091,I,P,136.59,14.973055555555556,-66.5327,126.817,35
9592,1,2020-01-17,06:30:53,06,MTP023,STP091,E,P,136.72,2.6897222222222226,68.3926,-153.7741,35
9594,1,2020-01-17,10:26:50,05,MTP023,STP091,E,P,136.8,2.6325,68.6689,147.9522,35
9596,1,2020-01-17,14:22:35,04,MTP023,STP091,E,P,136.88,2.5777777777777775,68.9254,89.7648,35
9599,1,2020-01-17,19:34:21,10,MTP023,STP091,I,P,136.99,15.044722222222221,-66.3071,-159.0967,35
9601,1,2020-01-17,23:30:11,11,MTP023,STP091,I,P,137.07,15.048055555555555,-66.3224,143.5656,35
9604,1,2020-01-18,06:06:03,12,MTP023,STP091,E,P,137.21,2.367777777777778,69.8346,-142.9655,35
9610,1,2020-01-18,17:53:38,10,MTP023,STP092,E,P,137.45,2.1936111111111107,70.4934,42.2381,35
9614,1,2020-01-19,00:34:32,07,MTP023,STP092,C,F,137.58,11.927222222222222,-13.9997,90.6883,35
9615,1,2020-01-19,03:01:13,11,MTP023,STP092,I,P,137.63,15.139444444444443,-66.0341,103.178,35
9617,1,2020-01-19,06:57:07,12,MTP023,STP092,I,P,137.71,15.166111111111112,-65.9088,46.1736,35
9620,1,2020-01-19,12:50:59,13,MTP023,STP092,I,P,137.84,15.175555555555555,-65.9052,-39.7963,35
9623,1,2020-01-19,19:26:41,06,MTP023,STP092,E,P,137.97,1.7766666666666666,71.7814,22.9367,35
9625,1,2020-01-19,23:22:32,05,MTP023,STP092,E,P,138.05,1.6875,72.0033,-35.7945,35
9627,1,2020-01-20,03:18:19,04,MTP023,STP092,E,P,138.13,1.621388888888889,72.1661,-94.1604,35
9630,1,2020-01-20,08:30:21,10,MTP023,STP092,I,P,138.24,15.264722222222222,-65.5217,34.564,35
9633,1,2020-01-20,14:24:09,11,MTP023,STP092,I,P,138.36,15.275,-65.5113,-51.3789,35
9636,1,2020-01-20,20:59:39,12,MTP023,STP092,E,P,138.5,1.2963888888888888,72.8553,2.7032,35
9638,1,2020-01-21,00:55:29,13,MTP023,STP092,E,P,138.58,1.2,73.021,-56.1333,35
9641,1,2020-01-21,06:07:35,06,MTP023,STP092,I,P,138.68,15.348611111111111,-65.1668,80.1509,35
9643,1,2020-01-21,10:03:34,05,MTP023,STP092,I,P,138.76,15.367222222222223,-65.0755,23.0084,35
9645,1,2020-01-21,13:59:26,04,MTP023,STP092,I,P,138.85,15.373888888888889,-65.066,-34.2861,35
9648,1,2020-01-21,20:34:40,10,MTP023,STP092,E,P,138.98,0.8158333333333334,73.5885,11.1647,35
9650,1,2020-01-22,00:30:31,11,MTP023,STP092,E,P,139.06,0.7083333333333333,73.704,-47.8375,35
9652,1,2020-01-22,04:26:17,12,MTP023,STP092,E,P,139.14,0.6311111111111112,73.7867,-106.3696,35
9655,1,2020-01-22,09:38:50,13,MTP023,STP092,I,P,139.25,15.471666666666668,-64.5531,40.1842,35
9657,1,2020-01-22,13:34:45,06,MTP023,STP092,I,P,139.33,15.479166666666666,-64.5345,-17.1072,35
9660,1,2020-01-22,20:09:40,05,MTP023,STP092,E,P,139.47,0.30083333333333334,74.0579,19.1186,35
9662,1,2020-01-23,00:05:30,04,MTP023,STP092,E,P,139.55,0.1825,74.115,-40.0464,35
9665,1,2020-01-23,05:18:11,10,MTP023,STP092,I,P,139.66,15.554722222222223,-64.1106,114.4479,35
9667,1,2020-01-23,09:14:08,11,MTP023,STP092,I,P,139.74,15.583333333333334,-63.922,57.4609,35
9670,1,2020-01-23,15:08:00,12,MTP023,STP092,I,P,139.86,15.598333333333334,-63.8594,-28.4167,35
9673,1,2020-01-23,21:42:34,13,MTP023,STP092,E,P,139.99,23.695555555555554,74.2344,-2.9715,35
9675,1,2020-01-24,01:38:23,06,MTP023,STP092,E,P,140.08,23.574444444444445,74.2164,-62.1749,35
9677,1,2020-01-24,05:34:09,05,MTP023,STP092,E,P,140.16,23.495555555555555,74.2063,-120.7272,35
9680,1,2020-01-24,10:47:28,04,MTP023,STP092,I,P,140.26,15.704166666666666,-63.1681,46.1602,35
9682,1,2020-01-24,14:43:22,10,MTP023,STP092,I,P,140.35,15.714444444444444,-63.1203,-11.0909,35
9687,1,2020-01-25,01:13:17,11,MTP023,STP092,E,P,140.56,23.019444444444442,73.9763,-54.8019,35
9689,1,2020-01-25,05:09:03,12,MTP023,STP092,E,P,140.64,22.931944444444447,73.9093,-113.4808,35
9692,1,2020-01-25,10:22:51,13,MTP023,STP092,I,P,140.75,15.830277777777777,-62.2593,63.6327,35
9696,1,2020-01-25,18:54:20,10,MTP024,STP093,E,F,140.93,22.606944444444444,73.5742,40.8197,35
9698,1,2020-01-25,22:50:14,11,MTP024,STP093,E,F,141.01,22.528888888888886,73.4787,-17.7553,35
9701,1,2020-01-26,04:04:22,12,MTP024,STP093,I,F,141.12,15.91,-61.6608,166.521,35
9703,1,2020-01-26,08:00:13,09,MTP024,STP093,I,F,141.2,15.936944444444444,-61.4249,109.5343,35
9705,1,2020-01-26,11:56:14,06,MTP024,STP093,I,F,141.28,15.963333333333333,-61.1895,52.499,35
9708,1,2020-01-26,18:29:09,05,MTP024,STP093,E,F,141.42,22.071944444444444,72.7221,48.5154,35
9713,1,2020-01-27,03:39:51,04,MTP024,STP093,I,F,141.61,16.04388888888889,-60.4814,-175.9111,35
9713,2,2020-01-27,04:18:42,10,MTP024,STP093,E,F,141.62,21.855,72.2517,-98.1963,35
9716,1,2020-01-27,09:33:40,11,MTP024,STP093,I,F,141.73,16.083055555555557,-60.0949,98.5792,35
9716,2,2020-01-27,10:12:21,12,MTP024,STP093,E,F,141.74,21.74361111111111,71.9838,174.0757,35
9720,1,2020-01-27,17:25:30,09,MTP024,STP093,I,F,141.89,16.114444444444445,-59.8139,-15.7641,35
9720,2,2020-01-27,18:03:55,06,MTP024,STP093,E,F,141.91,21.569444444444443,71.5036,56.7115,35
9726,1,2020-01-28,05:13:16,05,MTP024,STP093,I,F,142.14,16.184444444444445,-59.085,173.0592,35
9726,2,2020-01-28,05:51:15,04,MTP024,STP093,E,F,142.15,21.328611111111112,70.7365,-119.0212,35
9729,1,2020-01-28,11:07:11,10,MTP024,STP093,I,F,142.26,16.231944444444444,-58.5349,87.6472,35
9729,2,2020-01-28,11:44:56,11,MTP024,STP093,E,F,142.28,21.22833333333333,70.3828,153.4087,35
9732,1,2020-01-28,17:01:03,12,MTP024,STP093,I,F,142.39,16.250833333333333,-58.3537,1.8223,35
9732,2,2020-01-28,17:38:37,09,MTP024,STP093,E,F,142.4,21.116666666666667,69.9502,65.67,35
9734,1,2020-01-28,20:56:59,06,MTP024,STP093,I,F,142.47,16.284444444444446,-57.9386,-55.083,35
9734,2,2020-01-28,21:34:22,05,MTP024,STP093,E,F,142.48,21.055555555555557,69.7044,7.387,35
9738,1,2020-01-29,04:48:53,04,MTP024,STP093,I,F,142.63,16.32611111111111,-57.4481,-169.2927,35
9738,2,2020-01-29,05:25:55,10,MTP024,STP093,E,F,142.64,20.896666666666665,68.9849,-109.7438,35
9740,1,2020-01-29,08:44:45,11,MTP024,STP093,I,F,142.71,16.35138888888889,-57.1276,133.6911,35
9740,2,2020-01-29,09:21:39,12,MTP024,STP093,E,F,142.73,20.842499999999998,68.7308,-167.9229,35
9743,1,2020-01-29,14:38:48,09,MTP024,STP093,I,F,142.84,16.39,-56.621,48.115,35
9743,2,2020-01-29,15:15:25,06,MTP024,STP093,E,F,142.85,20.749722222222225,68.2643,104.6047,35
9746,1,2020-01-29,20:32:35,05,MTP024,STP093,I,F,142.96,16.421666666666667,-56.2012,-37.4967,35
9746,2,2020-01-29,21:08:56,04,MTP024,STP093,E,F,142.97,20.648611111111112,67.7091,17.0632,35
9750,1,2020-01-30,04:24:33,10,MTP024,STP093,I,F,143.12,16.466666666666665,-55.5814,-151.6686,35
9750,2,2020-01-30,05:00:30,11,MTP024,STP093,E,F,143.14,20.51,66.8691,-99.7669,35
9753,1,2020-01-30,10:18:28,12,MTP024,STP093,I,F,143.25,16.5125,-54.8886,122.8974,35
9753,2,2020-01-30,10:54:06,09,MTP024,STP093,E,F,143.26,20.433611111111112,66.3832,173.0431,35
9757,1,2020-01-30,18:10:23,06,MTP024,STP093,I,F,143.41,16.546666666666667,-54.4001,8.5733,35
9757,2,2020-01-30,18:45:37,05,MTP024,STP093,E,F,143.42,20.310000000000002,65.5075,56.4482,35
9761,1,2020-01-31,02:02:27,04,MTP024,STP093,I,F,143.57,16.610555555555557,-53.336,-105.3381,35
9761,2,2020-01-31,02:37:11,10,MTP024,STP093,E,F,143.59,20.20111111111111,64.6702,-59.9315,35
9763,1,2020-01-31,05:58:20,11,MTP024,STP093,I,F,143.66,16.625833333333333,-53.1002,-162.5094,35
9763,2,2020-01-31,06:32:50,12,MTP024,STP093,E,F,143.67,20.134999999999998,64.112,-118.2665,35
9765,1,2020-01-31,09:54:16,09,MTP024,STP093,I,F,143.74,16.654166666666665,-52.6034,140.5058,35
9765,2,2020-01-31,10:28:32,06,MTP024,STP093,E,F,143.75,20.086388888888887,63.6949,-176.3477,35
9770,1,2020-01-31,19:44:11,05,MTP024,STP093,I,F,143.94,16.70638888888889,-51.6915,-2.2644,35
9770,2,2020-01-31,20:17:51,04,MTP024,STP093,E,F,143.96,19.95638888888889,62.4731,38.2965,35
9774,1,2020-02-01,03:36:20,10,MTP024,STP093,I,F,144.11,16.769444444444442,-50.4509,-116.2088,35
9774,2,2020-02-01,04:09:21,11,MTP024,STP093,E,F,144.12,19.850833333333334,61.3685,-78.0226,35
9776,1,2020-02-01,07:32:14,12,MTP024,STP093,I,F,144.19,16.788611111111113,-50.0807,-173.3257,35
9776,2,2020-02-01,08:05:00,09,MTP024,STP093,E,F,144.2,19.805,60.861,-136.0547,35
9782,1,2020-02-01,19:20:18,10,MTP024,STP094,I,F,144.44,16.863055555555558,-48.5084,15.4938,35
9782,2,2020-02-01,19:52:08,11,MTP024,STP094,E,F,144.45,19.662499999999998,59.1309,49.7388,35
9784,1,2020-02-01,23:16:21,12,MTP024,STP094,I,F,144.52,16.89611111111111,-47.7518,-41.4517,35
9784,2,2020-02-01,23:47:48,09,MTP024,STP094,E,F,144.53,19.616666666666667,58.5232,-8.2964,35
9788,1,2020-02-02,07:08:23,06,MTP024,STP094,I,F,144.69,16.941111111111113,-46.7066,-155.6395,35
9788,2,2020-02-02,07:39:08,05,MTP024,STP094,E,F,144.7,19.516666666666666,57.0848,-124.4914,35
9790,1,2020-02-02,11:04:25,04,MTP024,STP094,I,F,144.77,16.973333333333333,-45.8963,147.4101,35
9790,2,2020-02-02,11:34:45,10,MTP024,STP094,E,F,144.78,19.47138888888889,56.3881,177.4939,35
9795,1,2020-02-02,20:54:30,11,MTP024,STP094,I,F,144.97,17.033055555555556,-44.3649,4.7098,35
9795,2,2020-02-02,21:23:55,12,MTP024,STP094,E,F,144.99,19.366388888888892,54.657,32.555,35
9798,1,2020-02-03,02:48:47,09,MTP024,STP094,I,F,145.1,17.083888888888886,-42.9299,-80.7355,35
9798,2,2020-02-03,03:17:27,06,MTP024,STP094,E,F,145.11,19.301666666666666,53.4883,-54.4461,35
9800,1,2020-02-03,06:44:49,05,MTP024,STP094,I,F,145.18,17.1075,-42.2544,-137.8191,35
9800,2,2020-02-03,07:13:00,04,MTP024,STP094,E,F,145.19,19.25138888888889,52.5081,-112.5204,35
9806,1,2020-02-03,18:33:11,10,MTP024,STP094,I,F,145.43,17.189722222222223,-39.7164,51.0462,35
9806,2,2020-02-03,18:59:55,11,MTP024,STP094,E,F,145.44,19.13361111111111,50.0374,73.6956,35
9811,1,2020-02-04,04:23:35,12,MTP024,STP094,I,F,145.64,17.2675,-37.064,-91.4546,35
9811,2,2020-02-04,04:48:46,09,MTP024,STP094,E,F,145.65,19.020555555555553,47.3106,-71.2931,35
9814,1,2020-02-04,10:17:44,06,MTP024,STP094,I,F,145.76,17.31138888888889,-35.4703,-176.9796,35
9814,2,2020-02-04,10:42:00,05,MTP024,STP094,E,F,145.77,18.959166666666665,45.6888,-158.165,35
9818,1,2020-02-04,18:10:14,04,MTP024,STP094,I,F,145.93,17.370833333333334,-33.1736,68.937,35
9818,2,2020-02-04,18:33:09,10,MTP024,STP094,E,F,145.93,18.880555555555556,43.4395,86.0069,35
9823,1,2020-02-05,04:01:00,11,MTP024,STP094,I,F,146.13,17.461111111111112,-29.3448,-73.4635,35
9823,2,2020-02-05,04:21:44,12,MTP024,STP094,E,F,146.14,18.7675,39.7943,-58.9128,35
9826,1,2020-02-05,09:55:22,09,MTP024,STP094,I,F,146.26,17.509722222222223,-27.1461,-158.9676,35
9826,2,2020-02-05,10:14:43,06,MTP024,STP094,E,F,146.26,18.699722222222224,37.3747,-145.825,35
9828,1,2020-02-05,13:51:51,05,MTP024,STP094,I,F,146.34,17.553055555555556,-25.0626,144.1398,35
9828,2,2020-02-05,14:10:04,04,MTP024,STP094,E,F,146.35,18.653333333333332,35.6009,156.2103,35
9932,1,2020-02-14,01:41:36,05,MTP024,STP095,C,F,150.67,6.961388888888889,-49.3305,-110.7044,35
9957,1,2020-02-16,03:14:43,04,MTP024,STP096,C,F,151.73,17.020833333333332,-50.9727,36.7156,35
10054,1,2020-02-24,02:56:25,10,MTP025,STP097,I,F,155.87,5.346388888888889,44.6168,-57.1919,35
10054,2,2020-02-24,03:16:09,11,MTP025,STP097,E,F,155.88,6.285277777777778,-22.0262,-47.9106,35
10057,1,2020-02-24,08:49:25,12,MTP025,STP097,I,F,156.0,5.2908333333333335,47.0548,-143.923,35
10057,2,2020-02-24,09:10:32,09,MTP025,STP097,E,F,156.01,6.316666666666666,-24.3787,-133.6715,35
10060,1,2020-02-24,14:42:37,06,MTP025,STP097,I,F,156.13,5.233055555555556,49.3875,129.264,35
10060,2,2020-02-24,15:05:08,05,MTP025,STP097,E,F,156.13,6.353333333333333,-27.0147,140.5895,35
10063,1,2020-02-24,20:35:43,04,MTP025,STP097,I,F,156.25,5.179444444444445,51.3865,42.5388,35
10063,2,2020-02-24,20:59:19,10,MTP025,STP097,E,F,156.26,6.378055555555555,-28.7799,54.7756,35
10068,1,2020-02-25,06:24:37,11,MTP025,STP097,I,F,156.47,5.101111111111111,54.0927,-101.9395,35
10068,2,2020-02-25,06:49:53,12,MTP025,STP097,E,F,156.48,6.4255555555555555,-32.0029,-88.223,35
10070,1,2020-02-25,10:20:08,09,MTP025,STP097,I,F,156.55,5.063055555555556,55.2785,-159.8208,35
10070,2,2020-02-25,10:45:58,06,MTP025,STP097,E,F,156.56,6.437222222222222,-32.823,-145.4928,35
10074,1,2020-02-25,18:11:15,05,MTP025,STP097,I,F,156.72,4.992222222222222,57.3394,84.479,35
10074,2,2020-02-25,18:38:19,04,MTP025,STP097,E,F,156.73,6.4750000000000005,-35.2423,100.1343,35
10077,1,2020-02-26,00:04:40,10,MTP025,STP097,I,F,156.85,4.940277777777778,58.7362,-2.3028,35
10077,2,2020-02-26,00:32:29,11,MTP025,STP097,E,F,156.86,6.494166666666667,-36.4743,14.2382,35
10081,1,2020-02-26,07:55:50,12,MTP025,STP097,I,F,157.02,4.872777777777778,60.4141,-117.9675,35
10081,2,2020-02-26,08:24:36,09,MTP025,STP097,E,F,157.04,6.523333333333333,-38.2805,-100.2045,35
10083,1,2020-02-26,11:51:28,06,MTP025,STP097,I,F,157.11,4.8277777777777775,61.4185,-175.974,35
10083,2,2020-02-26,12:20:40,05,MTP025,STP097,E,F,157.12,6.534722222222222,-38.9824,-157.4816,35
10088,1,2020-02-26,21:40:31,04,MTP025,STP097,I,F,157.32,4.735555555555556,63.3553,39.3001,35
10088,2,2020-02-26,22:10:48,10,MTP025,STP097,E,F,157.34,6.569722222222222,-41.045,59.4458,35
10090,1,2020-02-27,01:36:17,11,MTP025,STP097,I,F,157.41,4.702500000000001,64.0004,-18.5619,35
10090,2,2020-02-27,02:06:56,12,MTP025,STP097,E,F,157.42,6.582777777777777,-41.7954,2.1787,35
10095,1,2020-02-27,11:25:23,09,MTP025,STP097,I,F,157.63,4.6025,65.7683,-163.4122,35
10095,2,2020-02-27,11:56:57,06,MTP025,STP097,E,F,157.64,6.613333333333333,-43.5297,-140.934,35
10099,1,2020-02-27,19:16:43,05,MTP025,STP097,I,F,157.8,4.521944444444444,67.0494,80.6828,35
10099,2,2020-02-27,19:49:01,04,MTP025,STP097,E,F,157.81,6.643055555555555,-45.1071,104.6429,35
10102,1,2020-02-28,01:10:18,10,MTP025,STP097,I,F,157.93,4.457222222222223,67.985,-6.3268,35
10102,2,2020-02-28,01:43:04,11,MTP025,STP097,E,F,157.94,6.657222222222223,-45.8933,18.7025,35
10107,1,2020-02-28,10:59:30,12,MTP025,STP097,I,F,158.14,4.345555555555555,69.4432,-151.3743,35
10107,2,2020-02-28,11:32:58,09,MTP025,STP097,E,F,158.15,6.683055555555556,-47.2687,-124.4541,35
10112,1,2020-02-28,20:48:44,06,MTP025,STP097,I,F,158.36,4.2225,70.8421,63.3979,35
10112,2,2020-02-28,21:22:55,05,MTP025,STP097,E,F,158.37,6.713055555555556,-48.7646,92.4406,35
10114,1,2020-02-29,00:44:32,04,MTP025,STP097,I,F,158.44,4.175833333333333,71.333,5.3188,35
10114,2,2020-02-29,01:18:58,10,MTP025,STP097,E,F,158.46,6.722222222222222,-49.2263,35.1358,35
10123,1,2020-02-29,18:25:19,10,MTP025,STP098,I,F,158.83,3.9336111111111114,73.5001,103.5589,35
10123,2,2020-02-29,19:00:52,11,MTP025,STP098,E,F,158.84,6.7747222222222225,-51.6956,137.5287,35
10125,1,2020-02-29,22:20:57,12,MTP025,STP098,I,F,158.92,3.8597222222222225,74.047,45.1112,35
10125,2,2020-02-29,22:56:42,09,MTP025,STP098,E,F,158.93,6.779722222222222,-51.9788,80.2139,35
10127,1,2020-03-01,01:43:31,10,MTP025,STP098,C,F,158.99,15.79,24.4853,174.7775,35
10130,1,2020-03-01,08:10:24,06,MTP025,STP098,I,F,159.13,3.722777777777778,75.0051,-100.3735,35
10130,2,2020-03-01,08:46:38,05,MTP025,STP098,E,F,159.15,6.805,-53.1339,-62.9564,35
10132,1,2020-03-01,12:06:07,04,MTP025,STP098,I,F,159.22,3.6377777777777776,75.5139,-159.0058,35
10132,2,2020-03-01,12:42:33,10,MTP025,STP098,E,F,159.23,6.81,-53.4077,-120.2896,35
10137,1,2020-03-01,21:55:28,11,MTP025,STP098,I,F,159.44,3.455277777777778,76.5117,54.8452,35
10137,2,2020-03-01,22:32:24,12,MTP025,STP098,E,F,159.45,6.838055555555555,-54.6019,96.5985,35
10140,1,2020-03-02,03:49:12,03,MTP025,STP098,I,F,159.56,3.3472222222222223,77.038,-32.8553,35
10140,2,2020-03-02,04:26:23,06,MTP025,STP098,E,F,159.58,6.8486111111111105,-55.109,10.6237,35
10142,1,2020-03-02,07:44:56,05,MTP025,STP098,I,F,159.65,3.2766666666666664,77.3588,-91.27,35
10142,2,2020-03-02,08:22:18,04,MTP025,STP098,E,F,159.67,6.8630555555555555,-55.6594,-46.5705,35
10147,1,2020-03-02,17:34:24,10,MTP025,STP098,I,F,159.87,3.055833333333333,78.2312,121.9777,35
10147,2,2020-03-02,18:12:09,11,MTP025,STP098,E,F,159.88,6.8838888888888885,-56.5587,170.2108,35
10149,1,2020-03-02,21:30:04,12,MTP025,STP098,I,F,159.95,2.963888888888889,78.553,63.251,35
10149,2,2020-03-02,22:07:58,09,MTP025,STP098,E,F,159.97,6.891666666666667,-56.9013,112.9476,35
10153,1,2020-03-03,05:21:42,06,MTP025,STP098,I,F,160.13,2.7577777777777777,79.1912,-54.6057,35
10153,2,2020-03-03,05:59:54,05,MTP025,STP098,E,F,160.14,6.9061111111111115,-57.5321,-1.6745,35
10159,1,2020-03-03,17:09:02,04,MTP025,STP098,I,F,160.39,2.4122222222222223,80.0621,128.0931,35
10159,2,2020-03-03,17:47:40,10,MTP025,STP098,E,F,160.4,6.933611111111111,-58.6187,-173.4863,35
10162,1,2020-03-03,23:02:37,11,MTP025,STP098,I,F,160.52,2.2494444444444444,80.4108,39.6146,35
10162,2,2020-03-03,23:41:23,12,MTP025,STP098,E,F,160.53,6.943611111111111,-59.0515,100.5905,35
10165,1,2020-03-04,04:56:22,03,MTP025,STP098,I,F,160.65,2.0602777777777774,80.7624,-49.3068,35
10165,2,2020-03-04,05:35:23,06,MTP025,STP098,E,F,160.66,6.956666666666667,-59.5545,14.6489,35
10170,1,2020-03-04,15:25:04,05,MTP025,STP098,E,F,160.88,6.973611111111111,-60.2534,-128.5887,35
10172,1,2020-03-04,19:21:01,04,MTP025,STP098,E,F,160.97,6.985833333333334,-60.6647,174.1808,35
10175,1,2020-03-05,00:35:12,10,MTP025,STP098,I,F,161.08,1.3163888888888888,81.753,12.6862,35
10177,1,2020-03-05,04:31:05,11,MTP025,STP098,I,F,161.17,1.1769444444444446,81.8899,-46.8051,35
10179,1,2020-03-05,08:26:50,12,MTP025,STP098,I,F,161.26,1.0208333333333333,82.0228,-106.515,35
10182,1,2020-03-05,15:00:26,09,MTP025,STP098,E,F,161.4,7.019444444444445,-61.996,-112.3092,35
10185,1,2020-03-05,20:54:18,06,MTP025,STP098,E,F,161.53,7.036666666666666,-62.5442,161.8381,35
10188,1,2020-03-06,02:07:53,05,MTP025,STP098,I,F,161.65,0.2288888888888889,82.4484,-16.5806,35
10190,1,2020-03-06,06:03:44,04,MTP025,STP098,I,F,161.73,0.05555555555555556,82.4966,-76.5722,35
10193,1,2020-03-06,12:37:45,10,MTP025,STP098,E,F,161.88,7.060277777777777,-63.4788,-67.3833,35
10195,1,2020-03-06,16:33:42,11,MTP025,STP098,E,F,161.97,7.066944444444444,-63.7245,-124.6957,35
10197,1,2020-03-06,20:29:38,12,MTP025,STP098,E,F,162.06,7.079722222222222,-64.0932,178.0852,35
10200,1,2020-03-07,01:42:41,03,MTP025,STP098,I,F,162.17,23.176944444444445,82.5039,-16.6308,35
10202,1,2020-03-07,05:38:35,06,MTP025,STP098,I,F,162.26,23.022499999999997,82.4684,-76.3524,35
10204,1,2020-03-07,09:34:21,05,MTP025,STP098,I,F,162.35,22.8775,82.4255,-135.896,35
10209,1,2020-03-07,20:04:53,10,MTP025,STP099,E,F,162.58,7.120277777777777,-65.5229,-165.686,35
10211,1,2020-03-08,00:00:41,11,MTP025,STP099,E,F,162.67,7.128333333333333,-65.7787,137.0598,35
10214,1,2020-03-08,05:13:25,12,MTP025,STP099,I,F,162.78,22.064444444444444,81.9204,-74.9994,35
10216,1,2020-03-08,09:09:15,03,MTP025,STP099,I,F,162.87,21.95583333333333,81.831,-134.0136,35
10219,1,2020-03-08,15:44:13,06,MTP025,STP099,E,F,163.02,7.150833333333334,-66.599,-92.1959,35
10223,1,2020-03-08,23:35:57,05,MTP025,STP099,E,F,163.19,7.171666666666667,-67.1636,153.3209,35
10227,1,2020-03-09,07:27:48,04,MTP025,STP099,E,F,163.37,7.182777777777778,-67.5595,38.6756,35
10230,1,2020-03-09,12:39:56,10,MTP025,STP099,I,F,163.48,21.118333333333332,80.7239,171.7571,35
10232,1,2020-03-09,16:35:47,11,MTP025,STP099,I,F,163.57,20.985555555555557,80.4612,112.3755,35
10235,1,2020-03-09,22:29:33,12,MTP025,STP099,I,F,163.7,20.870833333333334,80.2432,24.5699,35
10238,1,2020-03-10,05:04:59,09,MTP025,STP099,E,F,163.85,7.215833333333333,-68.6531,83.5238,35
10240,1,2020-03-10,09:00:56,06,MTP025,STP099,E,F,163.94,7.228611111111111,-68.951,26.3013,35
10243,1,2020-03-10,14:12:49,05,MTP025,STP099,I,F,164.05,20.51888888888889,79.3828,149.7588,35
10246,1,2020-03-10,20:06:38,04,MTP025,STP099,I,F,164.18,20.3925,79.0065,61.7716,35
10249,1,2020-03-11,02:42:12,10,MTP025,STP099,E,F,164.33,7.2588888888888885,-69.8507,128.5144,35
10251,1,2020-03-11,06:38:09,11,MTP025,STP099,E,F,164.42,7.263333333333334,-70.0126,71.1649,35
10253,1,2020-03-11,10:34:01,12,MTP025,STP099,E,F,164.51,7.2775,-70.3084,13.9812,35
10256,1,2020-03-11,15:45:43,03,MTP025,STP099,I,F,164.62,20.063333333333333,77.8561,129.9223,35
10259,1,2020-03-11,21:39:32,06,MTP025,STP099,I,F,164.76,19.97972222222222,77.5141,42.5697,35
10261,1,2020-03-12,01:35:17,05,MTP025,STP099,I,F,164.84,19.927500000000002,77.2889,-15.5761,35
10264,1,2020-03-12,08:11:14,04,MTP025,STP099,E,F,164.99,7.310833333333333,-71.2961,58.8254,35
10266,1,2020-03-12,12:07:03,10,MTP025,STP099,E,F,165.08,7.324166666666667,-71.5633,1.6444,35
10269,1,2020-03-12,17:18:41,11,MTP025,STP099,I,F,165.2,19.71611111111111,76.2271,111.692,35
10271,1,2020-03-12,21:14:35,12,MTP025,STP099,I,F,165.28,19.673333333333336,75.9932,53.6495,35
10274,1,2020-03-13,03:50:23,09,MTP025,STP099,E,F,165.43,7.349166666666666,-72.2577,132.4739,35
10276,1,2020-03-13,07:46:20,06,MTP025,STP099,E,F,165.52,7.354444444444444,-72.4192,75.1422,35
10278,1,2020-03-13,11:42:11,05,MTP025,STP099,E,F,165.61,7.370277777777777,-72.6988,17.9896,35
10282,1,2020-03-13,18:51:38,04,MTP025,STP099,I,F,165.77,19.44361111111111,74.5136,94.5875,35
10284,1,2020-03-13,22:47:33,10,MTP025,STP099,I,F,165.86,19.413888888888888,74.3147,36.7363,35
10286,1,2020-03-14,02:43:16,11,MTP025,STP099,I,F,165.95,19.379166666666666,74.0539,-21.1428,35
10289,1,2020-03-14,09:19:22,12,MTP025,STP099,E,F,166.09,7.408055555555556,-73.6371,62.9069,35
10294,1,2020-03-14,19:08:56,10,MTP025,STP100,E,F,166.32,7.426666666666667,-74.0667,-80.2743,35
10298,1,2020-03-15,02:18:25,11,MTP025,STP100,I,F,166.48,19.18888888888889,72.4188,-8.3512,35
10300,1,2020-03-15,06:14:17,12,MTP025,STP100,I,F,166.56,19.153888888888886,72.0498,-66.269,35
10303,1,2020-03-15,12:50:16,09,MTP025,STP100,E,F,166.71,7.475555555555555,-74.9623,22.2054,35
10305,1,2020-03-15,16:46:02,06,MTP025,STP100,E,F,166.8,7.4775,-75.0704,-35.1381,35
10307,1,2020-03-15,20:41:57,05,MTP025,STP100,E,F,166.89,7.485833333333334,-75.2393,-92.4193,35
10311,1,2020-03-16,03:51:29,04,MTP025,STP100,I,F,167.05,19.014166666666668,70.5311,-24.0088,35
10313,1,2020-03-16,07:47:24,10,MTP025,STP100,I,F,167.14,18.98638888888889,70.165,-81.8378,35
10315,1,2020-03-16,11:43:17,11,MTP025,STP100,I,F,167.23,18.96611111111111,69.9254,-139.537,35
10318,1,2020-03-16,18:19:02,12,MTP025,STP100,E,F,167.38,7.539722222222222,-76.2036,-47.2321,35
10320,1,2020-03-16,22:14:56,09,MTP025,STP100,E,F,167.47,7.553055555555555,-76.4015,-104.4335,35
10323,1,2020-03-17,03:26:39,06,MTP025,STP100,I,F,167.58,18.88111111111111,68.7703,-10.3609,35
10325,1,2020-03-17,07:22:34,05,MTP025,STP100,I,F,167.67,18.855833333333333,68.3571,-68.1495,35
10328,1,2020-03-17,13:58:19,04,MTP025,STP100,E,F,167.82,7.605555555555555,-77.1548,26.797,35
10330,1,2020-03-17,17:54:05,10,MTP025,STP100,E,F,167.91,7.609444444444444,-77.271,-30.5121,35
10332,1,2020-03-17,21:49:58,11,MTP025,STP100,E,F,168.0,7.62388888888889,-77.4607,-87.6932,35
10336,1,2020-03-18,04:59:50,12,MTP025,STP100,I,F,168.16,18.754722222222224,66.7041,-25.3287,35
10338,1,2020-03-18,08:55:46,03,MTP025,STP100,I,F,168.25,18.735277777777778,66.3245,-83.0327,35
10340,1,2020-03-18,12:51:40,06,MTP025,STP100,I,F,168.34,18.71972222222222,66.0455,-140.6689,35
10343,1,2020-03-18,19:27:01,05,MTP025,STP100,E,F,168.49,7.696388888888889,-78.4097,-42.2193,35
10345,1,2020-03-18,23:22:55,04,MTP025,STP100,E,F,168.58,7.7138888888888895,-78.6019,-99.357,35
10348,1,2020-03-19,04:35:04,10,MTP025,STP100,I,F,168.7,18.656388888888888,64.78,-11.1737,35
10350,1,2020-03-19,08:31:01,11,MTP025,STP100,I,F,168.79,18.637777777777778,64.3287,-68.8687,35
10353,1,2020-03-19,13:54:33,13,MTP025,STP100,C,F,168.91,11.38361111111111,38.5769,103.5949,35
10355,1,2020-03-19,19:02:01,12,MTP025,STP100,E,F,169.02,7.795833333333333,-79.4752,-25.0409,35
10357,1,2020-03-19,22:57:55,09,MTP025,STP100,E,F,169.11,7.813888888888889,-79.6506,-82.1699,35
10359,1,2020-03-20,02:53:45,06,MTP025,STP100,E,F,169.2,7.839722222222222,-79.8602,-139.1708,35
10362,1,2020-03-20,08:06:18,05,MTP025,STP100,I,F,169.32,18.553333333333335,62.2655,-54.5198,35
10366,1,2020-03-20,15:58:03,04,MTP025,STP100,I,F,169.5,18.529722222222222,61.665,-169.6628,35
10368,1,2020-03-20,19:53:55,10,MTP025,STP100,I,F,169.59,18.515555555555554,61.2269,132.7304,35
10372,1,2020-03-21,04:26:34,11,MTP025,STP100,E,F,169.78,7.992222222222222,-81.0382,-149.8624,35
10374,1,2020-03-21,08:22:23,12,MTP025,STP100,E,F,169.87,7.9944444444444445,-81.1217,152.7916,35
10380,1,2020-03-21,20:09:52,10,MTP026,STP101,E,F,170.14,8.085833333333333,-81.6819,-17.9933,35
10384,1,2020-03-22,04:01:33,11,MTP026,STP101,E,F,170.32,8.167499999999999,-82.0977,-131.5423,35
10387,1,2020-03-22,09:15:01,12,MTP026,STP101,I,F,170.44,18.40583333333333,57.5217,-54.2408,35
10389,1,2020-03-22,13:10:58,03,MTP026,STP101,I,F,170.53,18.39638888888889,57.1692,-111.7951,35
10391,1,2020-03-22,17:06:49,06,MTP026,STP101,I,F,170.62,18.38722222222222,56.8318,-169.3203,35
10394,1,2020-03-22,23:40:41,05,MTP026,STP101,E,F,170.77,8.345555555555556,-82.9474,-55.7882,35
10396,1,2020-03-23,03:22:39,09,MTP026,STP101,C,F,170.85,20.836944444444445,-35.5483,77.5724,35
10397,1,2020-03-23,05:34:23,04,MTP026,STP101,E,F,170.9,8.434444444444445,-83.2633,-140.5174,35
10399,1,2020-03-23,09:30:13,10,MTP026,STP101,E,F,170.99,8.445277777777777,-83.3515,162.2596,35
10402,1,2020-03-23,14:44:25,11,MTP026,STP101,I,F,171.11,18.333888888888886,54.4338,-125.8678,35
10404,1,2020-03-23,18:40:17,12,MTP026,STP101,I,F,171.2,18.325,54.0055,176.609,35
10407,1,2020-03-24,01:13:31,09,MTP026,STP101,E,F,171.35,8.723611111111111,-84.155,-63.096,35
10409,1,2020-03-24,05:09:19,06,MTP026,STP101,E,F,171.44,8.799166666666666,-84.34,-119.3413,35
10413,1,2020-03-24,12:22:02,05,MTP026,STP101,I,F,171.61,18.285555555555558,51.8671,-82.3359,35
10413,2,2020-03-24,13:01:00,04,MTP026,STP101,E,F,171.62,8.93361111111111,-84.6572,127.9008,35
10417,1,2020-03-24,20:13:51,10,MTP026,STP101,I,F,171.79,18.26972222222222,50.9294,162.6169,35
10417,2,2020-03-24,20:52:34,11,MTP026,STP101,E,F,171.8,9.11888888888889,-85.0097,15.9374,35
10419,1,2020-03-25,00:09:51,12,MTP026,STP101,I,F,171.88,18.261388888888888,50.3954,105.0668,35
10419,2,2020-03-25,00:48:26,09,MTP026,STP101,E,F,171.89,9.23472222222222,-85.1958,-39.7182,35
10421,1,2020-03-25,04:28:29,09,MTP026,STP101,C,F,171.98,20.47861111111111,-35.7351,75.395,35
10424,1,2020-03-25,09:59:39,06,MTP026,STP101,I,F,172.1,18.24277777777778,49.1922,-38.7274,35
10424,2,2020-03-25,10:37:54,05,MTP026,STP101,E,F,172.12,9.533888888888889,-85.6111,-178.6679,35
10426,1,2020-03-25,13:55:41,04,MTP026,STP101,I,F,172.19,18.235,48.64,-96.2758,35
10426,2,2020-03-25,14:33:47,10,MTP026,STP101,E,F,172.21,9.72888888888889,-85.8137,126.8622,35
10429,1,2020-03-25,19:49:30,11,MTP026,STP101,I,F,172.33,18.224999999999998,47.9434,177.4777,35
10429,2,2020-03-25,20:27:24,12,MTP026,STP101,E,F,172.34,9.9425,-86.0261,44.0213,35
10434,1,2020-03-26,05:39:27,03,MTP026,STP101,I,F,172.55,18.20777777777778,46.6266,33.6703,35
10434,2,2020-03-26,06:16:57,06,MTP026,STP101,E,F,172.57,10.451388888888888,-86.3908,-91.7998,35
10436,1,2020-03-26,09:35:21,05,MTP026,STP101,I,F,172.64,18.200555555555553,46.025,-23.838,35
10436,2,2020-03-26,10:12:43,04,MTP026,STP101,E,F,172.66,10.59388888888889,-86.4859,-147.0327,35
10440,1,2020-03-26,17:27:22,10,MTP026,STP101,I,F,172.82,18.18722222222222,44.8743,-138.8936,35
10440,2,2020-03-26,18:04:24,11,MTP026,STP101,E,F,172.84,11.174999999999999,-86.7212,106.9112,35
10442,1,2020-03-26,21:23:17,12,MTP026,STP101,I,F,172.91,18.180833333333336,44.2709,163.6033,35
10442,2,2020-03-26,22:00:09,09,MTP026,STP101,E,F,172.93,11.4,-86.7961,52.9205,35
10447,1,2020-03-27,07:13:13,06,MTP026,STP101,I,F,173.14,18.16583333333333,42.855,19.829,35
10447,2,2020-03-27,07:49:37,05,MTP026,STP101,E,F,173.15,12.262222222222222,-86.9238,-77.5771,35
10449,1,2020-03-27,11:09:16,04,MTP026,STP101,I,F,173.23,18.15861111111111,42.0365,-37.7132,35
10449,2,2020-03-27,11:45:27,10,MTP026,STP101,E,F,173.24,12.444166666666668,-86.9487,-132.2361,35
10452,1,2020-03-27,17:03:15,11,MTP026,STP101,I,F,173.37,18.150277777777777,41.2133,-123.9695,35
10452,2,2020-03-27,17:39:10,12,MTP026,STP101,E,F,173.38,13.109166666666667,-86.897,151.6696,35
10455,1,2020-03-27,22:57:11,09,MTP026,STP101,I,F,173.5,18.141388888888887,40.1858,149.7755,35
10455,2,2020-03-27,23:32:49,06,MTP026,STP101,E,F,173.52,13.478333333333333,-86.8517,71.155,35
10458,1,2020-03-28,04:51:16,05,MTP026,STP101,I,F,173.64,18.133055555555558,39.1974,63.4923,35
10458,2,2020-03-28,05:26:33,04,MTP026,STP101,E,F,173.65,14.002222222222223,-86.6992,-7.0592,35
10460,1,2020-03-28,08:47:08,10,MTP026,STP101,I,F,173.73,18.128055555555555,38.6072,6.0226,35
10460,2,2020-03-28,09:22:15,11,MTP026,STP101,E,F,173.74,14.294722222222221,-86.5827,-60.0222,35
10680,1,2020-04-15,08:08:43,09,MTP026,STP104,C,F,183.82,6.161388888888889,-32.1655,8.965,35
10722,1,2020-04-18,18:33:12,10,MTP027,STP105,I,F,185.78,5.722222222222222,-61.3518,-120.6949,35
10722,2,2020-04-18,18:52:14,11,MTP027,STP105,E,F,185.79,6.0225,4.0003,-120.8194,35
10724,1,2020-04-18,22:28:43,12,MTP027,STP105,I,F,185.88,5.698611111111111,-62.8261,-178.3474,35
10724,2,2020-04-18,22:48:44,03,MTP027,STP105,E,F,185.88,6.028611111111111,6.0312,-178.2679,35
10728,1,2020-04-19,06:19:50,06,MTP027,STP105,I,F,186.06,5.660277777777778,-64.7475,66.447,35
10728,2,2020-04-19,06:41:29,05,MTP027,STP105,E,F,186.07,6.041388888888889,9.9371,66.8929,35
10730,1,2020-04-19,10:15:33,04,MTP027,STP105,I,F,186.16,5.643055555555555,-65.4652,8.8316,35
10730,2,2020-04-19,10:37:52,10,MTP027,STP105,E,F,186.17,6.046944444444445,11.5463,9.4619,35
10732,1,2020-04-19,14:11:11,11,MTP027,STP105,I,F,186.25,5.622777777777778,-66.2833,-48.8061,35
10732,2,2020-04-19,14:34:11,12,MTP027,STP105,E,F,186.26,6.053055555555555,13.2082,-47.9477,35
10735,1,2020-04-19,20:04:36,09,MTP027,STP105,I,F,186.39,5.5938888888888885,-67.2962,-135.2259,35
10735,2,2020-04-19,20:28:34,06,MTP027,STP105,E,F,186.4,6.062222222222222,15.6442,-134.0347,35
10738,1,2020-04-20,01:58:08,05,MTP027,STP105,I,F,186.53,5.556388888888889,-68.5788,138.1898,35
10738,2,2020-04-20,02:23:06,04,MTP027,STP105,E,F,186.54,6.071944444444444,18.0236,139.8494,35
10740,1,2020-04-20,05:53:43,10,MTP027,STP105,I,F,186.63,5.534166666666667,-69.221,80.535,35
10740,2,2020-04-20,06:19:14,11,MTP027,STP105,E,F,186.64,6.078055555555555,19.3883,82.4842,35
10743,1,2020-04-20,11:47:20,12,MTP027,STP105,I,F,186.77,5.500555555555556,-70.0882,-6.0102,35
10743,2,2020-04-20,12:13:37,03,MTP027,STP105,E,F,186.78,6.086666666666666,21.2325,-3.611,35
10745,1,2020-04-20,15:43:02,06,MTP027,STP105,I,F,186.86,5.476944444444444,-70.6459,-63.7073,35
10745,2,2020-04-20,16:09:48,05,MTP027,STP105,E,F,186.87,6.093055555555555,22.572,-60.9812,35
10748,1,2020-04-20,21:36:31,04,MTP027,STP105,I,F,187.0,5.437777777777778,-71.5192,-150.3045,35
10748,2,2020-04-20,22:04:01,10,MTP027,STP105,E,F,187.01,6.101944444444444,24.3044,-147.0312,35
10751,1,2020-04-21,03:30:11,11,MTP027,STP105,I,F,187.15,5.397500000000001,-72.3253,123.038,35
10751,2,2020-04-21,03:58:27,12,MTP027,STP105,E,F,187.16,6.113333333333333,26.4367,126.9002,35
10754,1,2020-04-21,09:23:42,09,MTP027,STP105,I,F,187.29,5.355277777777777,-73.0752,36.3917,35
10754,2,2020-04-21,09:52:33,06,MTP027,STP105,E,F,187.3,6.121944444444444,27.8534,40.8725,35
10756,1,2020-04-21,13:19:28,05,MTP027,STP105,I,F,187.38,5.3244444444444445,-73.5886,-21.4394,35
10756,2,2020-04-21,13:48:43,04,MTP027,STP105,E,F,187.39,6.128333333333333,28.8755,-16.497,35
10758,1,2020-04-21,17:15:09,10,MTP027,STP105,I,F,187.48,5.295,-74.0253,-79.2233,35
10758,2,2020-04-21,17:44:50,11,MTP027,STP105,E,F,187.49,6.135555555555556,30.0557,-73.8345,35
10761,1,2020-04-21,23:08:45,12,MTP027,STP105,I,F,187.62,5.2425,-74.7832,-166.0443,35
10761,2,2020-04-21,23:38:58,03,MTP027,STP105,E,F,187.63,6.1450000000000005,31.3907,-159.8601,35
10764,1,2020-04-22,05:02:25,06,MTP027,STP105,I,F,187.76,5.196666666666667,-75.3326,107.2141,35
10764,2,2020-04-22,05:33:13,05,MTP027,STP105,E,F,187.77,6.156944444444445,33.1137,114.1258,35
10766,1,2020-04-22,08:58:06,04,MTP027,STP105,I,F,187.85,5.154722222222222,-75.8463,49.2436,35
10766,2,2020-04-22,09:29:14,10,MTP027,STP105,E,F,187.86,6.163055555555556,33.8582,56.7907,35
10770,1,2020-04-22,16:49:39,11,MTP027,STP105,I,F,188.04,5.079722222222222,-76.6187,-66.6167,35
10770,2,2020-04-22,17:21:29,12,MTP027,STP105,E,F,188.05,6.178333333333334,35.7871,-57.8826,35
10773,1,2020-04-22,21:54:08,09,MTP027,STP105,C,F,188.16,15.374166666666667,38.329,13.716,35
10775,1,2020-04-23,02:39:07,09,MTP027,STP105,I,F,188.28,4.9725,-77.5817,148.3545,35
10775,2,2020-04-23,03:11:42,06,MTP027,STP105,E,F,188.29,6.196944444444445,37.897,158.7921,35
10778,1,2020-04-23,08:32:40,05,MTP027,STP105,I,F,188.42,4.906388888888889,-78.0886,61.3403,35
10778,2,2020-04-23,09:05:39,04,MTP027,STP105,E,F,188.43,6.207777777777778,38.976,72.8325,35
10781,1,2020-04-23,14:26:24,10,MTP027,STP105,I,F,188.56,4.8311111111111105,-78.6216,-25.8585,35
10781,2,2020-04-23,14:59:50,11,MTP027,STP105,E,F,188.57,6.219722222222222,40.1729,-13.163,35
10786,1,2020-04-24,00:15:48,12,MTP027,STP105,I,F,188.8,4.69,-79.49,-171.3796,35
10786,2,2020-04-24,00:49:53,03,MTP027,STP105,E,F,188.81,6.239444444444445,41.9667,-156.4296,35
10789,1,2020-04-24,06:09:30,06,MTP027,STP105,I,F,188.94,4.6125,-79.8769,101.3967,35
10789,2,2020-04-24,06:43:58,05,MTP027,STP105,E,F,188.95,6.253888888888889,43.2286,117.6285,35
10792,1,2020-04-24,12:03:12,04,MTP027,STP105,I,F,189.08,4.5136111111111115,-80.3523,13.8584,35
10792,2,2020-04-24,12:37:59,10,MTP027,STP105,E,F,189.1,6.264722222222222,44.0284,31.6594,35
10795,1,2020-04-24,17:56:53,11,MTP027,STP105,I,F,189.22,4.424166666666667,-80.7168,-73.5433,35
10795,2,2020-04-24,18:32:00,12,MTP027,STP105,E,F,189.24,6.279166666666667,45.1544,-54.2646,35
10798,1,2020-04-24,23:50:30,09,MTP027,STP105,I,F,189.37,4.292222222222222,-81.2429,-161.5581,35
10798,2,2020-04-25,00:25:59,06,MTP027,STP105,E,F,189.38,6.291388888888889,45.9974,-140.2043,35
10801,1,2020-04-25,05:44:16,05,MTP027,STP105,I,F,189.51,4.189166666666667,-81.5716,110.8189,35
10801,2,2020-04-25,06:20:02,04,MTP027,STP105,E,F,189.52,6.306666666666667,47.0771,133.8777,35
10808,1,2020-04-25,19:29:31,10,MTP027,STP106,I,F,189.84,3.8916666666666666,-82.3846,-94.4334,35
10808,2,2020-04-25,20:05:57,11,MTP027,STP106,E,F,189.86,6.338888888888889,49.0358,-66.592,35
10809,1,2020-04-25,21:49:24,09,MTP027,STP106,C,F,189.9,4.284722222222222,1.9708,-122.5736,35
10810,1,2020-04-25,23:25:18,12,MTP027,STP106,I,F,189.94,3.7716666666666665,-82.6748,-153.6009,35
10810,2,2020-04-26,00:01:55,03,MTP027,STP106,E,F,189.95,6.347222222222222,49.4899,-123.8772,35
10815,1,2020-04-26,09:14:48,06,MTP027,STP106,I,F,190.17,3.4733333333333336,-83.2633,58.4915,35
10815,2,2020-04-26,09:51:53,05,MTP027,STP106,E,F,190.19,6.373333333333333,50.9271,92.9714,35
10818,1,2020-04-26,15:08:37,04,MTP027,STP106,I,F,190.32,3.281388888888889,-83.5691,-30.47,35
10818,2,2020-04-26,15:45:57,10,MTP027,STP106,E,F,190.33,6.388333333333334,51.6614,7.0508,35
10821,1,2020-04-26,21:02:15,11,MTP027,STP106,I,F,190.46,3.1102777777777777,-83.7913,-119.0777,35
10821,2,2020-04-26,21:39:49,12,MTP027,STP106,E,F,190.47,6.404722222222222,52.4545,-78.8056,35
10825,1,2020-04-27,04:53:59,09,MTP027,STP106,I,F,190.65,2.7977777777777777,-84.1582,121.4564,35
10825,2,2020-04-27,05:31:49,06,MTP027,STP106,E,F,190.66,6.426388888888889,53.4311,166.6781,35
10827,1,2020-04-27,08:49:42,05,MTP027,STP106,I,F,190.74,2.661111111111111,-84.2838,62.0515,35
10827,2,2020-04-27,09:27:42,04,MTP027,STP106,E,F,190.76,6.437777777777778,53.9194,109.4564,35
10830,1,2020-04-27,15:06:19,09,MTP027,STP106,C,F,190.9,3.9594444444444448,5.0653,-10.1063,35
10831,1,2020-04-27,16:41:23,10,MTP027,STP106,I,F,190.93,2.2766666666666664,-84.6032,-58.4764,35
10831,2,2020-04-27,17:19:41,11,MTP027,STP106,E,F,190.95,6.458888888888889,54.7644,-5.0608,35
10833,1,2020-04-27,20:37:09,12,MTP027,STP106,I,F,191.03,2.1475,-84.6735,-117.7779,35
10833,2,2020-04-27,21:15:34,03,MTP027,STP106,E,F,191.04,6.470833333333333,55.23,-62.2763,35
10838,1,2020-04-28,06:26:48,06,MTP027,STP106,I,F,191.27,1.6583333333333332,-84.9208,91.417,35
10838,2,2020-04-28,07:05:33,05,MTP027,STP106,E,F,191.28,6.502222222222223,56.4109,154.6471,35
10842,1,2020-04-28,14:18:24,04,MTP027,STP106,I,F,191.46,1.2049999999999998,-85.0676,-30.1239,35
10842,2,2020-04-28,14:57:24,10,MTP027,STP106,E,F,191.47,6.523611111111111,57.0881,40.1642,35
10844,1,2020-04-28,18:14:15,11,MTP027,STP106,I,F,191.55,1.0447222222222223,-85.0882,-89.9128,35
10844,2,2020-04-28,18:53:21,12,MTP027,STP106,E,F,191.57,6.5375,57.5664,-17.034,35
10847,1,2020-04-29,00:47:09,03,MTP027,STP106,E,F,191.71,6.553333333333333,58.0171,-102.877,35
10850,1,2020-04-29,06:41:11,06,MTP027,STP106,E,F,191.86,6.576388888888888,58.7577,171.3272,35
10853,1,2020-04-29,11:55:24,05,MTP027,STP106,I,F,191.98,0.08055555555555555,-85.0891,-2.5573,35
10855,1,2020-04-29,15:51:18,04,MTP027,STP106,I,F,192.08,23.857222222222223,-85.0468,-63.3048,35
10857,1,2020-04-29,19:47:06,10,MTP027,STP106,I,F,192.17,23.684722222222224,-84.9934,-123.2629,35
10860,1,2020-04-30,02:20:45,11,MTP027,STP106,E,F,192.33,6.64,60.4219,-114.7125,35
10862,1,2020-04-30,06:16:45,12,MTP027,STP106,E,F,192.43,6.6561111111111115,60.844,-171.8929,35
10864,1,2020-04-30,10:12:36,03,MTP027,STP106,E,F,192.52,6.671111111111111,61.2204,130.9523,35
10867,1,2020-04-30,15:26:17,06,MTP027,STP106,I,F,192.65,22.758055555555554,-84.5255,-64.0646,35
10869,1,2020-04-30,19:22:08,05,MTP027,STP106,I,F,192.75,22.630555555555556,-84.418,-123.3581,35
10872,1,2020-05-01,01:56:15,04,MTP027,STP106,E,F,192.91,6.7252777777777775,62.3694,-97.8303,35
10875,1,2020-05-01,07:50:14,10,MTP027,STP106,E,F,193.05,6.751666666666667,62.9499,176.4401,35
10878,1,2020-05-01,13:03:20,11,MTP027,STP106,I,F,193.18,21.97,-83.7324,-31.4673,35
10880,1,2020-05-01,16:59:16,12,MTP027,STP106,I,F,193.27,21.858333333333334,-83.5742,-90.5429,35
10882,1,2020-05-01,20:55:03,09,MTP027,STP106,I,F,193.37,21.750833333333333,-83.4091,-149.5241,35
10887,1,2020-05-02,07:25:43,06,MTP027,STP106,E,F,193.63,6.847222222222222,64.6968,-166.5192,35
10889,1,2020-05-02,11:21:32,05,MTP027,STP106,E,F,193.72,6.8647222222222215,64.9934,136.3677,35
10893,1,2020-05-02,19:13:26,10,MTP027,STP107,E,F,193.91,6.896944444444444,65.4866,22.0347,35
10896,1,2020-05-03,00:25:56,11,MTP027,STP107,I,F,194.04,21.113611111111112,-82.1008,159.2558,35
10898,1,2020-05-03,04:21:49,12,MTP027,STP107,I,F,194.14,20.997222222222224,-81.8105,100.1154,35
10902,1,2020-05-03,12:54:54,03,MTP027,STP107,E,F,194.35,6.975833333333333,66.6252,124.9622,35
10904,1,2020-05-03,16:50:53,06,MTP027,STP107,E,F,194.44,6.991944444444444,66.8233,67.7876,35
10907,1,2020-05-03,22:03:09,05,MTP027,STP107,I,F,194.57,20.72833333333333,-80.907,-162.1383,35
10909,1,2020-05-04,01:58:57,04,MTP027,STP107,I,F,194.67,20.66333333333333,-80.6657,139.5165,35
10912,1,2020-05-04,07:52:49,10,MTP027,STP107,I,F,194.81,20.573333333333334,-80.3036,52.0692,35
10914,1,2020-05-04,12:13:07,09,MTP027,STP107,C,F,194.92,2.386388888888889,1.1755,75.9348,35
10915,1,2020-05-04,14:28:13,11,MTP027,STP107,E,F,194.97,7.096388888888889,68.1071,113.7111,35
10917,1,2020-05-04,18:24:12,12,MTP027,STP107,E,F,195.07,7.116388888888888,68.3332,56.5966,35
10919,1,2020-05-04,22:20:04,03,MTP027,STP107,E,F,195.16,7.14138888888889,68.6337,-0.4151,35
10922,1,2020-05-05,03:31:59,06,MTP027,STP107,I,F,195.29,20.32638888888889,-79.1059,121.4741,35
10924,1,2020-05-05,07:27:56,05,MTP027,STP107,I,F,195.39,20.285,-78.8686,63.4453,35
10929,1,2020-05-05,17:59:31,04,MTP027,STP107,E,F,195.65,7.237777777777778,69.5596,74.0702,35
10931,1,2020-05-05,21:55:24,10,MTP027,STP107,E,F,195.74,7.2652777777777775,69.8456,17.0926,35
10934,1,2020-05-06,03:07:07,11,MTP027,STP107,I,F,195.87,20.10138888888889,-77.6651,133.7924,35
10937,1,2020-05-06,09:01:01,12,MTP027,STP107,I,F,196.02,20.050833333333333,-77.2893,46.9341,35
10939,1,2020-05-06,12:56:47,09,MTP027,STP107,I,F,196.11,20.023888888888887,-77.0657,-10.8337,35
10943,1,2020-05-06,21:30:43,06,MTP027,STP107,E,F,196.32,7.397222222222223,70.9423,34.7261,35
10945,1,2020-05-07,01:26:30,05,MTP027,STP107,E,F,196.42,7.419166666666667,71.1024,-22.3127,35
10947,1,2020-05-07,05:22:24,04,MTP027,STP107,E,F,196.52,7.4366666666666665,71.2105,-79.4422,35
10951,1,2020-05-07,12:31:58,10,MTP027,STP107,I,F,196.69,19.847777777777775,-75.5015,2.2144,35
10953,1,2020-05-07,16:27:51,11,MTP027,STP107,I,F,196.79,19.8125,-75.1708,-55.7074,35
10956,1,2020-05-07,23:03:55,12,MTP027,STP107,E,F,196.95,7.552777777777778,72.046,24.034,35
10958,1,2020-05-08,02:59:44,03,MTP027,STP107,E,F,197.05,7.5713888888888885,72.1408,-33.06,35
10962,1,2020-05-08,10:09:21,06,MTP027,STP107,I,F,197.22,19.705,-73.958,44.4206,35
10964,1,2020-05-08,14:05:07,05,MTP027,STP107,I,F,197.32,19.684722222222224,-73.6999,-13.2468,35
10966,1,2020-05-08,18:01:03,04,MTP027,STP107,I,F,197.42,19.655277777777776,-73.3578,-71.0865,35
10969,1,2020-05-09,00:37:05,10,MTP027,STP107,E,F,197.58,7.716944444444445,73.0187,13.4808,35
10971,1,2020-05-09,04:32:54,11,MTP027,STP107,E,F,197.68,7.733611111111111,73.0766,-43.6454,35
10973,1,2020-05-09,08:28:50,12,MTP027,STP107,E,F,197.77,7.759722222222222,73.2145,-100.6536,35
10979,1,2020-05-09,19:34:15,10,MTP027,STP108,I,F,198.05,19.522499999999997,-71.4726,-86.103,35
10981,1,2020-05-09,23:30:07,11,MTP027,STP108,I,F,198.14,19.508055555555554,-71.2222,-143.7067,35
10984,1,2020-05-10,06:06:06,12,MTP027,STP108,E,F,198.31,7.904444444444445,73.9062,-54.1043,35
10985,1,2020-05-10,07:46:40,09,MTP027,STP108,C,F,198.35,22.33138888888889,17.5569,137.8347,35
10986,1,2020-05-10,10:02:02,03,MTP027,STP108,E,F,198.4,7.936111111111112,74.0588,-111.0295,35
10989,1,2020-05-10,15:13:36,06,MTP027,STP108,I,F,198.53,19.43611111111111,-70.0116,-14.3292,35
10991,1,2020-05-10,19:09:33,05,MTP027,STP108,I,F,198.63,19.414166666666667,-69.6419,-72.0661,35
10993,1,2020-05-10,23:05:27,04,MTP027,STP108,I,F,198.73,19.4,-69.3625,-129.6723,35
10996,1,2020-05-11,05:41:19,10,MTP027,STP108,E,F,198.89,8.075277777777778,74.6239,-35.8506,35
10998,1,2020-05-11,09:37:16,11,MTP027,STP108,E,F,198.99,8.103333333333333,74.7264,-92.8397,35
11000,1,2020-05-11,13:33:06,12,MTP027,STP108,E,F,199.08,8.143611111111111,74.9029,-149.6086,35
11003,1,2020-05-11,18:44:50,09,MTP027,STP108,I,F,199.21,19.3175,-67.733,-57.8474,35
11007,1,2020-05-12,02:36:34,06,MTP027,STP108,I,F,199.41,19.29277777777778,-67.161,-172.9875,35
11010,1,2020-05-12,09:12:27,05,MTP027,STP108,E,F,199.57,8.275277777777779,75.3095,-74.5658,35
11013,1,2020-05-12,15:06:11,04,MTP027,STP108,E,F,199.72,8.335833333333333,75.5319,-159.7183,35
11016,1,2020-05-12,20:18:11,10,MTP027,STP108,I,F,199.85,19.22,-65.5185,-72.3656,35
11020,1,2020-05-13,04:09:53,11,MTP027,STP108,I,F,200.04,19.196666666666665,-64.9001,172.522,35
11022,1,2020-05-13,08:05:48,12,MTP027,STP108,I,F,200.14,19.178611111111113,-64.4693,114.8556,35
11025,1,2020-05-13,14:41:24,03,MTP027,STP108,E,F,200.3,8.516111111111112,76.0225,-141.3274,35
11027,1,2020-05-13,18:37:14,06,MTP027,STP108,E,F,200.4,8.529722222222222,76.0225,161.5016,35
11029,1,2020-05-13,22:33:12,05,MTP027,STP108,E,F,200.5,8.56,76.0967,104.5495,35
11032,1,2020-05-14,03:45:17,04,MTP027,STP108,I,F,200.63,19.116944444444446,-62.7436,-173.028,35
11034,1,2020-05-14,07:41:13,10,MTP027,STP108,I,F,200.72,19.09861111111111,-62.2562,129.2954,35
11038,1,2020-05-14,16:14:28,11,MTP027,STP108,E,F,200.94,8.7175,76.4862,-151.288,35
11040,1,2020-05-14,20:10:21,12,MTP027,STP108,E,F,201.03,8.727222222222222,76.4666,151.4703,35
11043,1,2020-05-15,01:22:51,09,MTP027,STP108,I,F,201.16,19.044722222222223,-60.5826,-129.798,35
11044,1,2020-05-15,03:45:08,09,MTP027,STP108,C,F,201.22,21.81416666666667,42.6117,-122.8728,35
11045,1,2020-05-15,05:18:43,06,MTP027,STP108,I,F,201.26,19.0325,-60.1852,172.6349,35
11047,1,2020-05-15,09:14:40,05,MTP027,STP108,I,F,201.36,19.01638888888889,-59.6991,114.9899,35
11050,1,2020-05-15,15:49:40,04,MTP027,STP108,E,F,201.52,8.901944444444444,76.8332,-132.8275,35
11052,1,2020-05-15,19:45:31,10,MTP027,STP108,E,F,201.62,8.911388888888888,76.8116,169.9374,35
11054,1,2020-05-15,23:41:27,11,MTP027,STP108,E,F,201.72,8.949444444444445,76.8871,113.1035,35
11057,1,2020-05-16,04:54:15,12,MTP027,STP108,I,F,201.85,18.960555555555555,-57.7346,-172.8269,35
11059,1,2020-05-16,08:50:13,09,MTP027,STP108,I,F,201.95,18.94388888888889,-57.173,129.5106,35
11064,1,2020-05-16,19:20:39,10,MTP028,STP109,E,F,202.21,9.102777777777778,77.1167,-171.4828,35
11066,1,2020-05-16,23:16:36,11,MTP028,STP109,E,F,202.31,9.127777777777778,77.1415,131.4911,35
11069,1,2020-05-17,04:29:52,12,MTP028,STP109,I,F,202.44,18.889166666666664,-55.0527,-158.3046,35
11071,1,2020-05-17,08:25:48,03,MTP028,STP109,I,F,202.53,18.874444444444446,-54.4941,144.0729,35
11074,1,2020-05-17,14:19:47,06,MTP028,STP109,I,F,202.68,18.860000000000003,-53.883,57.7381,35
11075,1,2020-05-17,16:41:34,09,MTP028,STP109,C,F,202.74,21.08888888888889,43.6472,56.6756,35
11077,1,2020-05-17,20:53:48,05,MTP028,STP109,E,F,202.85,9.283888888888889,77.312,178.2348,35
11079,1,2020-05-18,00:49:44,04,MTP028,STP109,E,F,202.94,9.32611111111111,77.3772,121.47,35
11081,1,2020-05-18,04:45:32,10,MTP028,STP109,E,F,203.04,9.371666666666668,77.4491,64.7887,35
11084,1,2020-05-18,09:59:28,11,MTP028,STP109,I,F,203.17,18.800833333333333,-51.3742,129.8494,35
11086,1,2020-05-18,13:55:29,12,MTP028,STP109,I,F,203.27,18.791111111111114,-50.9267,72.2853,35
11089,1,2020-05-18,20:28:55,03,MTP028,STP109,E,F,203.44,9.466388888888888,77.4937,-163.3076,35
11091,1,2020-05-19,00:24:53,06,MTP028,STP109,E,F,203.53,9.4825,77.485,139.5258,35
11094,1,2020-05-19,05:39:13,05,MTP028,STP109,I,F,203.66,18.747222222222224,-48.8899,-157.9714,35
11096,1,2020-05-19,09:35:13,04,MTP028,STP109,I,F,203.76,18.731944444444444,-48.1919,144.38,35
11096,2,2020-05-19,10:14:28,10,MTP028,STP109,E,F,203.78,9.553055555555556,77.5352,-2.8512,35
11099,1,2020-05-19,15:29:14,11,MTP028,STP109,I,F,203.91,18.71833333333333,-47.495,58.0511,35
11099,2,2020-05-19,16:08:17,12,MTP028,STP109,E,F,203.93,9.6175,77.6132,-87.963,35
11102,1,2020-05-19,21:23:07,03,MTP028,STP109,I,F,204.06,18.700555555555553,-46.6247,-28.3093,35
11102,2,2020-05-19,22:02:02,06,MTP028,STP109,E,F,204.07,9.636111111111111,77.5842,-173.7485,35
11105,1,2020-05-20,03:17:08,05,MTP028,STP109,I,F,204.21,18.683333333333334,-45.7616,-114.6929,35
11105,2,2020-05-20,03:55:51,04,MTP028,STP109,E,F,204.22,9.714444444444444,77.6856,101.3474,35
11107,1,2020-05-20,07:13:00,10,MTP028,STP109,I,F,204.3,18.67361111111111,-45.2399,-172.227,35
11107,2,2020-05-20,07:51:40,11,MTP028,STP109,E,F,204.32,9.70611111111111,77.6219,43.8548,35
11111,1,2020-05-20,15:05:05,12,MTP028,STP109,I,F,204.5,18.649444444444445,-43.9861,72.56,35
11111,2,2020-05-20,15:43:27,03,MTP028,STP109,E,F,204.52,9.759722222222223,77.6433,-70.1183,35
11114,1,2020-05-20,20:58:59,06,MTP028,STP109,I,F,204.65,18.631666666666668,-43.0438,-13.8041,35
11114,2,2020-05-20,21:37:11,05,MTP028,STP109,E,F,204.67,9.780833333333334,77.618,-155.8596,35
11117,1,2020-05-21,02:53:02,04,MTP028,STP109,I,F,204.8,18.614722222222223,-42.1243,-100.1911,35
11117,2,2020-05-21,03:31:01,10,MTP028,STP109,E,F,204.81,9.855277777777777,77.6999,119.1757,35
11120,1,2020-05-21,08:46:57,11,MTP028,STP109,I,F,204.94,18.59722222222222,-41.1434,173.4397,35
11120,2,2020-05-21,09:24:44,12,MTP028,STP109,E,F,204.96,9.865555555555556,77.6527,33.2764,35
11124,1,2020-05-21,16:39:00,03,MTP028,STP109,I,F,205.14,18.576944444444443,-39.9754,58.2953,35
11124,2,2020-05-21,17:16:30,06,MTP028,STP109,E,F,205.16,9.934166666666666,77.6944,-80.4693,35
11127,1,2020-05-21,22:32:59,05,MTP028,STP109,I,F,205.29,18.556944444444444,-38.8409,-28.1249,35
11127,2,2020-05-21,23:10:17,04,MTP028,STP109,E,F,205.31,9.924999999999999,77.6103,-166.6769,35
11129,1,2020-05-22,02:29:04,10,MTP028,STP109,I,F,205.39,18.545,-38.1463,-85.7351,35
11129,2,2020-05-22,03:06:11,11,MTP028,STP109,E,F,205.4,9.97638888888889,77.662,136.7039,35
11133,1,2020-05-22,10:21:00,12,MTP028,STP109,I,F,205.59,18.521666666666665,-36.748,159.098,35
11133,2,2020-05-22,10:57:49,03,MTP028,STP109,E,F,205.6,10.010555555555555,77.6362,22.4787,35
11134,1,2020-05-22,12:41:15,09,MTP028,STP109,C,F,205.65,19.81638888888889,47.0596,144.4028,35
11136,1,2020-05-22,16:15:06,06,MTP028,STP109,I,F,205.73,18.50583333333333,-35.7718,72.7134,35
11136,2,2020-05-22,16:51:41,05,MTP028,STP109,E,F,205.75,10.040555555555555,77.6239,-63.1618,35
11140,1,2020-05-23,00:07:09,04,MTP028,STP109,I,F,205.93,18.480555555555554,-34.2283,-42.5053,35
11140,2,2020-05-23,00:43:25,10,MTP028,STP109,E,F,205.95,10.0425,77.5399,-177.899,35
11143,1,2020-05-23,06:01:11,11,MTP028,STP109,I,F,206.08,18.46388888888889,-33.1757,-128.8821,35
11143,2,2020-05-23,06:37:10,12,MTP028,STP109,E,F,206.1,10.119444444444445,77.6081,97.1948,35
11149,1,2020-05-23,17:49:20,10,MTP028,STP110,I,F,206.38,18.42777777777778,-30.8502,58.2918,35
11149,2,2020-05-23,18:24:45,11,MTP028,STP110,E,F,206.39,10.17,77.5629,-74.1909,35
11152,1,2020-05-23,23:43:24,12,MTP028,STP110,I,F,206.53,18.40722222222222,-29.5198,-28.1543,35
11152,2,2020-05-24,00:18:34,03,MTP028,STP110,E,F,206.54,10.141388888888889,77.451,-160.6974,35
11154,1,2020-05-24,03:39:30,06,MTP028,STP110,I,F,206.63,18.395,-28.7077,-85.7779,35
11154,2,2020-05-24,04:14:28,05,MTP028,STP110,E,F,206.64,10.188055555555556,77.4858,142.6153,35
11157,1,2020-05-24,09:33:31,04,MTP028,STP110,I,F,206.77,18.375833333333333,-27.4371,-172.1892,35
11157,2,2020-05-24,10:08:11,10,MTP028,STP110,E,F,206.79,10.190277777777778,77.4254,56.5953,35
11159,1,2020-05-24,13:29:39,11,MTP028,STP110,I,F,206.87,18.3625,-26.5443,130.1675,35
11159,2,2020-05-24,14:04:04,12,MTP028,STP110,E,F,206.89,10.22638888888889,77.4409,-0.2522,35
11162,1,2020-05-24,19:23:44,09,MTP028,STP110,I,F,207.02,18.345555555555553,-25.3699,43.7681,35
11162,2,2020-05-24,19:57:51,06,MTP028,STP110,E,F,207.04,10.256944444444445,77.4257,-85.862,35
11165,1,2020-05-25,01:17:56,05,MTP028,STP110,I,F,207.17,18.323333333333334,-23.8645,-42.7327,35
11165,2,2020-05-25,01:51:45,04,MTP028,STP110,E,F,207.18,10.215555555555556,77.296,-172.5785,35
11167,1,2020-05-25,05:14:01,10,MTP028,STP110,I,F,207.27,18.311111111111114,-23.0008,-100.3537,35
11167,2,2020-05-25,05:47:35,11,MTP028,STP110,E,F,207.28,10.28888888888889,77.3699,131.1493,35
11169,1,2020-05-25,09:10:03,12,MTP028,STP110,I,F,207.37,18.297777777777778,-22.0747,-157.9726,35
11169,2,2020-05-25,09:43:24,09,MTP028,STP110,E,F,207.38,10.268055555555556,77.2957,73.4706,35
11173,1,2020-05-25,17:02:18,06,MTP028,STP110,I,F,207.57,18.271666666666665,-20.2448,86.7473,35
11173,2,2020-05-25,17:35:12,05,MTP028,STP110,E,F,207.58,10.283888888888889,77.2363,-41.0724,35
11175,1,2020-05-25,20:58:19,04,MTP028,STP110,I,F,207.67,18.258055555555554,-19.2835,29.1255,35
11175,2,2020-05-25,21:30:56,10,MTP028,STP110,E,F,207.68,10.332777777777778,77.2692,-97.6902,35
11178,1,2020-05-26,02:52:38,11,MTP028,STP110,I,F,207.82,18.233888888888888,-17.5637,-57.4392,35
11178,2,2020-05-26,03:24:54,12,MTP028,STP110,E,F,207.83,10.271666666666668,77.1122,175.2831,35
11180,1,2020-05-26,06:48:43,03,MTP028,STP110,I,F,207.91,18.22111111111111,-16.6583,-115.0581,35
11180,2,2020-05-26,07:20:42,06,MTP028,STP110,E,F,207.93,10.32638888888889,77.1552,118.7344,35
11182,1,2020-05-26,11:08:16,09,MTP028,STP110,C,F,208.02,18.484166666666667,69.6302,-174.2616,35
11183,1,2020-05-26,12:42:54,05,MTP028,STP110,I,F,208.06,18.1975,-14.9677,158.4209,35
11183,2,2020-05-26,13:14:29,04,MTP028,STP110,E,F,208.08,10.307777777777778,77.0641,32.3893,35
11184,1,2020-05-26,14:41:00,12,MTP028,STP110,I,F,208.11,18.190555555555555,-14.4546,129.582,35
11184,2,2020-05-26,15:12:27,11,MTP028,STP110,E,F,208.13,10.309722222222224,77.0464,3.7196,35
11187,1,2020-05-26,20:35:09,10,MTP028,STP110,I,F,208.26,18.170833333333334,-13.0308,43.1309,35
11187,2,2020-05-26,21:06:12,03,MTP028,STP110,E,F,208.28,10.350833333333332,77.0468,-81.7223,35
11190,1,2020-05-27,02:29:29,06,MTP028,STP110,I,F,208.41,18.145,-11.1658,-43.4582,35
11190,2,2020-05-27,03:00:08,05,MTP028,STP110,E,F,208.42,10.271666666666668,76.8606,-169.0154,35
11192,1,2020-05-27,06:25:36,04,MTP028,STP110,I,F,208.51,18.130833333333335,-10.14,-101.1151,35
11192,2,2020-05-27,06:55:56,10,MTP028,STP110,E,F,208.52,10.355833333333333,76.9508,134.8824,35
11194,1,2020-05-27,10:21:42,11,MTP028,STP110,I,F,208.61,18.114722222222223,-8.982,-158.7924,35
11194,2,2020-05-27,10:51:47,12,MTP028,STP110,E,F,208.62,10.295,76.8145,76.5904,35
11198,1,2020-05-27,18:14:07,09,MTP028,STP110,I,F,208.81,18.083055555555557,-6.6996,85.8071,35
11198,2,2020-05-27,18:43:36,06,MTP028,STP110,E,F,208.82,10.299722222222222,76.7392,-38.1141,35
11200,1,2020-05-27,22:10:12,05,MTP028,STP110,I,F,208.91,18.066666666666666,-5.5226,28.1282,35
11200,2,2020-05-27,22:39:23,04,MTP028,STP110,E,F,208.92,10.30388888888889,76.7042,-95.413,35
11203,1,2020-05-28,04:04:37,10,MTP028,STP110,I,F,209.06,18.039166666666667,-3.5539,-58.5062,35
11203,2,2020-05-28,04:33:20,11,MTP028,STP110,E,F,209.07,10.256388888888889,76.5643,177.7669,35
11205,1,2020-05-28,08:00:44,12,MTP028,STP110,I,F,209.16,18.023888888888887,-2.4523,-116.1807,35
11205,2,2020-05-28,08:29:09,03,MTP028,STP110,E,F,209.17,10.280833333333334,76.563,120.763,35
11208,1,2020-05-28,13:55:05,06,MTP028,STP110,I,F,209.31,17.99388888888889,-0.3345,157.1674,35
11208,2,2020-05-28,14:22:59,05,MTP028,STP110,E,F,209.32,10.225,76.4065,33.8441,35
11211,1,2020-05-28,19:49:25,04,MTP028,STP110,I,F,209.46,17.96861111111111,1.4402,70.5847,35
11211,2,2020-05-28,20:16:50,10,MTP028,STP110,E,F,209.47,10.22,76.3354,-52.3132,35
11213,1,2020-05-28,23:45:35,11,MTP028,STP110,I,F,209.56,17.948333333333334,2.8496,12.8286,35
11213,2,2020-05-29,00:12:38,12,MTP028,STP110,E,F,209.57,10.218333333333334,76.2909,-109.6993,35
11216,1,2020-05-29,05:40:03,03,MTP028,STP110,I,F,209.71,17.918055555555558,4.9246,-73.8577,35
11216,2,2020-05-29,06:06:34,06,MTP028,STP110,E,F,209.72,10.19,76.1782,163.7689,35
11218,1,2020-05-29,09:36:14,05,MTP028,STP110,I,F,209.81,17.897222222222222,6.3343,-131.6304,35
11218,2,2020-05-29,10:02:24,04,MTP028,STP110,E,F,209.82,10.166111111111112,76.093,106.037,35
11220,1,2020-05-29,13:32:30,10,MTP028,STP110,I,F,209.91,17.874166666666667,7.8702,170.5473,35
11220,2,2020-05-29,13:58:19,11,MTP028,STP110,E,F,209.92,10.110277777777778,75.947,47.8092,35
11224,1,2020-05-29,21:24:59,12,MTP028,STP110,I,F,210.11,17.834999999999997,10.4437,55.0149,35
11224,2,2020-05-29,21:50:06,09,MTP028,STP110,E,F,210.12,10.092222222222222,75.8275,-67.2375,35
11226,1,2020-05-30,01:21:16,06,MTP028,STP110,I,F,210.21,17.810833333333335,11.9994,-2.8285,35
11226,2,2020-05-30,01:46:04,05,MTP028,STP110,E,F,210.22,10.003055555555555,75.6056,-125.976,35
11229,1,2020-05-30,07:15:46,04,MTP028,STP110,I,F,210.36,17.775555555555556,14.2102,-89.5962,35
11229,2,2020-05-30,07:39:57,10,MTP028,STP110,E,F,210.37,10.011944444444444,75.5602,148.067,35
11231,1,2020-05-30,11:11:59,11,MTP028,STP110,I,F,210.46,17.750555555555554,15.7312,-147.4356,35
11231,2,2020-05-30,11:35:49,12,MTP028,STP110,E,F,210.47,9.944166666666668,75.3731,89.6705,35
11237,1,2020-05-30,23:00:50,10,MTP028,STP111,I,F,210.76,17.675555555555558,20.1359,38.9936,35
11237,2,2020-05-30,23:23:31,11,MTP028,STP111,E,F,210.76,9.871666666666668,75.0799,-83.5836,35
11239,1,2020-05-31,02:57:13,12,MTP028,STP111,I,F,210.86,17.645833333333332,21.795,-18.9543,35
11239,2,2020-05-31,03:19:36,03,MTP028,STP111,E,F,210.86,9.740833333333333,74.7168,-142.9743,35
11241,1,2020-05-31,06:53:37,06,MTP028,STP111,I,F,210.96,17.61527777777778,23.4587,-76.9238,35
11241,2,2020-05-31,07:15:32,05,MTP028,STP111,E,F,210.96,9.744444444444444,74.6814,159.6798,35
11244,1,2020-05-31,12:48:00,04,MTP028,STP111,I,F,211.11,17.570833333333333,25.7947,-163.8073,35
11244,2,2020-05-31,13:09:25,10,MTP028,STP111,E,F,211.11,9.621111111111112,74.2838,71.7409,35
11248,1,2020-05-31,20:40:41,11,MTP028,STP111,I,F,211.31,17.510833333333334,28.7498,80.3038,35
11248,2,2020-05-31,21:01:21,12,MTP028,STP111,E,F,211.31,9.543333333333333,73.9678,-44.2374,35
11250,1,2020-06-01,00:36:57,03,MTP028,STP111,I,F,211.41,17.475555555555555,30.4128,22.2962,35
11250,2,2020-06-01,00:57:13,06,MTP028,STP111,E,F,211.41,9.496388888888887,73.7801,-102.3185,35
11254,1,2020-06-01,08:29:47,05,MTP028,STP111,I,F,211.61,17.400555555555552,33.7374,-93.8532,35
11254,2,2020-06-01,08:49:17,04,MTP028,STP111,E,F,211.61,9.364444444444445,73.2577,140.8612,35
11256,1,2020-06-01,12:26:01,10,MTP028,STP111,I,F,211.71,17.364444444444445,35.2309,-151.8635,35
11256,2,2020-06-01,12:45:15,11,MTP028,STP111,E,F,211.71,9.2525,72.812,81.7778,35
11261,1,2020-06-01,22:16:48,12,MTP028,STP111,I,F,211.96,17.269166666666667,38.8738,62.9864,35
11261,2,2020-06-01,22:35:15,09,MTP028,STP111,E,F,211.96,9.09,72.0498,-64.1889,35
11285,1,2020-06-03,21:47:48,09,MTP028,STP111,C,F,213.17,7.639722222222222,68.3318,-55.0175,35
11298,1,2020-06-04,22:26:57,09,MTP028,STP111,C,P,213.8,19.204722222222223,-50.6181,118.6306,35
11314,1,2020-06-06,06:35:45,06,MTP028,STP111,I,F,214.62,15.779166666666667,65.3121,-41.9648,35
11314,2,2020-06-06,06:54:26,05,MTP028,STP111,E,F,214.63,7.001666666666667,45.6501,-178.1726,35
11323,1,2020-06-07,00:17:50,10,MTP028,STP112,I,F,215.07,15.516666666666667,67.1201,55.729,35
11323,2,2020-06-07,00:37:54,11,MTP028,STP112,E,F,215.08,6.795833333333333,38.8162,-79.9645,35
11325,1,2020-06-07,04:13:44,12,MTP028,STP112,I,F,215.17,15.46888888888889,67.3983,-2.3759,35
11325,2,2020-06-07,04:34:09,03,MTP028,STP112,E,F,215.18,6.755,37.2866,-138.049,35
11330,1,2020-06-07,14:03:41,06,MTP028,STP112,I,F,215.42,15.351666666666667,68.034,-147.6463,35
11330,2,2020-06-07,14:25:04,05,MTP028,STP112,E,F,215.43,6.651111111111112,33.1034,76.6414,35
11335,1,2020-06-07,23:53:33,04,MTP028,STP112,I,F,215.67,15.271666666666668,68.3928,67.6629,35
11335,2,2020-06-08,00:15:54,10,MTP028,STP112,E,F,215.68,6.5649999999999995,29.3167,-68.3735,35
11338,1,2020-06-08,05:47:23,11,MTP028,STP112,I,F,215.83,15.229444444444445,68.5656,-19.0464,35
11338,2,2020-06-08,06:10:19,12,MTP028,STP112,E,F,215.84,6.514166666666667,26.9493,-155.357,35
11341,1,2020-06-08,11:41:27,09,MTP028,STP112,I,F,215.98,15.136111111111111,69.0112,-106.576,35
11341,2,2020-06-08,12:04:52,06,MTP028,STP112,E,F,215.99,6.466388888888889,24.639,117.6789,35
11344,1,2020-06-08,17:35:12,05,MTP028,STP112,I,F,216.13,15.108888888888888,69.0829,166.9622,35
11344,2,2020-06-08,17:59:14,04,MTP028,STP112,E,F,216.14,6.420833333333333,22.3639,30.7914,35
11346,1,2020-06-08,21:31:08,10,MTP028,STP112,I,F,216.23,15.093055555555557,69.1186,109.3272,35
11346,2,2020-06-08,21:55:33,11,MTP028,STP112,E,F,216.24,6.394166666666667,20.9964,-27.0955,35
11348,1,2020-06-09,01:27:02,12,MTP028,STP112,I,F,216.33,15.055833333333334,69.2627,51.3854,35
11348,2,2020-06-09,01:51:50,03,MTP028,STP112,E,F,216.34,6.363333333333333,19.4017,-85.0355,35
11351,1,2020-06-09,07:20:52,06,MTP028,STP112,I,F,216.48,15.031944444444445,69.3127,-35.0454,35
11351,2,2020-06-09,07:46:14,05,MTP028,STP112,E,F,216.49,6.3225,17.2314,-171.8605,35
11354,1,2020-06-09,13:14:50,04,MTP028,STP112,I,F,216.63,14.950833333333332,69.6401,-122.3706,35
11354,2,2020-06-09,13:40:41,10,MTP028,STP112,E,F,216.64,6.280555555555556,14.9763,101.284,35
11356,1,2020-06-09,17:10:36,11,MTP028,STP112,I,F,216.73,14.956666666666665,69.565,-179.6365,35
11356,2,2020-06-09,17:36:52,12,MTP028,STP112,E,F,216.74,6.254722222222222,13.5733,43.4446,35
11359,1,2020-06-09,23:04:31,03,MTP028,STP112,I,F,216.88,14.929722222222221,69.6237,93.8646,35
11359,2,2020-06-09,23:31:16,06,MTP028,STP112,E,F,216.9,6.221111111111111,11.7089,-43.2732,35
11361,1,2020-06-10,03:00:23,05,MTP028,STP112,I,F,216.99,14.8925,69.7515,35.9283,35
11361,2,2020-06-10,03:27:30,04,MTP028,STP112,E,F,217.0,6.194166666666667,10.2118,-101.1434,35
11365,1,2020-06-10,10:52:14,10,MTP028,STP112,I,F,217.19,14.859444444444444,69.81,-79.3481,35
11365,2,2020-06-10,11:20:03,11,MTP028,STP112,E,F,217.2,6.144722222222223,7.4615,143.1649,35
11367,1,2020-06-10,14:48:06,12,MTP028,STP112,I,F,217.29,14.816944444444443,69.9538,-137.3632,35
11367,2,2020-06-10,15:16:12,09,MTP028,STP112,E,F,217.3,6.121666666666666,6.16,85.3711,35
11370,1,2020-06-10,20:41:55,06,MTP028,STP112,I,F,217.44,14.806111111111111,69.9338,136.4067,35
11370,2,2020-06-10,21:10:30,05,MTP028,STP112,E,F,217.45,6.09,4.3854,-1.2888,35
11372,1,2020-06-11,00:37:47,04,MTP028,STP112,I,F,217.54,14.805000000000001,69.8935,79.0132,35
11372,2,2020-06-11,01:06:43,10,MTP028,STP112,E,F,217.55,6.066944444444444,3.0983,-59.0957,35
11374,1,2020-06-11,04:33:37,11,MTP028,STP112,I,F,217.64,14.767222222222223,70.0123,21.0749,35
11374,2,2020-06-11,05:02:52,12,MTP028,STP112,E,F,217.65,6.043055555555555,1.7591,-116.9019,35
11378,1,2020-06-11,12:25:28,09,MTP028,STP112,I,F,217.84,14.743611111111111,70.0226,-94.0578,35
11378,2,2020-06-11,12:55:20,06,MTP028,STP112,E,F,217.86,5.998611111111111,-0.7023,127.5035,35
11380,1,2020-06-11,16:21:14,05,MTP028,STP112,I,F,217.95,14.7425,69.983,-151.4252,35
11380,2,2020-06-11,16:51:24,04,MTP028,STP112,E,F,217.96,5.9775,-1.8672,69.7611,35
11382,1,2020-06-11,20:17:06,10,MTP028,STP112,I,F,218.05,14.740555555555554,69.9471,151.1647,35
11382,2,2020-06-11,20:47:35,11,MTP028,STP112,E,F,218.06,5.958333333333334,-2.9225,12.019,35
11385,1,2020-06-12,02:10:58,12,MTP028,STP112,I,F,218.2,14.709722222222222,70.0098,64.6227,35
11385,2,2020-06-12,02:41:50,03,MTP028,STP112,E,F,218.21,5.9275,-4.6053,-74.6181,35
11387,1,2020-06-12,06:06:48,06,MTP028,STP112,I,F,218.3,14.68888888888889,70.0522,6.9421,35
11387,2,2020-06-12,06:37:57,05,MTP028,STP112,E,F,218.31,5.905833333333334,-5.7651,-132.3779,35
11390,1,2020-06-12,12:00:42,04,MTP028,STP112,I,F,218.45,14.6725,70.0528,-79.3924,35
11390,2,2020-06-12,12:32:15,12,MTP028,STP112,E,F,218.46,5.87388888888889,-7.4683,140.9531,35
11392,1,2020-06-12,15:56:31,11,MTP028,STP112,I,F,218.55,14.652777777777779,70.0889,-137.0507,35
11392,2,2020-06-12,16:28:18,10,MTP028,STP112,E,F,218.57,5.85361111111111,-8.5402,83.2263,35
11393,1,2020-06-12,18:17:21,09,MTP028,STP112,C,F,218.61,5.376388888888888,22.5426,49.5411,35
11395,1,2020-06-12,21:50:17,09,MTP028,STP112,I,F,218.7,14.663055555555555,69.9832,137.043,35
11395,2,2020-06-12,22:22:29,06,MTP028,STP112,E,F,218.72,5.826388888888888,-9.9507,-3.339,35
11397,1,2020-06-13,01:46:09,05,MTP028,STP112,I,F,218.81,14.657222222222222,69.9631,79.5807,35
11397,2,2020-06-13,02:18:38,04,MTP028,STP112,E,F,218.82,5.804444444444444,-11.0755,-61.1127,35
11399,1,2020-06-13,05:41:58,10,MTP028,STP112,I,F,218.91,14.63361111111111,70.0148,21.8618,35
11399,2,2020-06-13,06:14:41,11,MTP028,STP112,E,F,218.92,5.7844444444444445,-12.0895,-118.8338,35
11406,1,2020-06-13,19:27:29,11,MTP029,STP113,I,F,219.26,14.617222222222223,69.9295,-179.1961,35
11406,2,2020-06-13,20:01:02,12,MTP029,STP113,E,F,219.28,5.715277777777778,-15.4926,39.1139,35
11408,1,2020-06-13,23:23:24,03,MTP029,STP113,I,F,219.36,14.615555555555556,69.8929,123.3933,35
11408,2,2020-06-13,23:57:11,06,MTP029,STP113,E,F,219.38,5.696666666666667,-16.3789,-18.6106,35
11411,1,2020-06-14,05:17:09,05,MTP029,STP113,I,F,219.51,14.593055555555557,69.9184,37.0034,35
11411,2,2020-06-14,05:51:15,04,MTP029,STP113,E,F,219.53,5.666111111111111,-17.8071,-105.196,35
11413,1,2020-06-14,09:13:01,10,MTP029,STP113,I,F,219.62,14.604166666666666,69.8322,-20.2049,35
11413,2,2020-06-14,09:47:20,11,MTP029,STP113,E,F,219.63,5.6475,-18.6643,-162.9039,35
11416,1,2020-06-14,15:06:53,12,MTP029,STP113,I,F,219.77,14.574166666666667,69.8864,-106.7353,35
11416,2,2020-06-14,15:41:31,03,MTP029,STP113,E,F,219.78,5.614999999999999,-20.1344,110.4521,35
11419,1,2020-06-14,21:00:34,06,MTP029,STP113,I,F,219.92,14.590833333333334,69.7576,167.4799,35
11419,2,2020-06-14,21:35:33,05,MTP029,STP113,E,F,219.94,5.587222222222222,-21.3548,23.914,35
11421,1,2020-06-15,00:56:29,04,MTP029,STP113,I,F,220.02,14.585,69.7388,110.0029,35
11421,2,2020-06-15,01:31:38,10,MTP029,STP113,E,F,220.04,5.569444444444445,-22.1128,-33.7793,35
11423,1,2020-06-15,04:52:18,11,MTP029,STP113,I,F,220.12,14.573055555555555,69.7438,52.46,35
11423,2,2020-06-15,05:27:40,12,MTP029,STP113,E,F,220.14,5.5475,-23.0447,-91.523,35
11426,1,2020-06-15,10:46:05,09,MTP029,STP113,I,F,220.28,14.591111111111111,69.6101,-33.3291,35
11426,2,2020-06-15,11:21:45,06,MTP029,STP113,E,F,220.29,5.519444444444445,-24.2147,-178.0795,35
11429,1,2020-06-15,16:39:56,05,MTP029,STP113,I,F,220.43,14.544444444444444,69.7282,-120.1006,35
11429,2,2020-06-15,17:15:49,04,MTP029,STP113,E,F,220.44,5.487222222222222,-25.5129,95.3119,35
11432,1,2020-06-15,22:33:41,10,MTP029,STP113,I,F,220.58,14.563611111111111,69.5927,154.134,35
11432,2,2020-06-15,23:09:52,11,MTP029,STP113,E,F,220.6,5.460555555555556,-26.5593,8.7864,35
11434,1,2020-06-16,02:29:34,12,MTP029,STP113,I,F,220.68,14.55388888888889,69.5889,96.6058,35
11434,2,2020-06-16,03:05:56,09,MTP029,STP113,E,F,220.7,5.438888888888889,-27.3952,-48.9631,35
11437,1,2020-06-16,08:23:17,06,MTP029,STP113,I,F,220.83,14.552222222222223,69.5329,10.5437,35
11437,2,2020-06-16,08:59:51,05,MTP029,STP113,E,F,220.85,5.411944444444445,-28.3929,-135.456,35
11440,1,2020-06-16,14:17:09,04,MTP029,STP113,I,F,220.99,14.549722222222222,69.4802,-75.5733,35
11440,2,2020-06-16,14:54:01,10,MTP029,STP113,E,F,221.0,5.377777777777777,-29.6501,137.8808,35
11442,1,2020-06-16,18:12:55,11,MTP029,STP113,I,F,221.09,14.547777777777778,69.4467,-132.9535,35
11442,2,2020-06-16,18:49:56,12,MTP029,STP113,E,F,221.1,5.357777777777778,-30.3668,80.1903,35
11445,1,2020-06-17,00:06:45,03,MTP029,STP113,I,F,221.24,14.553055555555556,69.3645,141.0549,35
11445,2,2020-06-17,00:44:01,06,MTP029,STP113,E,F,221.26,5.329166666666667,-31.352,-6.369,35
11447,1,2020-06-17,04:02:37,05,MTP029,STP113,I,F,221.34,14.545,69.3549,83.5593,35
11447,2,2020-06-17,04:40:01,04,MTP029,STP113,E,F,221.36,5.307777777777778,-32.0783,-64.0957,35
11449,1,2020-06-17,07:58:24,10,MTP029,STP113,I,F,221.44,14.5425,69.3242,26.1641,35
11449,2,2020-06-17,08:35:57,11,MTP029,STP113,E,F,221.46,5.289166666666667,-32.6959,-121.7675,35
11453,1,2020-06-17,15:50:13,12,MTP029,STP113,I,F,221.65,14.534166666666666,69.274,-88.7268,35
11453,2,2020-06-17,16:28:03,03,MTP029,STP113,E,F,221.66,5.244722222222222,-34.14,122.7262,35
11455,1,2020-06-17,19:45:59,06,MTP029,STP113,I,F,221.75,14.536111111111111,69.2262,-146.0502,35
11455,2,2020-06-17,20:23:56,05,MTP029,STP113,E,F,221.76,5.225555555555555,-34.7345,65.0609,35
11458,1,2020-06-18,01:39:48,04,MTP029,STP113,I,F,221.9,14.545555555555556,69.1276,128.0256,35
11458,2,2020-06-18,02:17:59,10,MTP029,STP113,E,F,221.92,5.195833333333334,-35.6369,-21.5092,35
11460,1,2020-06-18,05:35:37,11,MTP029,STP113,I,F,222.0,14.535555555555556,69.1268,70.511,35
11460,2,2020-06-18,06:13:57,12,MTP029,STP113,E,F,222.02,5.171388888888889,-36.3741,-79.2756,35
11463,1,2020-06-18,11:29:23,09,MTP029,STP113,I,F,222.16,14.553055555555556,68.9965,-15.2783,35
11463,2,2020-06-18,12:07:54,06,MTP029,STP113,E,F,222.17,5.1416666666666675,-37.222,-165.817,35
11466,1,2020-06-18,17:23:14,05,MTP029,STP113,I,F,222.31,14.5225,69.0556,-101.8091,35
11466,2,2020-06-18,18:01:54,04,MTP029,STP113,E,F,222.32,5.105555555555555,-38.2436,107.5315,35
11468,1,2020-06-18,21:18:59,10,MTP029,STP113,I,F,222.41,14.546111111111111,68.9225,-158.8004,35
11468,2,2020-06-18,21:57:48,11,MTP029,STP113,E,F,222.43,5.086666666666666,-38.7487,49.8674,35
11473,1,2020-06-19,07:08:38,12,MTP029,STP113,I,F,222.66,14.536388888888888,68.8602,57.6221,35
11473,2,2020-06-19,07:47:44,09,MTP029,STP113,E,F,222.68,5.031666666666666,-40.199,-94.4606,35
11475,1,2020-06-19,11:04:29,06,MTP029,STP113,I,F,222.77,14.551666666666668,68.7597,0.4789,35
11475,2,2020-06-19,11:43:41,05,MTP029,STP113,E,F,222.78,5.011666666666667,-40.6982,-152.1539,35
11478,1,2020-06-19,16:58:21,04,MTP029,STP113,I,F,222.92,14.530555555555557,68.7833,-85.915,35
11481,1,2020-06-19,23:31:32,10,MTP029,STP113,E,F,223.09,4.942777777777778,-42.371,34.6301,35
11483,1,2020-06-20,03:27:33,11,MTP029,STP113,E,F,223.19,4.9188888888888895,-42.9311,-23.1406,35
11486,1,2020-06-20,08:41:37,12,MTP029,STP113,I,F,223.33,14.545555555555556,68.5636,44.8653,35
11492,1,2020-06-20,20:29:09,11,MTP029,STP114,I,F,223.63,14.551666666666668,68.4196,-127.1515,35
11495,1,2020-06-21,03:03:11,12,MTP029,STP114,E,F,223.8,4.7747222222222225,-46.0274,-9.6539,35
11497,1,2020-06-21,06:59:05,03,MTP029,STP114,E,F,223.9,4.747777777777777,-46.5662,-67.4392,35
11499,1,2020-06-21,10:54:57,06,MTP029,STP114,E,F,224.01,4.725555555555555,-46.9899,-125.1478,35
11503,1,2020-06-21,18:06:23,05,MTP029,STP114,I,F,224.19,14.549722222222222,68.2103,-82.7285,35
11505,1,2020-06-21,22:02:06,04,MTP029,STP114,I,F,224.3,14.569166666666666,68.0909,-139.7736,35
11507,1,2020-06-22,01:58:01,10,MTP029,STP114,I,F,224.4,14.571388888888889,68.042,162.8749,35
11510,1,2020-06-22,08:32:32,11,MTP029,STP114,E,F,224.57,4.579166666666667,-49.6186,-82.9722,35
11512,1,2020-06-22,12:28:25,12,MTP029,STP114,E,F,224.67,4.556111111111111,-49.9929,-140.6954,35
11516,1,2020-06-22,19:39:19,03,MTP029,STP114,I,F,224.86,14.566944444444443,67.8841,-95.3462,35
11518,1,2020-06-22,23:35:07,06,MTP029,STP114,I,F,224.96,14.582222222222223,67.7812,-152.4752,35
11521,1,2020-06-23,06:10:05,05,MTP029,STP114,E,F,225.13,4.426111111111111,-52.0188,-40.8886,35
11523,1,2020-06-23,10:05:54,04,MTP029,STP114,E,F,225.23,4.3997222222222225,-52.3986,-98.6464,35
11525,1,2020-06-23,14:01:49,10,MTP029,STP114,E,F,225.33,4.3725,-52.7815,-156.4398,35
11528,1,2020-06-23,19:14:23,11,MTP029,STP114,I,F,225.47,14.586666666666668,67.5687,-79.2575,35
11530,1,2020-06-23,23:10:09,12,MTP029,STP114,I,F,225.57,14.601944444444444,67.4652,-136.378,35
11532,1,2020-06-24,03:06:04,09,MTP029,STP114,I,F,225.67,14.607222222222221,67.403,166.3184,35
11535,1,2020-06-24,09:41:18,06,MTP029,STP114,E,F,225.85,4.217777777777778,-54.8197,-85.6602,35
11540,1,2020-06-24,19:31:07,05,MTP029,STP114,E,F,226.1,4.133611111111112,-55.8297,129.6064,35
11543,1,2020-06-25,00:43:09,04,MTP029,STP114,I,F,226.24,14.626666666666667,67.1049,-148.8937,35
11545,1,2020-06-25,04:39:03,10,MTP029,STP114,I,F,226.34,14.629444444444445,67.0541,153.7663,35
11548,1,2020-06-25,11:14:32,11,MTP029,STP114,E,F,226.51,4.005277777777778,-57.2238,-101.7957,35
11550,1,2020-06-25,15:10:27,12,MTP029,STP114,E,F,226.61,3.9719444444444445,-57.565,-159.6808,35
11552,1,2020-06-25,19:06:24,09,MTP029,STP114,E,F,226.72,3.930833333333333,-57.9829,142.3094,35
11555,1,2020-06-26,00:18:11,06,MTP029,STP114,I,F,226.85,14.650555555555556,66.7686,-132.7318,35
11557,1,2020-06-26,04:14:06,05,MTP029,STP114,I,F,226.95,14.656666666666666,66.7027,169.9747,35
11559,1,2020-06-26,08:09:55,04,MTP029,STP114,I,F,227.06,14.653055555555556,66.6806,112.5617,35
11562,1,2020-06-26,14:45:41,10,MTP029,STP114,E,F,227.23,3.7533333333333334,-59.6033,-147.2011,35
11565,1,2020-06-26,20:39:34,11,MTP029,STP114,E,F,227.38,3.686666666666667,-60.1705,125.7215,35
11568,1,2020-06-27,01:51:11,12,MTP029,STP114,I,F,227.52,14.679722222222221,66.3865,-145.1789,35
11570,1,2020-06-27,05:47:05,03,MTP029,STP114,I,F,227.62,14.683055555555555,66.3333,157.4902,35
11577,1,2020-06-27,20:14:45,11,MTP029,STP115,E,F,228.0,3.4400000000000004,-62.0131,137.795,35
11579,1,2020-06-28,00:10:30,12,MTP029,STP115,E,F,228.1,3.399722222222222,-62.2821,79.8459,35
11581,1,2020-06-28,04:06:27,03,MTP029,STP115,E,F,228.2,3.3594444444444447,-62.5421,21.8499,35
11584,1,2020-06-28,09:17:59,06,MTP029,STP115,I,F,228.34,14.709722222222222,65.9426,116.3263,35
11588,1,2020-06-28,17:09:42,05,MTP029,STP115,I,F,228.54,14.732777777777779,65.7552,1.935,35
11590,1,2020-06-28,21:05:33,04,MTP029,STP115,I,F,228.65,14.725,65.7561,-55.5505,35
11593,1,2020-06-29,03:41:35,10,MTP029,STP115,E,F,228.82,3.0772222222222223,-64.1966,33.4049,35
11595,1,2020-06-29,07:37:30,11,MTP029,STP115,E,F,228.92,3.021111111111111,-64.4939,-24.8201,35
11598,1,2020-06-29,12:48:53,12,MTP029,STP115,I,F,229.06,14.751666666666667,65.4757,75.3994,35
11600,1,2020-06-29,16:44:48,03,MTP029,STP115,I,F,229.16,14.76888888888889,65.3524,18.2729,35
11604,1,2020-06-30,01:18:45,06,MTP029,STP115,E,F,229.38,2.7877777777777775,-65.5936,73.5465,35
11606,1,2020-06-30,05:14:40,05,MTP029,STP115,E,F,229.49,2.7377777777777776,-65.8051,15.4104,35
11608,1,2020-06-30,09:10:32,04,MTP029,STP115,E,F,229.59,2.6716666666666664,-66.084,-42.9523,35
11611,1,2020-06-30,14:21:56,10,MTP029,STP115,I,F,229.72,14.797222222222222,65.0031,63.1911,35
11613,1,2020-06-30,18:17:52,11,MTP029,STP115,I,F,229.83,14.807777777777778,64.911,5.9634,35
11615,1,2020-06-30,22:13:43,12,MTP029,STP115,I,F,229.93,14.801111111111112,64.9085,-51.5029,35
11618,1,2020-07-01,04:49:43,09,MTP029,STP115,E,F,230.1,2.39,-67.1062,26.0055,35
11620,1,2020-07-01,08:45:39,06,MTP029,STP115,E,F,230.2,2.319722222222222,-67.3379,-32.4363,35
11624,1,2020-07-01,15:55:00,05,MTP029,STP115,I,F,230.39,14.844166666666668,64.5149,51.0016,35
11628,1,2020-07-01,23:46:45,04,MTP029,STP115,I,F,230.6,14.844722222222222,64.4381,-63.7336,35
11631,1,2020-07-02,06:22:45,10,MTP029,STP115,E,F,230.77,1.9708333333333334,-68.3035,6.8367,35
11633,1,2020-07-02,10:18:37,11,MTP029,STP115,E,F,230.87,1.8902777777777777,-68.5002,-51.7423,35
11635,1,2020-07-02,14:14:22,12,MTP029,STP115,E,F,230.98,1.8316666666666666,-68.6262,-109.9656,35
11638,1,2020-07-02,19:26:06,09,MTP029,STP115,I,F,231.11,14.896666666666667,63.9703,10.1868,35
11640,1,2020-07-02,23:21:55,06,MTP029,STP115,I,F,231.22,14.889999999999999,63.9702,-47.2677,35
11642,1,2020-07-03,03:17:43,05,MTP029,STP115,I,F,231.32,14.908055555555556,63.8321,-104.3511,35
11645,1,2020-07-03,09:53:37,04,MTP029,STP115,E,F,231.49,1.4627777777777777,-69.3214,-42.3268,35
11647,1,2020-07-03,13:49:23,10,MTP029,STP115,E,F,231.59,1.3930555555555555,-69.4264,-100.7226,35
11650,1,2020-07-03,19:01:15,11,MTP029,STP115,I,F,231.73,14.945555555555556,63.4711,26.7147,35
11653,1,2020-07-04,00:54:59,12,MTP029,STP115,I,F,231.88,14.942777777777778,63.4326,-59.3656,35
11656,1,2020-07-04,07:30:38,03,MTP029,STP115,E,F,232.06,1.0491666666666668,-69.848,-4.005,35
11658,1,2020-07-04,11:26:26,06,MTP029,STP115,E,F,232.16,0.9497222222222222,-69.9476,-62.8505,35
11664,1,2020-07-04,23:13:54,11,MTP029,STP116,E,F,232.47,0.7147222222222221,-70.1106,121.5462,35
11667,1,2020-07-05,04:26:00,12,MTP029,STP116,I,F,232.61,15.018333333333334,62.7262,-99.8088,35
11669,1,2020-07-05,08:21:56,03,MTP029,STP116,I,F,232.71,15.030000000000001,62.6183,-157.0208,35
11671,1,2020-07-05,12:17:47,06,MTP029,STP116,I,F,232.81,15.029444444444445,62.5852,145.6071,35
11674,1,2020-07-05,18:52:55,05,MTP029,STP116,E,F,232.98,0.3030555555555555,-70.2322,-171.3985,35
11676,1,2020-07-05,22:48:47,04,MTP029,STP116,E,F,233.09,0.21250000000000002,-70.2332,129.8735,35
11679,1,2020-07-06,04:01:10,10,MTP029,STP116,I,F,233.22,15.070555555555556,62.1812,-83.2303,35
11681,1,2020-07-06,07:57:07,11,MTP029,STP116,I,F,233.33,15.09,62.02,-140.33,35
11684,1,2020-07-06,14:31:55,12,MTP029,STP116,E,F,233.5,23.86388888888889,-70.139,-104.7502,35
11686,1,2020-07-06,18:27:43,03,MTP029,STP116,E,F,233.6,23.783611111111114,-70.0934,-163.3034,35
11689,1,2020-07-07,00:21:29,06,MTP029,STP116,E,F,233.76,23.64611111111111,-70.0023,108.586,35
11692,1,2020-07-07,05:34:20,05,MTP029,STP116,I,F,233.89,15.145555555555555,61.4545,-95.0157,35
11694,1,2020-07-07,09:30:17,04,MTP029,STP116,I,F,234.0,15.16,61.3203,-152.1894,35
11696,1,2020-07-07,13:26:07,10,MTP029,STP116,I,F,234.1,15.160277777777779,61.2817,150.4557,35
11699,1,2020-07-07,20:00:25,11,MTP029,STP116,E,F,234.27,23.222777777777775,-69.5564,175.49,35
11701,1,2020-07-07,23:56:17,12,MTP029,STP116,E,F,234.38,23.140277777777776,-69.4402,116.8822,35
11704,1,2020-07-08,05:09:35,09,MTP029,STP116,I,F,234.51,15.217777777777778,60.7359,-78.1587,35
11706,1,2020-07-08,09:05:32,06,MTP029,STP116,I,F,234.62,15.234444444444444,60.5803,-135.2972,35
11711,1,2020-07-08,19:35:07,05,MTP029,STP116,E,F,234.89,22.711666666666666,-68.6807,-176.2667,35
11714,1,2020-07-09,01:28:52,04,MTP029,STP116,E,F,235.05,22.589166666666664,-68.4075,95.8518,35
11716,1,2020-07-09,05:24:32,10,MTP029,STP116,E,F,235.15,22.5075,-68.2113,37.3079,35
11719,1,2020-07-09,10:38:47,11,MTP029,STP116,I,F,235.29,15.316666666666666,59.7342,-146.9869,35
11721,1,2020-07-09,14:34:37,12,MTP029,STP116,I,F,235.39,15.319444444444445,59.6774,155.6952,35
11723,1,2020-07-09,18:30:28,03,MTP029,STP116,I,F,235.5,15.342222222222222,59.4633,98.6738,35
11727,1,2020-07-10,02:22:18,06,MTP029,STP116,I,F,235.7,15.363333333333333,59.2255,-15.772,35
11727,2,2020-07-10,03:01:21,05,MTP029,STP116,E,F,235.72,22.069444444444443,-66.9393,75.3218,35
11729,1,2020-07-10,06:18:07,04,MTP029,STP116,I,F,235.81,15.383888888888889,59.0246,-72.8207,35
11729,2,2020-07-10,06:57:04,10,MTP029,STP116,E,F,235.82,22.003611111111113,-66.7084,17.0016,35
11732,1,2020-07-10,12:12:04,11,MTP029,STP116,I,F,235.96,15.409166666666668,58.7647,-158.5284,35
11732,2,2020-07-10,12:50:47,12,MTP029,STP116,E,F,235.98,21.868333333333332,-66.2199,-71.0558,35
11734,1,2020-07-10,16:07:53,09,MTP029,STP116,I,F,236.06,15.416111111111112,58.6715,144.22,35
11734,2,2020-07-10,16:46:30,06,MTP029,STP116,E,F,236.08,21.80527777777778,-65.9677,-129.3337,35
11738,1,2020-07-10,23:59:47,05,MTP029,STP116,I,F,236.27,15.458888888888888,58.2398,30.0849,35
11738,2,2020-07-11,00:38:05,04,MTP029,STP116,E,F,236.29,21.65833333333333,-65.3497,113.7621,35
11740,1,2020-07-11,03:55:36,10,MTP029,STP116,I,F,236.37,15.464166666666666,58.1603,-27.1902,35
11740,2,2020-07-11,04:33:46,11,MTP029,STP116,E,F,236.39,21.58888888888889,-65.0349,55.3951,35
11744,1,2020-07-11,11:47:27,12,MTP029,STP116,I,F,236.58,15.507222222222222,57.7128,-141.3081,35
11744,2,2020-07-11,12:25:19,09,MTP029,STP116,E,F,236.6,21.439166666666665,-64.3143,-61.5391,35
11748,1,2020-07-11,19:39:10,12,MTP030,STP117,I,F,236.79,15.54,57.3475,104.4532,35
11748,2,2020-07-11,20:16:43,03,MTP030,STP117,E,F,236.8,21.3075,-63.6141,-178.1681,35
11751,1,2020-07-12,01:33:06,06,MTP030,STP117,I,F,236.94,15.56,57.1128,18.6678,35
11751,2,2020-07-12,02:10:25,05,MTP030,STP117,E,F,236.96,21.210555555555555,-63.0585,94.3478,35
11754,1,2020-07-12,07:26:52,04,MTP030,STP117,I,F,237.1,15.59138888888889,56.7666,-66.9064,35
11754,2,2020-07-12,08:03:55,10,MTP030,STP117,E,F,237.11,21.112222222222222,-62.4616,6.897,35
11756,1,2020-07-12,11:22:53,11,MTP030,STP117,I,F,237.2,15.617222222222223,56.4843,-123.9206,35
11756,2,2020-07-12,11:59:42,12,MTP030,STP117,E,F,237.22,21.031944444444445,-61.9522,-51.6548,35
11758,1,2020-07-12,15:18:46,03,MTP030,STP117,I,F,237.3,15.626111111111111,56.3657,178.839,35
11758,2,2020-07-12,15:55:24,06,MTP030,STP117,E,F,237.32,20.96638888888889,-61.5102,-109.9664,35
11761,1,2020-07-12,21:12:38,05,MTP030,STP117,I,F,237.46,15.664444444444445,55.9347,93.3513,35
11761,2,2020-07-12,21:48:58,04,MTP030,STP117,E,F,237.48,20.873333333333335,-60.849,162.6486,35
11765,1,2020-07-13,05:04:26,10,MTP030,STP117,I,F,237.67,15.69111111111111,55.5975,-21.0002,35
11765,2,2020-07-13,05:40:24,11,MTP030,STP117,E,F,237.68,20.75777777777778,-59.9652,46.2525,35
11767,1,2020-07-13,09:00:23,12,MTP030,STP117,I,F,237.77,15.72638888888889,55.2014,-77.8634,35
11767,2,2020-07-13,09:36:06,09,MTP030,STP117,E,F,237.79,20.69472222222222,-59.4563,-12.0234,35
11772,1,2020-07-13,18:50:08,06,MTP030,STP117,I,F,238.03,15.768055555555556,54.6716,139.3267,35
11772,2,2020-07-13,19:25:19,05,MTP030,STP117,E,F,238.04,20.540000000000003,-58.1187,-157.6501,35
11774,1,2020-07-13,22:46:08,04,MTP030,STP117,I,F,238.13,15.796666666666667,54.3273,82.355,35
11774,2,2020-07-13,23:21:04,10,MTP030,STP117,E,F,238.15,20.482777777777777,-57.5853,144.1513,35
11779,1,2020-07-14,08:35:57,11,MTP030,STP117,I,F,238.39,15.851944444444444,53.6207,-60.2651,35
11779,2,2020-07-14,09:10:15,12,MTP030,STP117,E,F,238.41,20.342777777777776,-56.1905,-1.2474,35
11781,1,2020-07-14,12:31:58,09,MTP030,STP117,I,F,238.5,15.878055555555555,53.2874,-117.2811,35
11781,2,2020-07-14,13:06:00,06,MTP030,STP117,E,F,238.51,20.280277777777776,-55.5279,-59.5255,35
11785,1,2020-07-14,20:23:46,05,MTP030,STP117,I,F,238.7,15.921388888888888,52.7057,128.6187,35
11785,2,2020-07-14,20:57:15,04,MTP030,STP117,E,F,238.72,20.169722222222223,-54.2781,-175.8009,35
11789,1,2020-07-15,04:15:43,10,MTP030,STP117,I,F,238.91,15.960555555555555,52.158,14.4229,35
11789,2,2020-07-15,04:48:38,11,MTP030,STP117,E,F,238.92,20.061944444444446,-52.9657,67.9351,35
11791,1,2020-07-15,08:11:38,12,MTP030,STP117,I,F,239.01,15.995277777777776,51.69,-42.4361,35
11791,2,2020-07-15,08:44:12,03,MTP030,STP117,E,F,239.03,20.009166666666665,-52.2866,9.8502,35
11796,1,2020-07-15,18:01:36,06,MTP030,STP117,I,F,239.27,16.060277777777777,50.7642,175.0461,35
11796,2,2020-07-15,18:33:19,05,MTP030,STP117,E,F,239.29,19.86888888888889,-50.3598,-135.5379,35
11798,1,2020-07-15,21:57:34,04,MTP030,STP117,I,F,239.38,16.091944444444444,50.3025,118.1314,35
11798,2,2020-07-15,22:28:57,10,MTP030,STP117,E,F,239.39,19.81527777777778,-49.5726,166.3527,35
11802,1,2020-07-16,05:49:32,11,MTP030,STP117,I,F,239.58,16.13611111111111,49.6249,4.0068,35
11802,2,2020-07-16,06:20:12,12,MTP030,STP117,E,F,239.6,19.713055555555556,-47.9792,50.2009,35
11805,1,2020-07-16,11:43:39,03,MTP030,STP117,I,F,239.74,16.202222222222222,48.6255,-81.128,35
11805,2,2020-07-16,12:13:38,06,MTP030,STP117,E,F,239.75,19.633888888888887,-46.6701,-36.9464,35
11808,1,2020-07-16,17:37:35,05,MTP030,STP117,I,F,239.89,16.233611111111113,48.1072,-166.74,35
11808,2,2020-07-16,18:06:57,04,MTP030,STP117,E,F,239.91,19.549722222222226,-45.2009,-124.1404,35
11811,1,2020-07-16,23:31:40,10,MTP030,STP117,I,F,240.05,16.29416666666667,47.1267,108.0495,35
11811,2,2020-07-17,00:00:18,11,MTP030,STP117,E,F,240.06,19.47222222222222,-43.7628,148.7551,35
11815,1,2020-07-17,07:23:38,12,MTP030,STP117,I,F,240.26,16.346666666666664,46.2169,-5.9526,35
11815,2,2020-07-17,07:51:24,09,MTP030,STP117,E,F,240.27,19.37611111111111,-41.8661,32.7332,35
11818,1,2020-07-17,13:17:54,06,MTP030,STP117,I,F,240.41,16.42027777777778,44.9349,-91.0117,35
11818,2,2020-07-17,13:44:43,05,MTP030,STP117,E,F,240.43,19.28666666666667,-39.9994,-54.5391,35
11821,1,2020-07-17,19:11:53,04,MTP030,STP117,I,F,240.57,16.460555555555555,44.1839,-176.5034,35
11821,2,2020-07-17,19:37:55,10,MTP030,STP117,E,F,240.58,19.20777777777778,-38.2512,-141.6268,35
11823,1,2020-07-17,23:08:02,11,MTP030,STP117,I,F,240.67,16.50861111111111,43.2818,126.7882,35
11823,2,2020-07-17,23:33:24,12,MTP030,STP117,E,F,240.68,19.151666666666664,-36.9563,160.2642,35
11828,1,2020-07-18,08:58:16,09,MTP030,STP117,I,F,240.93,16.605,41.3735,-15.3197,35
11828,2,2020-07-18,09:22:03,06,MTP030,STP117,E,F,240.94,19.024444444444445,-33.8234,15.1854,35
11833,1,2020-07-18,18:48:41,12,MTP030,STP118,I,F,241.19,16.714166666666667,39.0721,-157.2803,35
11833,2,2020-07-18,19:10:32,09,MTP030,STP118,E,F,241.2,18.87611111111111,-29.8639,-130.1623,35
11835,1,2020-07-18,22:44:58,06,MTP030,STP118,I,F,241.3,16.778333333333332,37.6565,146.2144,35
11835,2,2020-07-18,23:05:49,05,MTP030,STP118,E,F,241.31,18.814444444444444,-28.1093,171.6854,35
11839,1,2020-07-19,06:37:24,04,MTP030,STP118,I,F,241.5,16.866388888888892,35.5892,32.6349,35
11839,2,2020-07-19,06:56:31,10,MTP030,STP118,E,F,241.51,18.698888888888888,-24.662,55.4722,35
11930,1,2020-07-26,16:24:25,09,MTP030,STP119,C,P,246.2,4.0969444444444445,-47.7081,126.7788,35
12054,1,2020-08-05,20:20:21,12,MTP030,STP120,I,F,252.65,5.402500000000001,-19.6876,-173.1053,35
12054,2,2020-08-05,20:38:41,03,MTP030,STP120,E,F,252.66,7.317777777777778,36.9252,-148.837,35
12057,1,2020-08-06,02:13:10,06,MTP030,STP120,I,F,252.81,5.292222222222222,-22.8588,99.4353,35
12057,2,2020-08-06,02:33:18,05,MTP030,STP120,E,F,252.81,7.4447222222222225,39.3626,126.8246,35
12059,1,2020-08-06,06:08:31,04,MTP030,STP120,I,F,252.91,5.237777777777778,-24.3618,41.3805,35
12059,2,2020-08-06,06:29:22,10,MTP030,STP120,E,F,252.92,7.482222222222222,40.0338,69.9786,35
12062,1,2020-08-06,12:01:36,11,MTP030,STP120,I,F,253.07,5.142777777777778,-26.8855,-45.9123,35
12062,2,2020-08-06,12:23:47,12,MTP030,STP120,E,F,253.07,7.576111111111111,41.6647,-14.8081,35
12064,1,2020-08-06,15:56:56,03,MTP030,STP120,I,F,253.17,5.086388888888888,-28.3273,-103.9933,35
12064,2,2020-08-06,16:19:54,06,MTP030,STP120,E,F,253.18,7.633611111111111,42.6088,-71.3693,35
12068,1,2020-08-06,23:47:49,05,MTP030,STP120,I,F,253.38,4.9625,-31.3326,139.6335,35
12068,2,2020-08-07,00:12:15,04,MTP030,STP120,E,F,253.39,7.735,44.1915,175.2808,35
12070,1,2020-08-07,03:43:11,10,MTP030,STP120,I,F,253.48,4.904444444444445,-32.6647,81.5251,35
12070,2,2020-08-07,04:08:20,11,MTP030,STP120,E,F,253.49,7.793055555555555,45.0518,118.7363,35
12073,1,2020-08-07,09:36:31,12,MTP030,STP120,I,F,253.64,4.829166666666667,-34.3277,-5.5376,35
12073,2,2020-08-07,10:02:27,09,MTP030,STP120,E,F,253.65,7.846388888888889,45.8041,33.4159,35
12076,1,2020-08-07,15:29:44,06,MTP030,STP120,I,F,253.79,4.746111111111111,-36.0712,-92.6802,35
12076,2,2020-08-07,15:56:34,05,MTP030,STP120,E,F,253.8,7.926111111111111,46.8908,-51.5099,35
12078,1,2020-08-07,19:25:14,04,MTP030,STP120,I,F,253.9,4.6930555555555555,-37.1436,-150.7536,35
12078,2,2020-08-07,19:52:33,10,MTP030,STP120,E,F,253.91,7.955277777777778,47.2685,-108.4606,35
12083,1,2020-08-08,05:14:04,11,MTP030,STP120,I,F,254.15,4.5505555555555555,-39.8404,63.9096,35
12083,2,2020-08-08,05:42:43,12,MTP030,STP120,E,F,254.17,8.0725,48.7317,109.772,35
12085,1,2020-08-08,09:09:44,09,MTP030,STP120,I,F,254.26,4.501944444444445,-40.6993,5.8675,35
12085,2,2020-08-08,09:38:47,06,MTP030,STP120,E,F,254.27,8.103055555555555,49.0884,52.8194,35
12090,1,2020-08-08,18:58:39,03,MTP031,STP121,I,F,254.52,4.370833333333333,-42.8965,-139.3211,35
12090,2,2020-08-08,19:28:46,06,MTP031,STP121,E,F,254.53,8.198333333333334,50.1677,-89.2319,35
12093,1,2020-08-09,00:52:06,05,MTP031,STP121,I,F,254.67,4.278611111111111,-44.3388,133.3354,35
12093,2,2020-08-09,01:22:52,04,MTP031,STP121,E,F,254.69,8.261388888888888,50.8474,-174.4051,35
12097,1,2020-08-09,08:43:19,10,MTP031,STP121,I,F,254.88,4.1775,-45.8095,17.2247,35
12097,2,2020-08-09,09:14:47,11,MTP031,STP121,E,F,254.9,8.321666666666667,51.4612,71.7325,35
12099,1,2020-08-09,12:38:59,12,MTP031,STP121,I,F,254.99,4.119999999999999,-46.6101,-40.9538,35
12099,2,2020-08-09,13:10:50,03,MTP031,STP121,E,F,255.0,8.362222222222222,51.8683,14.9334,35
12102,1,2020-08-09,18:32:23,06,MTP031,STP121,I,F,255.14,4.046111111111111,-47.5862,-128.007,35
12102,2,2020-08-09,19:04:42,05,MTP031,STP121,E,F,255.16,8.408888888888889,52.3169,-70.4247,35
12107,1,2020-08-10,04:21:32,04,MTP031,STP121,I,F,255.4,3.8966666666666665,-49.4319,86.4753,35
12107,2,2020-08-10,04:54:41,10,MTP031,STP121,E,F,255.42,8.495,53.1119,147.3862,35
12109,1,2020-08-10,08:17:13,11,MTP031,STP121,I,F,255.5,3.8483333333333336,-49.9896,28.4305,35
12109,2,2020-08-10,08:50:37,12,MTP031,STP121,E,F,255.52,8.517222222222223,53.3045,90.3399,35
12111,1,2020-08-10,12:12:57,09,MTP031,STP121,I,F,255.61,3.7888888888888888,-50.653,-29.7881,35
12111,2,2020-08-10,12:46:39,06,MTP031,STP121,E,F,255.62,8.547222222222222,53.5662,33.3899,35
12116,1,2020-08-10,22:02:05,05,MTP031,STP121,I,F,255.87,3.6480555555555556,-52.1226,-175.1734,35
12116,2,2020-08-10,22:36:26,04,MTP031,STP121,E,F,255.88,8.611666666666666,54.1069,-109.0736,35
12120,1,2020-08-11,05:53:24,10,MTP031,STP121,I,F,256.08,3.5275,-53.2792,68.3975,35
12120,2,2020-08-11,06:28:18,11,MTP031,STP121,E,F,256.09,8.677777777777777,54.6455,137.163,35
12123,1,2020-08-11,11:47:04,12,MTP031,STP121,I,F,256.23,3.4461111111111116,-54.0109,-18.8354,35
12123,2,2020-08-11,12:22:17,09,MTP031,STP121,E,F,256.25,8.709444444444443,54.8863,51.5498,35
12126,1,2020-08-11,17:40:34,06,MTP031,STP121,I,F,256.39,3.362777777777778,-54.7195,-106.0552,35
12126,2,2020-08-11,18:16:08,05,MTP031,STP121,E,F,256.4,8.755555555555556,55.2393,-33.8123,35
12129,1,2020-08-11,23:34:08,04,MTP031,STP121,I,F,256.54,3.261388888888889,-55.5348,166.4399,35
12129,2,2020-08-12,00:10:01,10,MTP031,STP121,E,F,256.56,8.775277777777779,55.3765,-119.5764,35
12133,1,2020-08-12,07:25:30,11,MTP031,STP121,I,F,256.75,3.14,-56.4429,49.986,35
12133,2,2020-08-12,08:01:50,12,MTP031,STP121,E,F,256.77,8.834444444444445,55.8082,126.5658,35
12135,1,2020-08-12,11:21:20,03,MTP031,STP121,I,F,256.85,3.0858333333333334,-56.8256,-8.1832,35
12135,2,2020-08-12,11:57:50,06,MTP031,STP121,E,F,256.87,8.853333333333333,55.9373,69.4556,35
12140,1,2020-08-12,21:10:34,05,MTP031,STP121,I,F,257.11,2.928611111111111,-57.8644,-153.8349,35
12140,2,2020-08-12,21:47:31,04,MTP031,STP121,E,F,257.13,8.900277777777777,56.2519,-73.2484,35
12143,1,2020-08-13,03:04:15,10,MTP031,STP121,I,F,257.27,2.826111111111111,-58.4896,118.6143,35
12143,2,2020-08-13,03:41:29,11,MTP031,STP121,E,F,257.29,8.944166666666668,56.55,-158.6708,35
12145,1,2020-08-13,06:59:54,12,MTP031,STP121,I,F,257.37,2.7694444444444444,-58.8159,60.4527,35
12145,2,2020-08-13,07:37:19,03,MTP031,STP121,E,F,257.39,8.966111111111111,56.6914,144.3041,35
12148,1,2020-08-13,12:53:37,06,MTP031,STP121,I,F,257.53,2.6725,-59.3499,-27.0226,35
12148,2,2020-08-13,13:31:16,05,MTP031,STP121,E,F,257.55,8.989999999999998,56.839,58.5838,35
12150,1,2020-08-13,16:49:20,04,MTP031,STP121,I,F,257.63,2.61,-59.6767,-85.2868,35
12150,2,2020-08-13,17:27:10,10,MTP031,STP121,E,F,257.65,9.021944444444445,57.0459,1.6951,35
12153,1,2020-08-13,22:42:54,11,MTP031,STP121,I,F,257.79,2.5027777777777778,-60.2085,-172.8761,35
12153,2,2020-08-13,23:20:57,12,MTP031,STP121,E,F,257.81,9.0325,57.0985,-84.1851,35
12156,1,2020-08-14,04:36:36,09,MTP031,STP121,I,F,257.94,2.4016666666666664,-60.677,99.589,35
12156,2,2020-08-14,05:14:52,06,MTP031,STP121,E,F,257.96,9.075,57.3628,-169.619,35
12159,1,2020-08-14,10:30:11,05,MTP031,STP121,I,F,258.1,2.3002777777777776,-61.1157,12.0819,35
12159,2,2020-08-14,11:08:38,04,MTP031,STP121,E,F,258.12,9.084722222222222,57.4099,104.4949,35
12161,1,2020-08-14,14:26:01,10,MTP031,STP121,I,F,258.2,2.2358333333333333,-61.3802,-46.2427,35
12161,2,2020-08-14,15:04:37,11,MTP031,STP121,E,F,258.22,9.108333333333333,57.5493,47.4583,35
12163,1,2020-08-14,18:21:43,12,MTP031,STP121,I,F,258.31,2.1688888888888886,-61.6416,-104.5631,35
12163,2,2020-08-14,19:00:28,09,MTP031,STP121,E,F,258.32,9.133888888888889,57.7008,-9.5151,35
12166,1,2020-08-15,00:15:23,06,MTP031,STP121,I,F,258.46,2.0588888888888888,-62.0489,167.7777,35
12166,2,2020-08-15,00:54:17,05,MTP031,STP121,E,F,258.48,9.14111111111111,57.7294,-95.452,35
12169,1,2020-08-15,06:09:03,04,MTP031,STP121,I,F,258.62,1.956388888888889,-62.4004,80.23,35
12169,2,2020-08-15,06:48:11,10,MTP031,STP121,E,F,258.64,9.186666666666667,57.9957,179.1673,35
12171,1,2020-08-15,10:04:46,11,MTP031,STP121,I,F,258.72,1.8794444444444445,-62.6488,21.7503,35
12171,2,2020-08-15,10:44:01,12,MTP031,STP121,E,F,258.74,9.186388888888889,57.9831,121.8099,35
12176,1,2020-08-15,19:54:13,03,MTP031,STP122,I,F,258.98,1.71,-63.1461,-124.1417,35
12178,1,2020-08-15,23:50:01,06,MTP031,STP122,I,F,259.09,1.6311111111111112,-63.3583,177.3299,35
12181,1,2020-08-16,06:23:32,05,MTP031,STP122,E,F,259.26,9.2725,58.4422,-163.7486,35
12183,1,2020-08-16,10:19:19,04,MTP031,STP122,E,F,259.36,9.270277777777778,58.4193,138.8794,35
12186,1,2020-08-16,15:33:14,10,MTP031,STP122,I,F,259.5,1.3391666666666666,-64.0324,-56.4321,35
12188,1,2020-08-16,19:28:58,11,MTP031,STP122,I,F,259.6,1.2733333333333332,-64.1612,-114.7484,35
12190,1,2020-08-16,23:24:44,12,MTP031,STP122,I,F,259.71,1.1902777777777778,-64.3149,-173.3305,35
12194,1,2020-08-17,07:56:46,03,MTP031,STP122,E,F,259.93,9.354444444444445,58.8404,-175.3897,35
12196,1,2020-08-17,11:52:38,06,MTP031,STP122,E,F,260.04,9.354166666666666,58.8289,127.2451,35
12198,1,2020-08-17,15:48:35,05,MTP031,STP122,E,F,260.14,9.366944444444444,58.8893,70.0552,35
12201,1,2020-08-17,21:01:39,04,MTP031,STP122,I,F,260.28,0.7883333333333333,-64.8858,-134.7572,35
12203,1,2020-08-18,00:57:27,10,MTP031,STP122,I,F,260.38,0.6975,-64.9805,166.5344,35
12206,1,2020-08-18,07:32:02,11,MTP031,STP122,E,F,260.56,9.418055555555554,59.128,-158.6189,35
12208,1,2020-08-18,11:27:51,12,MTP031,STP122,E,F,260.66,9.416944444444443,59.1122,144.0135,35
12211,1,2020-08-18,16:40:44,09,MTP031,STP122,I,F,260.8,0.3975,-65.1963,-67.3648,35
12213,1,2020-08-18,20:36:29,06,MTP031,STP122,I,F,260.9,0.33555555555555555,-65.2226,-125.6298,35
12216,1,2020-08-19,02:30:14,05,MTP031,STP122,I,F,261.06,0.2063888888888889,-65.2641,146.4081,35
12219,1,2020-08-19,09:05:14,04,MTP031,STP122,E,F,261.23,9.479722222222222,59.3927,-170.5533,35
12221,1,2020-08-19,13:01:04,10,MTP031,STP122,E,F,261.33,9.471388888888889,59.3416,131.9684,35
12223,1,2020-08-19,16:57:03,11,MTP031,STP122,E,F,261.44,9.48861111111111,59.421,74.8378,35
12226,1,2020-08-19,22:09:14,12,MTP031,STP122,I,F,261.58,23.84638888888889,-65.2413,-145.7174,35
12228,1,2020-08-20,02:05:04,09,MTP031,STP122,I,F,261.68,23.75888888888889,-65.2084,155.6169,35
12231,1,2020-08-20,08:40:27,06,MTP031,STP122,E,F,261.85,9.524166666666668,59.5681,-154.0538,35
12233,1,2020-08-20,12:36:17,05,MTP031,STP122,E,F,261.96,9.520000000000001,59.5385,148.5285,35
12236,1,2020-08-20,17:48:28,04,MTP031,STP122,I,F,262.09,23.47972222222222,-65.021,-77.9934,35
12238,1,2020-08-20,21:44:11,10,MTP031,STP122,I,F,262.2,23.413888888888888,-64.9591,-136.3087,35
12240,1,2020-08-21,01:40:01,11,MTP031,STP122,I,F,262.3,23.333055555555557,-64.8754,165.1246,35
12244,1,2020-08-21,10:13:35,12,MTP031,STP122,E,F,262.53,9.565277777777778,59.7203,-166.2835,35
12248,1,2020-08-21,18:05:24,09,MTP031,STP122,E,F,262.73,9.569444444444445,59.726,79.0362,35
12250,1,2020-08-21,22:01:11,06,MTP031,STP122,E,F,262.84,9.580277777777777,59.7711,21.855,35
12253,1,2020-08-22,03:12:56,05,MTP031,STP122,I,F,262.97,22.88361111111111,-64.2122,145.5937,35
12255,1,2020-08-22,07:08:50,04,MTP031,STP122,I,F,263.08,22.822777777777777,-64.095,87.3102,35
12258,1,2020-08-22,17:40:37,03,MTP031,STP123,E,F,263.36,9.594166666666668,59.8046,95.2385,35
12262,1,2020-08-22,21:36:27,06,MTP031,STP123,E,F,263.46,9.608611111111111,59.8668,38.1034,35
12265,1,2020-08-23,02:47:59,05,MTP031,STP123,I,F,263.6,22.49888888888889,-63.3611,155.6937,35
12267,1,2020-08-23,06:43:55,04,MTP031,STP123,I,F,263.7,22.438333333333333,-63.2013,97.4111,35
12269,1,2020-08-23,10:39:40,10,MTP031,STP123,I,F,263.8,22.384722222222223,-63.0525,39.2734,35
12272,1,2020-08-23,17:15:47,11,MTP031,STP123,E,F,263.98,9.61,59.8441,111.3217,35
12274,1,2020-08-23,21:11:39,12,MTP031,STP123,E,F,264.08,9.625,59.908,54.1843,35
12276,1,2020-08-24,01:07:26,09,MTP031,STP123,E,F,264.18,9.618055555555555,59.8706,-3.2574,35
12280,1,2020-08-24,08:16:56,06,MTP031,STP123,I,F,264.37,22.052500000000002,-61.9965,78.8051,35
12282,1,2020-08-24,12:12:42,05,MTP031,STP123,I,F,264.48,21.998611111111114,-61.8006,20.6592,35
12285,1,2020-08-24,18:48:58,04,MTP031,STP123,E,F,264.65,9.627222222222223,59.8883,98.7206,35
12287,1,2020-08-24,22:44:46,10,MTP031,STP123,E,F,264.75,9.637777777777778,59.9327,41.5363,35
12290,1,2020-08-25,03:56:10,11,MTP031,STP123,I,F,264.89,21.77,-60.8894,147.7887,35
12292,1,2020-08-25,07:52:05,12,MTP031,STP123,I,F,264.99,21.719166666666666,-60.6673,89.6525,35
12294,1,2020-08-25,11:47:52,03,MTP031,STP123,I,F,265.1,21.6725,-60.4565,31.6116,35
12297,1,2020-08-25,18:24:09,06,MTP031,STP123,E,F,265.27,9.629444444444445,59.8697,114.5933,35
12299,1,2020-08-25,22:20:00,05,MTP031,STP123,E,F,265.37,9.641388888888889,59.9215,57.419,35
12302,1,2020-08-26,04:13:43,04,MTP031,STP123,E,F,265.53,9.628333333333334,59.8545,-28.7963,35
12305,1,2020-08-26,09:25:13,10,MTP031,STP123,I,F,265.67,21.38888888888889,-59.037,71.8555,35
12307,1,2020-08-26,13:20:59,11,MTP031,STP123,I,F,265.77,21.341388888888886,-58.7725,13.8045,35
12310,1,2020-08-26,19:57:17,12,MTP031,STP123,E,F,265.94,9.630833333333333,59.85,101.7737,35
12312,1,2020-08-26,23:53:06,03,MTP031,STP123,E,F,266.05,9.6375,59.8769,44.5237,35
12315,1,2020-08-27,05:04:32,06,MTP031,STP123,I,F,266.18,21.14527777777778,-57.5996,141.4041,35
12317,1,2020-08-27,09:00:26,05,MTP031,STP123,I,F,266.29,21.103611111111114,-57.3312,83.4077,35
12321,1,2020-08-27,16:52:11,04,MTP031,STP123,I,F,266.49,21.010555555555555,-56.7071,-32.7127,35
12324,1,2020-08-27,23:28:16,10,MTP031,STP123,E,F,266.67,9.62888888888889,59.815,60.2356,35
12326,1,2020-08-28,03:24:05,11,MTP031,STP123,E,F,266.77,9.615277777777777,59.7491,2.6866,35
12328,1,2020-08-28,07:20:00,12,MTP031,STP123,E,F,266.87,9.612499999999999,59.7323,-54.7281,35
12332,1,2020-08-28,14:29:27,09,MTP031,STP123,I,F,267.06,20.77861111111111,-54.9835,8.3236,35
12334,1,2020-08-28,18:25:26,06,MTP031,STP123,I,F,267.16,20.733055555555556,-54.6151,-49.7469,35
12337,1,2020-08-29,01:01:22,05,MTP031,STP123,E,F,267.34,9.608611111111111,59.7019,47.099,35
12339,1,2020-08-29,04:57:13,04,MTP031,STP123,E,F,267.44,9.594166666666668,59.6302,-10.4762,35
12342,1,2020-08-29,10:09:00,10,MTP031,STP123,I,F,267.58,20.575277777777778,-53.2565,78.4199,35
12347,1,2020-08-29,19:58:46,03,MTP031,STP124,I,F,267.83,20.474166666666665,-52.3142,-66.5232,35
12349,1,2020-08-29,23:54:37,06,MTP031,STP124,I,F,267.94,20.440833333333334,-51.989,-124.3803,35
12352,1,2020-08-30,06:30:22,05,MTP031,STP124,E,F,268.11,9.565833333333334,59.4792,-23.7519,35
12355,1,2020-08-30,12:24:12,04,MTP031,STP124,E,F,268.27,9.567777777777778,59.4867,-109.77,35
12357,1,2020-08-30,16:20:00,10,MTP031,STP124,E,F,268.37,9.555833333333334,59.4265,-167.2941,35
12360,1,2020-08-30,21:32:08,11,MTP031,STP124,I,F,268.51,20.235,-49.8314,-83.0144,35
12362,1,2020-08-31,01:27:58,12,MTP031,STP124,I,F,268.61,20.204166666666666,-49.4831,-140.8304,35
12365,1,2020-08-31,08:03:32,03,MTP031,STP124,E,F,268.78,9.529722222222222,59.2922,-37.1453,35
12370,1,2020-08-31,17:53:11,06,MTP031,STP124,E,F,269.04,9.512777777777778,59.204,179.2006,35
12373,1,2020-08-31,23:05:34,05,MTP031,STP124,I,F,269.18,20.011944444444445,-47.16,-99.2784,35
12375,1,2020-09-01,03:01:25,04,MTP031,STP124,I,F,269.28,19.980555555555554,-46.7527,-157.1077,35
12377,1,2020-09-01,06:57:21,10,MTP031,STP124,I,F,269.38,19.944166666666668,-46.2695,144.9684,35
12380,1,2020-09-01,13:32:35,11,MTP031,STP124,E,F,269.56,9.485277777777776,59.0608,-108.033,35
12382,1,2020-09-01,17:28:24,12,MTP031,STP124,E,F,269.66,9.469722222222222,58.9814,-165.6143,35
12384,1,2020-09-01,21:24:23,09,MTP031,STP124,E,F,269.76,9.456388888888888,58.9115,136.7959,35
12387,1,2020-09-02,02:36:59,06,MTP031,STP124,I,F,269.9,19.78777777777778,-44.0734,-144.2497,35
12389,1,2020-09-02,06:32:54,05,MTP031,STP124,I,F,270.0,19.752777777777776,-43.5486,157.8461,35
12393,1,2020-09-02,13:53:56,06,MTP031,STP124,C,F,270.19,11.052222222222223,-58.8912,-79.9131,35
12395,1,2020-09-02,19:01:39,04,MTP031,STP124,E,F,270.33,9.406944444444445,58.6499,-179.4269,35
12397,1,2020-09-02,22:57:36,10,MTP031,STP124,E,F,270.43,9.399166666666666,58.6088,123.0728,35
12400,1,2020-09-03,04:10:33,11,MTP031,STP124,I,F,270.57,19.58888888888889,-40.9466,-160.188,35
12402,1,2020-09-03,08:06:32,12,MTP031,STP124,I,F,270.67,19.554722222222225,-40.372,141.9117,35
12404,1,2020-09-03,12:02:31,09,MTP031,STP124,I,F,270.77,19.528888888888886,-39.9299,84.137,35
12407,1,2020-09-03,18:36:53,06,MTP031,STP124,E,F,270.95,9.346111111111112,58.3195,-164.5139,35
12409,1,2020-09-03,22:32:51,05,MTP031,STP124,E,F,271.05,9.334166666666667,58.2533,137.9217,35
12411,1,2020-09-04,02:28:40,04,MTP031,STP124,E,F,271.15,9.335555555555556,58.2615,80.5882,35
12414,1,2020-09-04,07:42:12,10,MTP031,STP124,I,F,271.29,19.38111111111111,-37.2531,155.0269,35
12416,1,2020-09-04,11:38:14,11,MTP031,STP124,I,F,271.39,19.354166666666668,-36.738,97.2213,35
12419,1,2020-09-04,18:12:08,12,MTP031,STP124,E,F,271.56,9.281666666666668,57.9582,-149.6613,35
12421,1,2020-09-04,22:08:06,03,MTP031,STP124,E,F,271.67,9.261111111111111,57.84,152.6443,35
12424,1,2020-09-05,03:22:01,06,MTP031,STP124,I,F,271.8,19.24277777777778,-34.5225,-133.9736,35
12426,1,2020-09-05,07:17:59,05,MTP031,STP124,I,F,271.91,19.211944444444445,-33.8846,168.1819,35
12434,1,2020-09-05,23:41:24,06,MTP032,STP125,E,F,272.33,9.168888888888889,57.291,138.3712,35
12438,1,2020-09-06,06:53:50,05,MTP032,STP125,I,F,272.52,19.049166666666668,-30.318,-178.5898,35
12438,2,2020-09-06,07:33:05,04,MTP032,STP125,E,F,272.54,9.141944444444444,57.1263,23.259,35
12443,1,2020-09-06,16:43:46,10,MTP032,STP125,I,F,272.78,18.98777777777778,-28.8959,37.027,35
12443,2,2020-09-06,17:22:48,11,MTP032,STP125,E,F,272.8,9.11111111111111,56.9347,-120.6203,35
12445,1,2020-09-06,20:39:49,12,MTP032,STP125,I,F,272.88,18.956666666666667,-28.1533,-20.8459,35
12445,2,2020-09-06,21:18:45,03,MTP032,STP125,E,F,272.9,9.080555555555556,56.7382,-178.4575,35
12447,1,2020-09-07,00:35:51,06,MTP032,STP125,I,F,272.98,18.93027777777778,-27.5096,-78.6492,35
12447,2,2020-09-07,01:14:42,05,MTP032,STP125,E,F,273.0,9.070277777777777,56.6735,124.0068,35
12450,1,2020-09-07,06:29:45,04,MTP032,STP125,I,F,273.14,18.891388888888887,-26.5566,-165.2983,35
12450,2,2020-09-07,07:08:27,10,MTP032,STP125,E,F,273.16,9.042777777777777,56.492,37.5605,35
12452,1,2020-09-07,10:25:50,11,MTP032,STP125,I,F,273.24,18.861666666666668,-25.8098,136.8422,35
12452,2,2020-09-07,11:04:23,12,MTP032,STP125,E,F,273.26,9.028055555555556,56.3954,-20.0372,35
12455,1,2020-09-07,16:19:49,03,MTP032,STP125,I,F,273.4,18.826666666666668,-24.9226,50.2323,35
12455,2,2020-09-07,16:58:14,06,MTP032,STP125,E,F,273.41,9.005,56.2417,-106.4369,35
12458,1,2020-09-07,22:13:53,05,MTP032,STP125,I,F,273.55,18.783611111111114,-23.8057,-36.523,35
12458,2,2020-09-07,22:52:07,04,MTP032,STP125,E,F,273.57,8.969444444444445,55.9984,166.9676,35
12460,1,2020-09-08,02:09:53,10,MTP032,STP125,I,F,273.65,18.759444444444444,-23.1733,-94.2776,35
12460,2,2020-09-08,02:48:03,11,MTP032,STP125,E,F,273.67,8.958888888888888,55.9265,109.4307,35
12463,1,2020-09-08,08:03:50,12,MTP032,STP125,I,F,273.81,18.71972222222222,-22.1124,179.0472,35
12463,2,2020-09-08,08:41:49,09,MTP032,STP125,E,F,273.82,8.926666666666666,55.7007,22.913,35
12466,1,2020-09-08,13:57:55,06,MTP032,STP125,I,F,273.96,18.683611111111112,-21.1355,92.396,35
12466,2,2020-09-08,14:35:44,05,MTP032,STP125,E,F,273.98,8.902777777777779,55.5315,-63.5154,35
12469,1,2020-09-08,19:51:53,04,MTP032,STP125,I,F,274.11,18.642777777777777,-20.01,5.7014,35
12469,2,2020-09-08,20:29:32,10,MTP032,STP125,E,F,274.13,8.867777777777778,55.277,-150.0805,35
12471,1,2020-09-08,23:48:00,11,MTP032,STP125,I,F,274.22,18.615000000000002,-19.2285,-52.1433,35
12471,2,2020-09-09,00:25:33,12,MTP032,STP125,E,F,274.23,8.841666666666667,55.0823,152.1288,35
12473,1,2020-09-09,03:44:00,09,MTP032,STP125,I,F,274.32,18.59111111111111,-18.5566,-109.8913,35
12473,2,2020-09-09,04:21:26,06,MTP032,STP125,E,F,274.34,8.831388888888888,55.0065,94.6071,35
12476,1,2020-09-09,09:38:01,05,MTP032,STP125,I,F,274.47,18.550555555555555,-17.3992,163.4067,35
12476,2,2020-09-09,10:15:15,04,MTP032,STP125,E,F,274.49,8.794722222222221,54.7278,8.0107,35
12479,1,2020-09-09,15:32:07,10,MTP032,STP125,I,F,274.63,18.515,-16.3647,76.7541,35
12479,2,2020-09-09,16:09:13,11,MTP032,STP125,E,F,274.64,8.761111111111111,54.4673,-78.572,35
12481,1,2020-09-09,19:28:04,12,MTP032,STP125,I,F,274.73,18.488055555555558,-15.5832,18.9703,35
12481,2,2020-09-09,20:05:02,03,MTP032,STP125,E,F,274.75,8.741944444444444,54.3153,-136.2146,35
12484,1,2020-09-10,01:22:15,06,MTP032,STP125,I,F,274.88,18.447222222222223,-14.3701,-67.7794,35
12484,2,2020-09-10,01:59:02,05,MTP032,STP125,E,F,274.9,8.706666666666665,54.0327,137.1702,35
12486,1,2020-09-10,05:18:14,04,MTP032,STP125,I,F,274.99,18.423055555555557,-13.6487,-125.5291,35
12486,2,2020-09-10,05:54:55,10,MTP032,STP125,E,F,275.0,8.68388888888889,53.8451,79.46,35
12489,1,2020-09-10,11:12:18,11,MTP032,STP125,I,F,275.14,18.381666666666668,-12.3984,147.739,35
12489,2,2020-09-10,11:48:46,12,MTP032,STP125,E,F,275.16,8.649722222222222,53.5627,-7.1066,35
12492,1,2020-09-10,17:06:23,03,MTP032,STP125,I,F,275.29,18.345277777777778,-11.2847,61.0807,35
12492,2,2020-09-10,17:42:39,06,MTP032,STP125,E,F,275.31,8.617777777777778,53.2897,-93.6531,35
12495,1,2020-09-10,23:00:29,05,MTP032,STP125,I,F,275.45,18.304166666666667,-10.0235,-25.6476,35
12495,2,2020-09-10,23:36:35,04,MTP032,STP125,E,F,275.46,8.567777777777778,52.8522,179.5247,35
12497,1,2020-09-11,02:56:35,10,MTP032,STP125,I,F,275.55,18.27722222222222,-9.1864,-83.4712,35
12497,2,2020-09-11,03:32:33,11,MTP032,STP125,E,F,275.57,8.553333333333335,52.7255,121.9241,35
12499,1,2020-09-11,06:52:35,12,MTP032,STP125,I,F,275.65,18.250555555555554,-8.3507,-141.2683,35
12499,2,2020-09-11,07:28:25,09,MTP032,STP125,E,F,275.67,8.525833333333335,52.4765,64.1502,35
12502,1,2020-09-11,12:46:44,12,MTP032,STP125,I,F,275.81,18.209722222222222,-7.0714,131.9934,35
12502,2,2020-09-11,13:22:22,05,MTP032,STP125,E,F,275.82,8.48472222222222,52.0968,-22.5493,35
12505,1,2020-09-11,18:40:46,04,MTP032,STP125,I,F,275.96,18.174166666666668,-5.9483,45.3617,35
12505,2,2020-09-11,19:16:14,10,MTP032,STP125,E,F,275.98,8.452499999999999,51.7929,-109.0904,35
12507,1,2020-09-11,22:36:52,11,MTP032,STP125,I,F,276.06,18.145555555555553,-5.0371,-12.487,35
12507,2,2020-09-11,23:12:13,06,MTP032,STP125,E,F,276.08,8.415277777777778,51.4312,-167.0382,35
12511,1,2020-09-12,06:29:02,09,MTP032,STP125,I,F,276.27,18.090555555555554,-3.2844,-128.1408,35
12511,2,2020-09-12,07:04:05,06,MTP032,STP125,E,F,276.28,8.370555555555557,50.9914,77.535,35
12513,1,2020-09-12,10:25:04,05,MTP032,STP125,I,F,276.37,18.06388888888889,-2.4288,174.0538,35
12513,2,2020-09-12,11:00:01,04,MTP032,STP125,E,F,276.38,8.340277777777779,50.682,19.7014,35
12514,1,2020-09-12,12:23:10,12,MTP032,STP125,I,F,276.42,18.048611111111114,-1.9414,145.1065,35
12519,1,2020-09-12,22:13:20,06,MTP032,STP126,I,F,276.68,17.982777777777777,0.1732,0.593,35
12519,2,2020-09-12,22:47:53,05,MTP032,STP126,E,F,276.69,8.253333333333334,49.7637,-153.7561,35
12522,1,2020-09-13,04:07:32,04,MTP032,STP126,I,F,276.83,17.941944444444445,1.4894,-86.1617,35
12522,2,2020-09-13,04:41:55,10,MTP032,STP126,E,F,276.85,8.212499999999999,49.3172,119.5334,35
12525,1,2020-09-13,10:01:36,11,MTP032,STP126,I,F,276.98,17.899444444444445,2.852,-172.9065,35
12525,2,2020-09-13,10:35:47,03,MTP032,STP126,E,F,277.0,8.165277777777778,48.7822,32.7637,35
12527,1,2020-09-13,13:57:45,12,MTP032,STP126,I,F,277.09,17.871666666666666,3.7503,129.2409,35
12527,2,2020-09-13,14:31:49,06,MTP032,STP126,E,F,277.1,8.136111111111111,48.4438,-25.0779,35
12530,1,2020-09-13,19:51:49,05,MTP032,STP126,I,F,277.24,17.83222222222222,5.0055,42.5449,35
12530,2,2020-09-13,20:25:42,04,MTP032,STP126,E,F,277.25,8.097222222222223,47.9876,-111.7214,35
12534,1,2020-09-14,03:44:07,10,MTP032,STP126,I,F,277.44,17.772777777777776,6.8995,-73.2114,35
12534,2,2020-09-14,04:17:47,11,MTP032,STP126,E,F,277.46,8.028333333333334,47.1399,132.433,35
12536,1,2020-09-14,07:40:08,12,MTP032,STP126,I,F,277.55,17.745833333333334,7.7533,-131.015,35
12536,2,2020-09-14,08:13:42,03,MTP032,STP126,E,F,277.56,7.997222222222223,46.7473,74.593,35
12538,1,2020-09-14,11:36:16,06,MTP032,STP126,I,F,277.65,17.71388888888889,8.7654,171.0771,35
12538,2,2020-09-14,12:09:40,05,MTP032,STP126,E,F,277.66,7.967777777777778,46.3674,16.7653,35
12542,1,2020-09-14,19:28:28,04,MTP032,STP126,I,F,277.85,17.660555555555554,10.4322,55.4426,35
12542,2,2020-09-14,20:01:40,10,MTP032,STP126,E,F,277.87,7.907222222222223,45.5618,-98.9361,35
12544,1,2020-09-14,23:24:33,11,MTP032,STP126,I,F,277.95,17.631944444444446,11.3181,-2.4005,35
12544,2,2020-09-14,23:57:39,12,MTP032,STP126,E,F,277.97,7.873055555555556,45.0936,-156.8386,35
12548,1,2020-09-15,07:16:49,09,MTP032,STP126,I,F,278.16,17.57111111111111,13.1865,-118.1672,35
12548,2,2020-09-15,07:49:41,06,MTP032,STP126,E,F,278.17,7.812777777777778,44.2448,87.4593,35
12550,1,2020-09-15,11:12:55,05,MTP032,STP126,I,F,278.26,17.538333333333334,14.1867,-176.0824,35
12550,2,2020-09-15,11:45:42,04,MTP032,STP126,E,F,278.28,7.7725,43.6538,29.4553,35
12554,1,2020-09-15,19:05:07,10,MTP032,STP126,I,F,278.47,17.484722222222224,15.7932,68.2758,35
12554,2,2020-09-15,19:37:44,11,MTP032,STP126,E,F,278.48,7.713333333333334,42.7675,-86.2285,35
12556,1,2020-09-15,23:01:12,12,MTP032,STP126,I,F,278.57,17.450555555555553,16.8077,10.3442,35
12556,2,2020-09-15,23:33:42,09,MTP032,STP126,E,F,278.58,7.680000000000001,42.2515,-144.1138,35
12559,1,2020-09-16,04:55:28,06,MTP032,STP126,I,F,278.72,17.404444444444444,18.1524,-76.5029,35
12559,2,2020-09-16,05:27:52,05,MTP032,STP126,E,F,278.73,7.626666666666667,41.4002,128.9528,35
12562,1,2020-09-16,10:49:34,04,MTP032,STP126,I,F,278.87,17.357222222222223,19.5036,-163.3228,35
12562,2,2020-09-16,11:21:50,10,MTP032,STP126,E,F,278.89,7.573888888888889,40.5252,42.0729,35
12564,1,2020-09-16,14:45:42,11,MTP032,STP126,I,F,278.98,17.3275,20.3468,138.7993,35
12564,2,2020-09-16,15:17:53,12,MTP032,STP126,E,F,278.99,7.548333333333333,40.0959,-15.7168,35
12567,1,2020-09-16,20:39:50,03,MTP032,STP126,I,F,279.13,17.2825,21.6014,52.0018,35
12567,2,2020-09-16,21:11:57,06,MTP032,STP126,E,F,279.14,7.495833333333334,39.1894,-102.6079,35
12570,1,2020-09-17,02:34:03,05,MTP032,STP126,I,F,279.28,17.234722222222224,22.9129,-34.862,35
12570,2,2020-09-17,03:06:02,04,MTP032,STP126,E,F,279.3,7.445,38.2783,170.5127,35
12573,1,2020-09-17,08:28:11,10,MTP032,STP126,I,F,279.43,17.185,24.2414,-121.7322,35
12573,2,2020-09-17,09:00:06,11,MTP032,STP126,E,F,279.45,7.39638888888889,37.3815,83.6773,35
12576,1,2020-09-17,14:22:20,12,MTP032,STP126,I,F,279.59,17.1375,25.4938,151.4234,35
12576,2,2020-09-17,14:54:11,03,MTP032,STP126,E,F,279.6,7.346111111111111,36.4247,-3.1898,35
12579,1,2020-09-17,20:16:29,06,MTP032,STP126,I,F,279.74,17.089166666666664,26.7332,64.567,35
12579,2,2020-09-17,20:48:16,05,MTP032,STP126,E,F,279.75,7.295833333333333,35.435,-90.0596,35
12582,1,2020-09-18,02:10:37,04,MTP032,STP126,I,F,279.89,17.042222222222225,27.909,-22.2621,35
12582,2,2020-09-18,02:42:23,10,MTP032,STP126,E,F,279.91,7.241388888888889,34.3312,-176.9966,35
12585,1,2020-09-18,08:04:49,11,MTP032,STP126,I,F,280.05,16.987222222222222,29.2503,-109.2285,35
12585,2,2020-09-18,08:36:28,12,MTP032,STP126,E,F,280.06,7.196666666666667,33.4001,96.2168,35
12589,1,2020-09-18,15:56:59,09,MTP032,STP126,I,F,280.25,16.922777777777778,30.7771,134.9711,35
12589,2,2020-09-18,16:28:39,06,MTP032,STP126,E,F,280.26,7.128055555555555,31.9148,-19.6471,35
12596,1,2020-09-19,05:43:20,05,MTP032,STP126,I,F,280.61,16.803333333333335,33.4638,-67.787,35
12596,2,2020-09-19,06:14:59,04,MTP032,STP126,E,F,280.62,7.011388888888889,29.2596,137.6398,35
12599,1,2020-09-19,11:37:20,10,MTP032,STP126,I,F,280.76,16.754722222222224,34.5102,-154.6104,35
12599,2,2020-09-19,12:09:01,11,MTP032,STP126,E,F,280.77,6.961944444444445,28.0746,50.7932,35
12604,1,2020-09-19,21:27:31,06,MTP032,STP127,I,F,281.01,16.671666666666667,36.2303,60.6087,35
12604,2,2020-09-19,21:59:16,05,MTP032,STP127,E,F,281.03,6.882777777777778,26.1195,-93.9447,35
12607,1,2020-09-20,03:21:36,04,MTP032,STP127,I,F,281.17,16.62638888888889,37.1329,-26.181,35
12607,2,2020-09-20,03:53:26,10,MTP032,STP127,E,F,281.18,6.8325,24.8355,179.1681,35
12610,1,2020-09-20,09:15:45,11,MTP032,STP127,I,F,281.32,16.56527777777778,38.3115,-113.2296,35
12610,2,2020-09-20,09:47:35,12,MTP032,STP127,E,F,281.33,6.786388888888888,23.6271,92.3445,35
12613,1,2020-09-20,15:09:47,03,MTP032,STP127,I,F,281.47,16.519444444444442,39.1697,159.9842,35
12613,2,2020-09-20,15:41:42,06,MTP032,STP127,E,F,281.48,6.740833333333334,22.4103,5.5396,35
12616,1,2020-09-20,21:03:53,05,MTP032,STP127,I,F,281.62,16.468888888888888,40.0904,73.106,35
12616,2,2020-09-20,21:35:51,04,MTP032,STP127,E,F,281.64,6.695277777777778,21.1682,-81.2755,35
12619,1,2020-09-21,02:57:55,10,MTP032,STP127,I,F,281.78,16.41916666666667,40.9705,-13.7438,35
12619,2,2020-09-21,03:30:01,11,MTP032,STP127,E,F,281.79,6.646111111111111,19.7952,-168.1437,35
12622,1,2020-09-21,08:52:04,12,MTP032,STP127,I,F,281.93,16.35888888888889,41.9938,-100.7774,35
12622,2,2020-09-21,09:24:15,03,MTP032,STP127,E,F,281.94,6.5986111111111105,18.4393,104.9921,35
12624,1,2020-09-21,12:47:59,06,MTP032,STP127,I,F,282.03,16.330833333333334,42.4631,-158.5782,35
12624,2,2020-09-21,13:20:15,05,MTP032,STP127,E,F,282.04,6.568333333333333,17.5601,47.1373,35
12628,1,2020-09-21,20:40:06,04,MTP032,STP127,I,F,282.23,16.265833333333333,43.5111,85.6283,35
12628,2,2020-09-21,21:12:31,10,MTP032,STP127,E,F,282.25,6.512222222222222,15.9075,-68.5583,35
12630,1,2020-09-22,00:36:04,11,MTP032,STP127,I,F,282.33,16.228055555555553,44.0996,27.6737,35
12630,2,2020-09-22,01:08:35,12,MTP032,STP127,E,F,282.35,6.48,14.9474,-126.4529,35
12632,1,2020-09-22,04:32:07,09,MTP032,STP127,I,F,282.44,16.204722222222223,44.4645,-30.0855,35
12632,2,2020-09-22,05:04:45,06,MTP032,STP127,E,F,282.45,6.449722222222222,14.0246,175.6537,35
12636,1,2020-09-22,12:24:07,05,MTP032,STP127,I,F,282.64,16.1325,45.5355,-145.9598,35
12636,2,2020-09-22,12:56:56,04,MTP032,STP127,E,F,282.65,6.390000000000001,12.1966,59.9237,35
12638,1,2020-09-22,16:20:11,10,MTP032,STP127,I,F,282.74,16.09722222222222,46.0465,156.0963,35
12638,2,2020-09-22,16:53:02,11,MTP032,STP127,E,F,282.75,6.364999999999999,11.421,2.1251,35
12642,1,2020-09-23,00:12:09,12,MTP032,STP127,I,F,282.94,16.031944444444445,46.9557,40.337,35
12642,2,2020-09-23,00:45:13,09,MTP032,STP127,E,F,282.96,6.3069444444444445,9.5923,-113.585,35
12644,1,2020-09-23,04:08:10,06,MTP032,STP127,I,F,283.04,16.00638888888889,47.3091,-17.4501,35
12644,2,2020-09-23,04:41:21,05,MTP032,STP127,E,F,283.06,6.277777777777778,8.6651,-171.4511,35
12648,1,2020-09-23,12:00:08,04,MTP032,STP127,I,F,283.25,15.93888888888889,48.1978,-133.2495,35
12648,2,2020-09-23,12:33:35,10,MTP032,STP127,E,F,283.26,6.217777777777778,6.7413,72.8003,35
12650,1,2020-09-23,15:56:09,11,MTP032,STP127,I,F,283.35,15.906666666666666,48.6111,168.8675,35
12650,2,2020-09-23,16:29:40,12,MTP032,STP127,E,F,283.36,6.193333333333333,5.9462,15.0144,35
12653,1,2020-09-23,21:50:10,03,MTP032,STP127,I,F,283.5,15.863055555555555,49.1597,82.1141,35
12653,2,2020-09-23,22:23:53,06,MTP032,STP127,E,F,283.51,6.151666666666667,4.5903,-71.7543,35
12656,1,2020-09-24,03:44:05,05,MTP032,STP127,I,F,283.65,15.820277777777777,49.6828,-4.6018,35
12656,2,2020-09-24,04:17:58,04,MTP032,STP127,E,F,283.67,6.1113888888888885,3.2705,-158.4774,35
12659,1,2020-09-24,09:38:08,10,MTP032,STP127,I,F,283.8,15.767777777777779,50.2998,-91.4956,35
12659,2,2020-09-24,10:12:13,11,MTP032,STP127,E,F,283.82,6.067777777777778,1.8418,114.7145,35
12661,1,2020-09-24,13:34:01,12,MTP032,STP127,I,F,283.9,15.740555555555554,50.6171,-149.2732,35
12661,2,2020-09-24,14:08:12,03,MTP032,STP127,E,F,283.92,6.0424999999999995,1.0028,56.941,35
12665,1,2020-09-24,21:26:01,06,MTP032,STP127,I,F,284.11,15.682777777777778,51.2696,95.0669,35
12665,2,2020-09-24,22:00:27,05,MTP032,STP127,E,F,284.12,5.99,-0.7331,-58.701,35
12667,1,2020-09-25,01:21:54,04,MTP032,STP127,I,F,284.21,15.651666666666667,51.6126,37.2284,35
12667,2,2020-09-25,01:56:28,10,MTP032,STP127,E,F,284.22,5.963333333333334,-1.6142,-116.5015,35
12671,1,2020-09-25,09:13:56,11,MTP032,STP127,I,F,284.41,15.595277777777778,52.2174,-78.4182,35
12671,2,2020-09-25,09:48:44,12,MTP032,STP127,E,F,284.43,5.909722222222222,-3.3891,127.8366,35
12673,1,2020-09-25,13:09:48,09,MTP032,STP127,I,F,284.51,15.569722222222222,52.486,-136.1649,35
12673,2,2020-09-25,13:44:44,06,MTP032,STP127,E,F,284.53,5.8822222222222225,-4.2983,70.0256,35
12676,1,2020-09-25,19:03:47,05,MTP032,STP127,I,F,284.66,15.530555555555557,52.887,137.1597,35
12676,2,2020-09-25,19:38:53,04,MTP032,STP127,E,F,284.68,5.847777777777777,-5.4381,-16.6223,35
12679,1,2020-09-26,00:57:39,10,MTP032,STP127,I,F,284.81,15.487499999999999,53.3174,50.4468,35
12679,2,2020-09-26,01:33:00,11,MTP032,STP127,E,F,284.83,5.8052777777777775,-6.8421,-103.3864,35
12681,1,2020-09-26,04:53:35,12,MTP032,STP127,I,F,284.92,15.469722222222222,53.4983,-7.201,35
12681,2,2020-09-26,05:29:02,09,MTP032,STP127,E,F,284.93,5.7825,-7.5882,-161.1321,35
12688,1,2020-09-26,18:39:25,06,MTP032,STP128,I,F,285.27,15.375277777777779,54.3989,150.5323,35
12688,2,2020-09-26,19:15:19,05,MTP032,STP128,E,F,285.28,5.691944444444444,-10.5416,-3.4508,35
12691,1,2020-09-27,00:33:17,04,MTP032,STP128,I,F,285.42,15.336111111111112,54.756,63.8817,35
12691,2,2020-09-27,01:09:22,10,MTP032,STP128,E,F,285.44,5.654166666666667,-11.7586,-90.1247,35
12693,1,2020-09-27,04:29:11,11,MTP032,STP128,I,F,285.52,15.31861111111111,54.9197,6.2478,35
12693,2,2020-09-27,05:05:24,12,MTP032,STP128,E,F,285.54,5.629166666666667,-12.5614,-147.9057,35
12697,1,2020-09-27,12:21:09,03,MTP032,STP128,I,F,285.72,15.255,55.4739,-109.4953,35
12697,2,2020-09-27,12:57:35,06,MTP032,STP128,E,F,285.74,5.575,-14.2788,96.442,35
12699,1,2020-09-27,16:16:59,05,MTP032,STP128,I,F,285.82,15.241666666666665,55.5954,-167.0542,35
12699,2,2020-09-27,16:53:32,04,MTP032,STP128,E,F,285.84,5.554444444444444,-14.9233,38.7509,35
12702,1,2020-09-27,22:10:56,10,MTP032,STP128,I,F,285.98,15.21111111111111,55.8607,106.4037,35
12702,2,2020-09-27,22:47:40,11,MTP032,STP128,E,F,285.99,5.518611111111111,-16.0487,-47.9182,35
12704,1,2020-09-28,02:06:49,12,MTP032,STP128,I,F,286.08,15.179166666666665,56.1228,48.5568,35
12704,2,2020-09-28,02:43:40,03,MTP032,STP128,E,F,286.09,5.491944444444444,-16.8711,-105.7148,35
12708,1,2020-09-28,09:58:43,06,MTP032,STP128,I,F,286.28,15.144166666666667,56.4205,-66.7404,35
12708,2,2020-09-28,10:35:50,05,MTP032,STP128,E,F,286.29,5.440277777777778,-18.4531,138.672,35
12710,1,2020-09-28,13:54:33,04,MTP032,STP128,I,F,286.38,15.120277777777778,56.6134,-124.4575,35
12710,2,2020-09-28,14:31:48,10,MTP032,STP128,E,F,286.39,5.414444444444444,-19.2313,80.8963,35
12712,1,2020-09-28,17:50:27,11,MTP032,STP128,I,F,286.48,15.105277777777777,56.739,177.9454,35
12712,2,2020-09-28,18:27:48,12,MTP032,STP128,E,F,286.5,5.3933333333333335,-19.8649,23.1822,35
12716,1,2020-09-29,01:42:17,09,MTP032,STP128,I,F,286.68,15.061666666666667,57.0855,62.5355,35
12716,2,2020-09-29,02:19:52,06,MTP032,STP128,E,F,286.7,5.342777777777777,-21.3522,-92.3849,35
12718,1,2020-09-29,05:38:10,05,MTP032,STP128,I,F,286.78,15.050555555555556,57.1802,5.0003,35
12718,2,2020-09-29,06:15:51,04,MTP032,STP128,E,F,286.8,5.320555555555555,-22.0063,-150.115,35
12721,1,2020-09-29,11:32:10,10,MTP032,STP128,I,F,286.93,15.005277777777778,57.5183,-81.7752,35
12721,2,2020-09-29,12:10:01,11,MTP032,STP128,E,F,286.95,5.2775,-23.2376,123.1031,35
12724,1,2020-09-29,17:25:54,12,MTP032,STP128,I,F,287.08,14.990555555555554,57.6434,-168.0286,35
12724,2,2020-09-29,18:03:55,09,MTP032,STP128,E,F,287.1,5.245,-24.1661,36.5402,35
12726,1,2020-09-29,21:21:52,06,MTP032,STP128,I,F,287.18,14.973333333333333,57.7758,134.3239,35
12726,2,2020-09-29,22:00:01,05,MTP032,STP128,E,F,287.2,5.219444444444445,-24.8801,-21.2659,35
12729,1,2020-09-30,03:15:40,04,MTP032,STP128,I,F,287.34,14.939166666666667,58.0269,47.7634,35
12729,2,2020-09-30,03:53:58,10,MTP032,STP128,E,F,287.35,5.181388888888889,-25.9245,-107.9186,35
12731,1,2020-09-30,07:11:35,11,MTP032,STP128,I,F,287.44,14.931944444444444,58.0921,-9.7279,35
12731,2,2020-09-30,07:49:58,12,MTP032,STP128,E,F,287.45,5.159166666666667,-26.5302,-165.6493,35
12735,1,2020-09-30,15:03:24,03,MTP032,STP128,I,F,287.64,14.886111111111111,58.4201,-125.1672,35
12735,2,2020-09-30,15:41:58,06,MTP032,STP128,E,F,287.65,5.1066666666666665,-27.937,78.7634,35
12737,1,2020-09-30,18:59:19,05,MTP032,STP128,I,F,287.74,14.875555555555556,58.5024,177.302,35
12737,2,2020-09-30,19:37:59,04,MTP032,STP128,E,F,287.75,5.083333333333333,-28.5447,21.0135,35
12739,1,2020-09-30,22:55:14,10,MTP032,STP128,I,F,287.84,14.865,58.5865,119.7601,35
12739,2,2020-09-30,23:34:03,11,MTP032,STP128,E,F,287.85,5.0575,-29.216,-36.7895,35
12742,1,2020-10-01,04:49:02,12,MTP032,STP128,I,F,287.99,14.831944444444444,58.8146,33.2193,35
12742,2,2020-10-01,05:27:58,03,MTP032,STP128,E,F,288.01,5.020277777777777,-30.1686,-123.4279,35
12744,1,2020-10-01,08:44:59,06,MTP032,STP128,I,F,288.09,14.827777777777778,58.8587,-24.2328,35
12744,2,2020-10-01,09:24:00,05,MTP032,STP128,E,F,288.11,4.995555555555556,-30.788,178.7955,35
12749,1,2020-10-01,18:34:40,04,MTP032,STP128,I,F,288.34,14.79,59.129,-168.2188,35
12749,2,2020-10-01,19:13:57,10,MTP032,STP128,E,F,288.36,4.930833333333334,-32.3706,34.3418,35
12754,1,2020-10-02,04:24:22,11,MTP032,STP128,I,F,288.59,14.751388888888888,59.3975,47.7815,35
12756,1,2020-10-02,08:20:17,12,MTP032,STP128,I,F,288.69,14.750833333333333,59.4189,-9.6075,35
12760,1,2020-10-02,16:51:47,09,MTP032,STP128,E,F,288.91,4.79,-35.6322,76.5768,35
12762,1,2020-10-02,20:47:47,06,MTP032,STP128,E,F,289.01,4.766944444444444,-36.1457,18.8304,35
12765,1,2020-10-03,02:01:51,05,MTP032,STP128,I,F,289.14,14.68361111111111,59.8791,91.1953,35
12767,1,2020-10-03,05:57:38,04,MTP032,STP128,I,F,289.24,14.677222222222222,59.9323,33.7495,35
12769,1,2020-10-03,09:53:36,10,MTP032,STP128,I,F,289.34,14.67361111111111,59.9704,-23.6929,35
12774,1,2020-10-03,20:23:34,05,MTP033,STP129,E,F,289.61,4.605833333333333,-39.5141,32.0704,35
12776,1,2020-10-04,00:19:35,04,MTP033,STP129,E,F,289.71,4.578333333333333,-40.0556,-25.7442,35
12781,1,2020-10-04,09:28:51,10,MTP033,STP129,I,F,289.94,14.61361111111111,60.4025,-8.8098,35
12784,1,2020-10-04,15:22:41,11,MTP033,STP129,I,F,290.09,14.588611111111112,60.5602,-95.2405,35
12786,1,2020-10-04,19:18:32,12,MTP033,STP129,I,F,290.19,14.584722222222222,60.5986,-152.6604,35
12789,1,2020-10-05,01:53:14,03,MTP033,STP129,E,F,290.36,4.398888888888889,-43.3785,-41.4452,35
12791,1,2020-10-05,05:49:06,06,MTP033,STP129,E,F,290.46,4.371388888888888,-43.8597,-99.2285,35
12793,1,2020-10-05,09:45:03,05,MTP033,STP129,E,F,290.56,4.344166666666666,-44.3243,-157.0243,35
12796,1,2020-10-05,14:58:00,04,MTP033,STP129,I,F,290.69,14.53888888888889,60.926,-80.2169,35
12798,1,2020-10-05,18:53:46,10,MTP033,STP129,I,F,290.79,14.54111111111111,60.9334,-137.5255,35
12801,1,2020-10-06,01:28:50,11,MTP033,STP129,E,F,290.96,4.226111111111111,-46.2423,-28.3403,35
12803,1,2020-10-06,05:24:43,12,MTP033,STP129,E,F,291.06,4.1947222222222225,-46.7263,-86.1812,35
12806,1,2020-10-06,10:37:19,03,MTP033,STP129,I,F,291.19,14.523611111111112,61.0986,-7.2789,35
12809,1,2020-10-06,16:31:09,06,MTP033,STP129,I,F,291.34,14.498888888888889,61.2487,-93.7082,35
12811,1,2020-10-06,20:26:58,05,MTP033,STP129,I,F,291.44,14.505833333333333,61.2338,-150.9578,35
12814,1,2020-10-07,03:02:20,04,MTP033,STP129,E,F,291.61,4.028333333333333,-49.1505,-44.288,35
12816,1,2020-10-07,06:58:10,10,MTP033,STP129,E,F,291.71,3.9991666666666665,-49.5479,-102.0827,35
12818,1,2020-10-07,10:54:06,11,MTP033,STP129,E,F,291.81,3.9694444444444446,-49.9476,-159.913,35
12821,1,2020-10-07,16:06:25,12,MTP033,STP129,I,F,291.94,14.473055555555556,61.4912,-78.3196,35
12823,1,2020-10-07,20:02:10,09,MTP033,STP129,I,F,292.04,14.482777777777779,61.4642,-135.5123,35
12826,1,2020-10-08,02:37:49,06,MTP033,STP129,E,F,292.21,3.836666666666667,-51.6311,-31.4387,35
12828,1,2020-10-08,06:33:41,05,MTP033,STP129,E,F,292.31,3.8016666666666663,-52.0499,-89.3319,35
12831,1,2020-10-08,11:45:44,04,MTP033,STP129,I,F,292.44,14.474166666666667,61.5853,-5.1403,35
12834,1,2020-10-08,17:39:31,10,MTP033,STP129,I,F,292.59,14.457777777777777,61.6931,-91.4329,35
12836,1,2020-10-08,21:35:21,11,MTP033,STP129,I,F,292.69,14.466666666666667,61.6726,-148.6644,35
12839,1,2020-10-09,04:11:13,12,MTP033,STP129,E,F,292.86,3.6108333333333333,-54.1797,-47.7831,35
12841,1,2020-10-09,08:07:01,09,MTP033,STP129,E,F,292.96,3.5794444444444444,-54.5075,-105.6054,35
12843,1,2020-10-09,12:02:58,06,MTP033,STP129,E,F,293.05,3.543333333333333,-54.874,-163.535,35
12846,1,2020-10-09,17:14:46,05,MTP033,STP129,I,F,293.19,14.449722222222222,61.8542,-75.7758,35
12848,1,2020-10-09,21:10:33,04,MTP033,STP129,I,F,293.29,14.459722222222222,61.8284,-132.9763,35
12851,1,2020-10-10,03:46:36,10,MTP033,STP129,E,F,293.45,3.391388888888889,-56.3255,-35.3292,35
12853,1,2020-10-10,07:42:28,11,MTP033,STP129,E,F,293.55,3.3519444444444444,-56.6793,-93.287,35
12860,1,2020-10-10,20:45:48,05,MTP033,STP130,I,F,293.88,14.455833333333333,61.9733,-117.258,35
12862,1,2020-10-11,00:41:44,04,MTP033,STP130,I,F,293.98,14.462499999999999,61.9633,-174.542,35
12864,1,2020-10-11,04:37:36,10,MTP033,STP130,I,F,294.08,14.4575,62.0092,128.01,35
12867,1,2020-10-11,11:13:36,11,MTP033,STP130,E,F,294.25,3.0744444444444445,-58.9393,-139.0536,35
12870,1,2020-10-11,17:07:32,12,MTP033,STP130,E,F,294.4,3.0030555555555556,-59.4529,133.7922,35
12872,1,2020-10-11,21:03:18,03,MTP033,STP130,E,F,294.5,2.9622222222222225,-59.7405,75.8338,35
12875,1,2020-10-12,02:14:53,06,MTP033,STP130,I,F,294.63,14.47638888888889,62.0406,172.7587,35
12877,1,2020-10-12,06:10:43,05,MTP033,STP130,I,F,294.73,14.47,62.0921,115.3038,35
12880,1,2020-10-12,12:46:50,04,MTP033,STP130,E,F,294.89,2.786111111111111,-60.8949,-156.3003,35
12882,1,2020-10-12,16:42:47,10,MTP033,STP130,E,F,294.99,2.734166666666667,-61.2089,145.5289,35
12885,1,2020-10-12,21:54:07,11,MTP033,STP130,I,F,295.12,14.487222222222222,62.0997,-113.8992,35
12887,1,2020-10-13,01:50:03,12,MTP033,STP130,I,F,295.22,14.496944444444443,62.0765,-171.1416,35
12889,1,2020-10-13,05:45:55,03,MTP033,STP130,I,F,295.32,14.492777777777777,62.118,131.4295,35
12892,1,2020-10-13,12:22:02,06,MTP033,STP130,E,F,295.49,2.497777777777778,-62.5252,-144.8438,35
12895,1,2020-10-13,18:15:55,05,MTP033,STP130,E,F,295.63,2.4144444444444444,-62.9402,127.8307,35
12897,1,2020-10-13,22:11:40,04,MTP033,STP130,E,F,295.73,2.3669444444444445,-63.1712,69.7741,35
12900,1,2020-10-14,03:23:13,10,MTP033,STP130,I,F,295.86,14.527777777777779,62.0765,176.4107,35
12902,1,2020-10-14,07:19:03,11,MTP033,STP130,I,F,295.96,14.5225,62.1255,118.9672,35
12905,1,2020-10-14,13:55:09,12,MTP033,STP130,E,F,296.13,2.1555555555555554,-64.1074,-162.8775,35
12907,1,2020-10-14,17:51:05,09,MTP033,STP130,E,F,296.23,2.0944444444444446,-64.3526,138.8228,35
12910,1,2020-10-14,23:02:29,06,MTP033,STP130,I,F,296.36,14.554722222222223,62.0622,-110.0207,35
12912,1,2020-10-15,02:58:25,05,MTP033,STP130,I,F,296.46,14.566111111111113,62.0284,-167.2319,35
12914,1,2020-10-15,06:54:16,04,MTP033,STP130,I,F,296.56,14.563055555555556,62.0676,135.3543,35
12920,1,2020-10-15,19:24:08,10,MTP033,STP130,E,F,296.87,1.7133333333333334,-65.6877,120.2165,35
12922,1,2020-10-15,23:19:53,11,MTP033,STP130,E,F,296.97,1.658611111111111,-65.8545,62.0505,35
12924,1,2020-10-16,03:15:49,12,MTP033,STP130,E,F,297.07,1.6008333333333333,-66.0227,3.7983,35
12927,1,2020-10-16,08:27:27,09,MTP033,STP130,I,F,297.2,14.611944444444443,61.98,123.167,35
12929,1,2020-10-16,12:23:15,06,MTP033,STP130,I,F,297.3,14.629166666666666,61.9155,66.0708,35
12932,1,2020-10-16,18:59:13,05,MTP033,STP130,E,F,297.46,1.3344444444444443,-66.703,130.3397,35
12934,1,2020-10-16,22:54:59,04,MTP033,STP130,E,F,297.56,1.2727777777777778,-66.8438,72.0668,35
12937,1,2020-10-17,04:06:51,10,MTP033,STP130,I,F,297.69,14.671666666666667,61.7937,-162.8056,35
12939,1,2020-10-17,08:02:43,11,MTP033,STP130,I,F,297.79,14.671388888888888,61.8198,139.8189,35
12941,1,2020-10-17,11:58:31,12,MTP033,STP130,I,F,297.89,14.683055555555555,61.784,82.6386,35
12947,1,2020-10-18,00:27:56,05,MTP033,STP131,E,F,298.2,0.8252777777777778,-67.6592,52.4883,35
12949,1,2020-10-18,04:23:51,04,MTP033,STP131,E,F,298.3,0.7561111111111111,-67.7574,-5.935,35
12951,1,2020-10-18,08:19:41,10,MTP033,STP131,E,F,298.4,0.6691666666666666,-67.8649,-64.599,35
12956,1,2020-10-18,17:27:40,11,MTP033,STP131,I,F,298.62,14.7725,61.4888,13.6578,35
12958,1,2020-10-18,21:23:32,12,MTP033,STP131,I,F,298.72,14.774444444444445,61.5031,-43.6819,35
12961,1,2020-10-19,03:58:49,03,MTP033,STP131,E,F,298.89,0.3186111111111111,-68.2107,3.3318,35
12963,1,2020-10-19,07:54:40,06,MTP033,STP131,E,F,298.99,0.2227777777777778,-68.2675,-55.4732,35
12966,1,2020-10-19,13:07:00,05,MTP033,STP131,I,F,299.12,14.835,61.2641,87.7362,35
12968,1,2020-10-19,17:02:57,04,MTP033,STP131,I,F,299.21,14.85388888888889,61.1802,30.6276,35
12970,1,2020-10-19,20:58:49,10,MTP033,STP131,I,F,299.31,14.852777777777778,61.2123,-26.757,35
12973,1,2020-10-20,03:33:43,11,MTP033,STP131,E,F,299.48,23.854444444444447,-68.3974,12.2127,35
12975,1,2020-10-20,07:29:35,12,MTP033,STP131,E,F,299.57,23.761944444444445,-68.3957,-46.5476,35
12977,1,2020-10-20,11:25:21,09,MTP033,STP131,E,F,299.67,23.68777777777778,-68.3905,-105.0081,35
12980,1,2020-10-20,16:38:11,06,MTP033,STP131,I,F,299.8,14.938611111111111,60.8322,47.6587,35
12983,1,2020-10-20,22:32:00,05,MTP033,STP131,I,F,299.95,14.945555555555556,60.8301,-38.2965,35
12986,1,2020-10-21,05:06:31,04,MTP033,STP131,E,F,300.11,23.339444444444442,-68.2622,-8.3523,35
12988,1,2020-10-21,09:02:22,10,MTP033,STP131,E,F,300.21,23.247500000000002,-68.1962,-67.0987,35
12991,1,2020-10-21,14:15:31,11,MTP033,STP131,I,F,300.34,15.020833333333334,60.4629,93.3325,35
12993,1,2020-10-21,18:11:29,12,MTP033,STP131,I,F,300.44,15.043055555555556,60.346,36.2656,35
12995,1,2020-10-21,22:07:22,03,MTP033,STP131,I,F,300.54,15.04861111111111,60.3374,-21.0266,35
12998,1,2020-10-22,04:41:19,06,MTP033,STP131,E,F,300.7,22.86861111111111,-67.8159,0.4496,35
13000,1,2020-10-22,08:37:11,05,MTP033,STP131,E,F,300.8,22.778333333333332,-67.6885,-58.2792,35
13002,1,2020-10-22,12:32:55,04,MTP033,STP131,E,F,300.9,22.701944444444443,-67.5744,-116.7651,35
13005,1,2020-10-22,17:46:50,10,MTP033,STP131,I,F,301.03,15.153055555555556,59.766,53.6443,35
13008,1,2020-10-22,23:40:37,11,MTP033,STP131,I,F,301.17,15.162222222222223,59.7454,-32.2757,35
13011,1,2020-10-23,06:14:03,12,MTP033,STP131,E,F,301.34,22.36861111111111,-66.9655,-19.8791,35
13013,1,2020-10-23,10:09:50,03,MTP033,STP131,E,F,301.43,22.27361111111111,-66.7489,-78.6561,35
13016,1,2020-10-23,15:24:13,06,MTP033,STP131,I,F,301.56,15.255,59.1835,99.5953,35
13019,1,2020-10-23,21:18:10,05,MTP033,STP131,I,F,301.71,15.28277777777778,59.0174,13.915,35
13019,2,2020-10-23,21:57:13,04,MTP033,STP131,E,F,301.73,22.05777777777778,-66.2088,106.0443,35
13021,1,2020-10-24,01:13:57,10,MTP033,STP131,I,F,301.81,15.294722222222221,58.9562,-43.2619,35
13021,2,2020-10-24,01:52:53,11,MTP033,STP131,E,F,301.82,21.984166666666667,-66.0021,47.6127,35
13024,1,2020-10-24,07:07:55,12,MTP033,STP131,I,F,301.95,15.343611111111112,58.6163,-128.6273,35
13024,2,2020-10-24,07:46:39,09,MTP033,STP131,E,F,301.97,21.87527777777778,-65.6746,-40.0725,35
13032,1,2020-10-24,22:51:35,05,MTP033,STP132,I,F,302.34,15.420833333333333,58.107,2.9906,35
13032,2,2020-10-24,23:29:47,04,MTP033,STP132,E,F,302.36,21.595277777777778,-64.7052,86.3126,35
13034,1,2020-10-25,02:47:24,10,MTP033,STP132,I,F,302.44,15.443055555555556,57.949,-54.0354,35
13034,2,2020-10-25,03:25:27,11,MTP033,STP132,E,F,302.46,21.524166666666666,-64.4257,27.9229,35
13037,1,2020-10-25,08:41:23,12,MTP033,STP132,I,F,302.59,15.489166666666666,57.5985,-139.4532,35
13037,2,2020-10-25,09:19:10,03,MTP033,STP132,E,F,302.6,21.40888888888889,-63.9397,-59.8472,35
13039,1,2020-10-25,12:37:14,06,MTP033,STP132,I,F,302.68,15.501111111111111,57.5244,163.3574,35
13039,2,2020-10-25,13:14:54,05,MTP033,STP132,E,F,302.7,21.346666666666664,-63.665,-118.1206,35
13042,1,2020-10-25,18:31:07,04,MTP033,STP132,I,F,302.83,15.546111111111111,57.1677,77.9497,35
13042,2,2020-10-25,19:08:33,10,MTP033,STP132,E,F,302.85,21.25138888888889,-63.2213,154.4268,35
13045,1,2020-10-26,00:25:01,11,MTP033,STP132,I,F,302.98,15.570555555555556,56.9897,-7.7631,35
13045,2,2020-10-26,01:02:11,12,MTP033,STP132,E,F,302.99,21.15138888888889,-62.7201,66.9062,35
13048,1,2020-10-26,06:18:56,03,MTP033,STP132,I,F,303.12,15.626944444444446,56.505,-93.0097,35
13048,2,2020-10-26,06:55:49,06,MTP033,STP132,E,F,303.14,21.058055555555555,-62.2234,-20.5113,35
13050,1,2020-10-26,10:14:53,05,MTP033,STP132,I,F,303.22,15.643333333333333,56.3803,-150.16,35
13050,2,2020-10-26,10:51:36,04,MTP033,STP132,E,F,303.24,20.984444444444446,-61.8005,-78.9748,35
13053,1,2020-10-26,16:08:43,10,MTP033,STP132,I,F,303.37,15.685555555555556,56.0111,124.4036,35
13053,2,2020-10-26,16:45:08,11,MTP033,STP132,E,F,303.38,20.893055555555556,-61.2553,-166.3392,35
13059,1,2020-10-27,03:56:31,12,MTP033,STP132,I,F,303.66,15.760555555555555,55.3388,-46.6406,35
13059,2,2020-10-27,04:32:19,09,MTP033,STP132,E,F,303.67,20.711388888888887,-60.0614,18.9141,35
13061,1,2020-10-27,07:52:34,06,MTP033,STP132,I,F,303.75,15.801111111111112,54.9386,-103.453,35
13061,2,2020-10-27,08:28:07,05,MTP033,STP132,E,F,303.77,20.64638888888889,-59.5937,-39.4178,35
13065,1,2020-10-27,15:44:21,04,MTP033,STP132,I,F,303.95,15.844166666666668,54.5312,142.4328,35
13065,2,2020-10-27,16:19:30,10,MTP033,STP132,E,F,303.96,20.53222222222222,-58.7248,-155.7967,35
13069,1,2020-10-27,23:36:21,11,MTP033,STP132,I,F,304.14,15.89861111111111,53.9764,28.4406,35
13069,2,2020-10-28,00:11:01,12,MTP033,STP132,E,F,304.16,20.415,-57.754,87.7493,35
13072,1,2020-10-28,05:30:13,09,MTP033,STP132,I,F,304.29,15.948333333333334,53.4398,-56.8938,35
13072,2,2020-10-28,06:04:29,06,MTP033,STP132,E,F,304.3,20.330555555555556,-57.0058,0.503,35
13075,1,2020-10-28,11:24:14,05,MTP033,STP132,I,F,304.43,15.991666666666665,52.963,-142.3626,35
13075,2,2020-10-28,11:58:06,04,MTP033,STP132,E,F,304.45,20.23611111111111,-56.1046,-86.9311,35
13078,1,2020-10-28,17:18:08,10,MTP033,STP132,I,F,304.58,16.039166666666667,52.4153,132.2667,35
13078,2,2020-10-28,17:51:35,11,MTP033,STP132,E,F,304.59,20.161944444444444,-55.3625,-174.0298,35
13083,1,2020-10-29,03:08:04,12,MTP033,STP132,I,F,304.82,16.110555555555557,51.5618,-10.1682,35
13083,2,2020-10-29,03:40:47,03,MTP033,STP132,E,F,304.84,20.02638888888889,-53.8857,40.6126,35
13085,1,2020-10-29,07:04:08,06,MTP033,STP132,I,F,304.92,16.15722222222222,50.955,-66.8899,35
13085,2,2020-10-29,07:36:29,05,MTP033,STP132,E,F,304.93,19.973611111111108,-53.2707,-17.5112,35
13087,1,2020-10-29,11:00:11,04,MTP033,STP132,I,F,305.02,16.188333333333333,50.5481,-123.8413,35
13087,2,2020-10-29,11:32:12,10,MTP033,STP132,E,F,305.03,19.912777777777777,-52.5225,-75.7615,35
13091,1,2020-10-29,18:52:06,11,MTP033,STP132,I,F,305.21,16.250555555555554,49.708,122.2975,35
13091,2,2020-10-29,19:23:27,12,MTP033,STP132,E,F,305.22,19.810277777777777,-51.1949,168.0692,35
13095,1,2020-10-30,02:44:07,03,MTP033,STP132,I,F,305.4,16.306944444444444,48.9146,8.3257,35
13095,2,2020-10-30,03:14:47,06,MTP033,STP132,E,F,305.42,19.71361111111111,-49.8459,51.9639,35
13097,1,2020-10-30,06:40:12,05,MTP033,STP132,I,F,305.5,16.35888888888889,48.1205,-48.3237,35
13097,2,2020-10-30,07:10:23,04,MTP033,STP132,E,F,305.51,19.660277777777775,-49.0511,-6.147,35
13102,1,2020-10-30,16:30:15,10,MTP033,STP132,I,F,305.74,16.441111111111113,46.8322,169.3736,35
13102,2,2020-10-30,16:59:26,11,MTP033,STP132,E,F,305.75,19.533333333333335,-47.0281,-151.3404,35
13104,1,2020-10-30,20:26:23,12,MTP033,STP132,I,F,305.84,16.486944444444447,46.0604,112.6214,35
13104,2,2020-10-30,20:55:02,09,MTP033,STP132,E,F,305.85,19.47833333333333,-46.0826,150.5226,35
13109,1,2020-10-31,06:16:31,06,MTP033,STP132,I,F,306.08,16.578888888888887,44.4413,-29.5511,35
13109,2,2020-10-31,06:43:58,05,MTP033,STP132,E,F,306.09,19.357222222222223,-43.8621,5.4452,35
13111,1,2020-10-31,10:12:45,04,MTP033,STP132,I,F,306.18,16.62611111111111,43.5537,-86.3062,35
13111,2,2020-10-31,10:39:35,10,MTP033,STP132,E,F,306.19,19.297777777777778,-42.6783,-52.7595,35
13116,1,2020-10-31,20:02:58,04,MTP034,STP133,I,F,306.42,16.723611111111108,41.6231,131.5817,35
13116,2,2020-10-31,20:28:22,10,MTP034,STP133,E,F,306.43,19.170555555555556,-39.9723,162.1058,35
13119,1,2020-11-01,01:57:14,11,MTP034,STP133,I,F,306.56,16.781944444444445,40.3979,46.2775,35
13119,2,2020-11-01,02:21:43,12,MTP034,STP133,E,F,306.57,19.0975,-38.2887,75.0538,35
13124,1,2020-11-01,11:47:45,03,MTP034,STP133,I,F,306.8,16.90222222222222,37.6522,-95.5644,35
13124,2,2020-11-01,12:10:19,06,MTP034,STP133,E,F,306.81,18.956666666666667,-34.7522,-70.2352,35
13126,1,2020-11-01,15:43:53,05,MTP034,STP133,I,F,306.9,16.94361111111111,36.6503,-152.3859,35
13126,2,2020-11-01,16:05:43,04,MTP034,STP133,E,F,306.91,18.907777777777778,-33.4392,-128.2314,35
13128,1,2020-11-01,19:40:09,10,MTP034,STP133,I,F,307.0,16.998611111111114,35.2568,150.9665,35
13128,2,2020-11-01,20:01:04,11,MTP034,STP133,E,F,307.01,18.852222222222224,-31.8758,173.6817,35
13132,1,2020-11-02,03:32:43,12,MTP034,STP133,I,F,307.19,17.091388888888886,32.7752,37.4043,35
13132,2,2020-11-02,03:51:51,09,MTP034,STP133,E,F,307.2,18.74361111111111,-28.6401,57.5306,35
13134,1,2020-11-02,07:29:07,06,MTP034,STP133,I,F,307.29,17.1575,30.8895,-19.1103,35
13134,2,2020-11-02,07:47:02,05,MTP034,STP133,E,F,307.29,18.67888888888889,-26.5894,-0.6463,35
13356,1,2020-11-20,10:50:20,04,MTP034,STP135,I,F,317.8,5.250555555555556,-33.6428,-72.2561,35
13356,2,2020-11-20,11:08:54,10,MTP034,STP135,E,F,317.8,6.601666666666667,27.2248,-56.5043,35
13358,1,2020-11-20,14:45:38,11,MTP034,STP135,I,F,317.89,5.203333333333333,-35.2783,-130.205,35
13358,2,2020-11-20,15:05:10,12,MTP034,STP135,E,F,317.9,6.640555555555555,28.7636,-113.4024,35
13361,1,2020-11-20,20:38:38,03,MTP034,STP135,I,F,318.03,5.1130555555555555,-38.2303,142.5591,35
13361,2,2020-11-20,20:59:44,06,MTP034,STP135,E,F,318.04,6.7011111111111115,31.0891,161.2468,35
13364,1,2020-11-21,02:31:37,05,MTP034,STP135,I,F,318.17,5.038611111111111,-40.5142,55.5654,35
13364,2,2020-11-21,02:53:57,04,MTP034,STP135,E,F,318.18,6.749722222222222,32.8892,75.7997,35
13366,1,2020-11-21,06:27:10,10,MTP034,STP135,I,F,318.26,4.993333333333333,-41.8365,-2.4176,35
13366,2,2020-11-21,06:50:12,11,MTP034,STP135,E,F,318.27,6.78,33.9864,18.776,35
13368,1,2020-11-21,10:22:36,12,MTP034,STP135,I,F,318.36,4.944166666666667,-43.2096,-60.4354,35
13368,2,2020-11-21,10:46:27,09,MTP034,STP135,E,F,318.36,6.817777777777778,35.3068,-38.1301,35
13375,1,2020-11-22,00:06:47,04,MTP034,STP136,I,F,318.68,4.772777777777778,-47.5566,96.4811,35
13375,2,2020-11-22,00:32:59,10,MTP034,STP136,E,F,318.69,6.927777777777778,38.95,122.4361,35
13379,1,2020-11-22,07:57:56,11,MTP034,STP136,I,F,318.87,4.6825,-49.6043,-19.4994,35
13379,2,2020-11-22,08:25:09,12,MTP034,STP136,E,F,318.88,6.973888888888889,40.4119,8.252,35
13382,1,2020-11-22,13:51:14,03,MTP034,STP136,I,F,319.01,4.615833333333333,-51.0121,-106.4482,35
13382,2,2020-11-22,14:19:13,06,MTP034,STP136,E,F,319.02,7.016111111111111,41.6841,-77.2542,35
13386,1,2020-11-22,21:42:26,05,MTP034,STP136,I,F,319.19,4.509444444444444,-53.0743,137.3199,35
13386,2,2020-11-22,22:11:26,04,MTP034,STP136,E,F,319.2,7.0680555555555555,43.1975,168.6401,35
13390,1,2020-11-23,05:33:36,10,MTP034,STP136,I,F,319.38,4.418611111111112,-54.7059,21.3277,35
13390,2,2020-11-23,06:03:25,11,MTP034,STP136,E,F,319.39,7.108888888888888,44.3702,54.4276,35
13392,1,2020-11-23,09:29:16,12,MTP034,STP136,I,F,319.47,4.370277777777777,-55.5196,-36.735,35
13392,2,2020-11-23,09:59:33,03,MTP034,STP136,E,F,319.48,7.137777777777778,45.1491,-2.5878,35
13394,1,2020-11-23,13:24:52,06,MTP034,STP136,I,F,319.57,4.3277777777777775,-56.2155,-94.6918,35
13394,2,2020-11-23,13:55:30,05,MTP034,STP136,E,F,319.58,7.160555555555556,45.7586,-59.6518,35
13399,1,2020-11-23,23:14:00,04,MTP034,STP136,I,F,319.8,4.192777777777778,-58.2247,119.9548,35
13399,2,2020-11-23,23:45:38,10,MTP034,STP136,E,F,319.81,7.220277777777778,47.3078,157.673,35
13402,1,2020-11-24,05:07:27,11,MTP034,STP136,I,F,319.94,4.123888888888889,-59.1796,32.9311,35
13402,2,2020-11-24,05:39:32,12,MTP034,STP136,E,F,319.95,7.245277777777778,47.9574,71.9484,35
13404,1,2020-11-24,09:03:10,09,MTP034,STP136,I,F,320.03,4.070277777777777,-59.8761,-25.2227,35
13404,2,2020-11-24,09:35:36,06,MTP034,STP136,E,F,320.04,7.266111111111111,48.475,14.8291,35
13408,1,2020-11-24,16:54:26,05,MTP034,STP136,I,F,320.22,3.97,-61.1059,-141.3771,35
13408,2,2020-11-24,17:27:29,04,MTP034,STP136,E,F,320.23,7.307222222222222,49.4724,-99.3577,35
13410,1,2020-11-24,20:50:10,10,MTP034,STP136,I,F,320.31,3.9077777777777776,-61.8093,160.3375,35
13410,2,2020-11-24,21:23:30,11,MTP034,STP136,E,F,320.32,7.325,49.8959,-156.5146,35
13414,1,2020-11-25,04:41:29,12,MTP034,STP136,I,F,320.49,3.803611111111111,-62.9291,44.1072,35
13414,2,2020-11-25,05:15:24,09,MTP034,STP136,E,F,320.51,7.3677777777777775,50.8787,89.3204,35
13416,1,2020-11-25,08:37:15,06,MTP034,STP136,I,F,320.59,3.7472222222222222,-63.4919,-14.0977,35
13416,2,2020-11-25,09:11:25,05,MTP034,STP136,E,F,320.6,7.384166666666667,51.2562,32.1403,35
13420,1,2020-11-25,16:28:35,04,MTP034,STP136,I,F,320.77,3.641111111111111,-64.4975,-130.363,35
13420,2,2020-11-25,17:03:17,10,MTP034,STP136,E,F,320.79,7.424166666666667,52.1355,-82.0576,35
13422,1,2020-11-25,20:24:18,11,MTP034,STP136,I,F,320.86,3.5619444444444444,-65.1722,171.1037,35
13422,2,2020-11-25,20:59:15,12,MTP034,STP136,E,F,320.88,7.438055555555556,52.4524,-139.261,35
13427,1,2020-11-26,06:13:37,03,MTP034,STP136,I,F,321.1,3.4252777777777776,-66.2851,25.6775,35
13427,2,2020-11-26,06:49:07,06,MTP034,STP136,E,F,321.11,7.484444444444445,53.439,77.9313,35
13430,1,2020-11-26,12:07:15,05,MTP034,STP136,I,F,321.23,3.3291666666666666,-66.992,-61.7986,35
13430,2,2020-11-26,12:43:05,04,MTP034,STP136,E,F,321.25,7.5152777777777775,54.0592,-7.7288,35
13433,1,2020-11-26,18:00:45,10,MTP034,STP136,I,F,321.37,3.2394444444444446,-67.6147,-149.1524,35
13433,2,2020-11-26,18:36:54,11,MTP034,STP136,E,F,321.39,7.538055555555555,54.5324,-93.4686,35
13436,1,2020-11-26,23:54:25,12,MTP034,STP136,I,F,321.51,3.1258333333333335,-68.3317,123.0983,35
13436,2,2020-11-27,00:30:54,09,MTP034,STP136,E,F,321.53,7.570277777777777,55.1521,-179.1091,35
13440,1,2020-11-27,07:45:51,06,MTP034,STP136,I,F,321.7,2.9947222222222223,-69.1027,6.4345,35
13440,2,2020-11-27,08:22:40,05,MTP034,STP136,E,F,321.71,7.592777777777777,55.6261,66.4487,35
13442,1,2020-11-27,11:41:39,04,MTP034,STP136,I,F,321.79,2.927222222222222,-69.4719,-51.942,35
13442,2,2020-11-27,12:18:39,10,MTP034,STP136,E,F,321.8,7.614999999999999,56.0336,9.369,35
13445,1,2020-11-27,17:35:10,11,MTP034,STP136,I,F,321.93,2.828333333333333,-69.9864,-139.4399,35
13445,2,2020-11-27,18:12:26,12,MTP034,STP136,E,F,321.94,7.636111111111111,56.4453,-76.3869,35
13448,1,2020-11-27,23:28:52,03,MTP034,STP136,I,F,322.07,2.694166666666667,-70.6094,132.4979,35
13448,2,2020-11-28,00:06:24,06,MTP034,STP136,E,F,322.08,7.663055555555556,56.9363,-162.1023,35
13451,1,2020-11-28,05:22:23,05,MTP034,STP136,I,F,322.2,2.5816666666666666,-71.1009,44.802,35
13451,2,2020-11-28,06:00:09,04,MTP034,STP136,E,F,322.22,7.682222222222222,57.3038,112.1207,35
13453,1,2020-11-28,09:18:13,10,MTP034,STP136,I,F,322.3,2.5019444444444443,-71.4252,-13.7703,35
13453,2,2020-11-28,09:56:09,11,MTP034,STP136,E,F,322.31,7.696666666666667,57.5708,54.9209,35
13458,1,2020-11-28,19:07:32,10,MTP035,STP137,I,F,322.53,2.3055555555555554,-72.1572,-160.0949,35
13458,2,2020-11-28,19:45:51,11,MTP035,STP137,E,F,322.54,7.7347222222222225,58.25,-87.9789,35
13461,1,2020-11-29,01:01:19,12,MTP035,STP137,I,F,322.67,2.183611111111111,-72.5654,112.0044,35
13461,2,2020-11-29,01:39:48,03,MTP035,STP137,E,F,322.68,7.763888888888889,58.7318,-173.6564,35
13464,1,2020-11-29,06:54:52,06,MTP035,STP137,I,F,322.8,2.0533333333333332,-72.9632,24.0305,35
13464,2,2020-11-29,07:33:34,05,MTP035,STP137,E,F,322.82,7.779722222222222,59.0265,100.5093,35
13466,1,2020-11-29,10:50:42,04,MTP035,STP137,I,F,322.9,1.9561111111111111,-73.2346,-34.8057,35
13466,2,2020-11-29,11:29:33,10,MTP035,STP137,E,F,322.91,7.795277777777778,59.2883,43.3295,35
13468,1,2020-11-29,14:46:27,11,MTP035,STP137,I,F,322.99,1.8772222222222223,-73.4489,-93.346,35
13468,2,2020-11-29,15:25:26,12,MTP035,STP137,E,F,323.0,7.8180555555555555,59.6376,-13.7199,35
13471,1,2020-11-29,20:40:03,03,MTP035,STP137,I,F,323.13,1.7236111111111112,-73.8195,178.3212,35
13471,2,2020-11-29,21:19:12,06,MTP035,STP137,E,F,323.14,7.825555555555555,59.8164,-99.6781,35
13476,1,2020-11-30,07:08:55,05,MTP035,STP137,E,F,323.37,7.865277777777777,60.4514,117.4427,35
13478,1,2020-11-30,11:04:54,04,MTP035,STP137,E,F,323.46,7.878055555555556,60.6631,60.2215,35
13481,1,2020-11-30,16:18:58,10,MTP035,STP137,I,F,323.59,1.2591666666666668,-74.7418,-115.4753,35
13483,1,2020-11-30,20:14:43,11,MTP035,STP137,I,F,323.68,1.151111111111111,-74.9093,-174.4564,35
13487,1,2020-12-01,04:46:22,12,MTP035,STP137,E,F,323.88,7.946111111111112,61.7034,162.9873,35
13489,1,2020-12-01,08:42:14,09,MTP035,STP137,E,F,323.97,7.951666666666667,61.8202,105.6836,35
13492,1,2020-12-01,13:55:52,06,MTP035,STP137,I,F,324.09,0.6866666666666666,-75.4824,-79.5983,35
13494,1,2020-12-01,17:51:36,05,MTP035,STP137,I,F,324.18,0.6047222222222222,-75.5661,-138.1787,35
13496,1,2020-12-01,21:47:24,04,MTP035,STP137,I,F,324.27,0.47583333333333333,-75.6654,162.5145,35
13501,1,2020-12-02,08:17:29,10,MTP035,STP137,E,F,324.52,8.02888888888889,62.9851,122.515,35
13503,1,2020-12-02,12:13:27,11,MTP035,STP137,E,F,324.61,8.040555555555555,63.1588,65.2778,35
13505,1,2020-12-02,16:09:20,12,MTP035,STP137,E,F,324.7,8.062777777777779,63.4397,8.2225,35
13508,1,2020-12-02,21:22:11,09,MTP035,STP137,I,F,324.82,23.843888888888888,-75.9573,168.8227,35
13511,1,2020-12-03,03:16:00,06,MTP035,STP137,I,F,324.96,23.6975,-75.9756,80.5392,35
13514,1,2020-12-03,09:50:43,05,MTP035,STP137,E,F,325.11,8.109444444444444,64.1403,110.6821,35
13516,1,2020-12-03,13:46:40,04,MTP035,STP137,E,F,325.21,8.124722222222223,64.3433,53.5083,35
13519,1,2020-12-03,18:59:09,10,MTP035,STP137,I,F,325.33,23.302500000000002,-75.9256,-154.8533,35
13521,1,2020-12-03,22:54:58,11,MTP035,STP137,I,F,325.42,23.171666666666667,-75.8652,145.8092,35
13523,1,2020-12-04,02:50:50,12,MTP035,STP137,I,F,325.51,23.07611111111111,-75.8197,86.989,35
13526,1,2020-12-04,09:25:53,03,MTP035,STP137,E,F,325.66,8.181666666666667,65.134,127.4534,35
13528,1,2020-12-04,13:21:52,06,MTP035,STP137,E,F,325.75,8.196666666666667,65.3198,70.2623,35
13530,1,2020-12-04,17:17:41,05,MTP035,STP137,E,F,325.85,8.215,65.5332,13.1626,35
13533,1,2020-12-04,22:29:51,04,MTP035,STP137,I,F,325.97,22.60027777777778,-75.4535,152.9928,35
13536,1,2020-12-05,04:23:39,10,MTP035,STP137,I,F,326.1,22.468888888888888,-75.3128,64.944,35
13539,1,2020-12-05,10:59:03,11,MTP035,STP137,E,F,326.26,8.258611111111112,66.1432,115.585,35
13544,1,2020-12-05,20:48:40,10,MTP035,STP138,E,F,326.48,8.293055555555556,66.5536,-27.3585,35
13548,1,2020-12-06,03:58:35,11,MTP035,STP138,I,F,326.65,21.953888888888887,-74.5518,72.9565,35
13550,1,2020-12-06,07:54:17,12,MTP035,STP138,I,F,326.74,21.87666666666667,-74.4083,14.4493,35
13552,1,2020-12-06,11:50:12,03,MTP035,STP138,I,F,326.83,21.791666666666668,-74.2362,-44.2246,35
13555,1,2020-12-06,18:25:56,06,MTP035,STP138,E,F,326.99,8.363333333333333,67.3864,18.0632,35
13557,1,2020-12-06,22:21:43,05,MTP035,STP138,E,F,327.08,8.363055555555555,67.4373,-39.305,35
13559,1,2020-12-07,02:17:39,04,MTP035,STP138,E,F,327.17,8.375277777777779,67.5794,-96.5286,35
13562,1,2020-12-07,07:29:17,10,MTP035,STP138,I,F,327.29,21.435555555555556,-73.4057,23.5545,35
13564,1,2020-12-07,11:25:08,11,MTP035,STP138,I,F,327.38,21.35666666666667,-73.1839,-35.0127,35
13567,1,2020-12-07,18:01:06,12,MTP035,STP138,E,F,327.53,8.4325,68.1983,34.7831,35
13570,1,2020-12-07,23:54:47,03,MTP035,STP138,E,F,327.67,8.436666666666667,68.3051,-51.2076,35
13573,1,2020-12-08,05:06:29,06,MTP035,STP138,I,F,327.79,21.070555555555554,-72.2918,62.4646,35
13575,1,2020-12-08,09:02:14,05,MTP035,STP138,I,F,327.88,21.014722222222222,-72.0973,4.264,35
13577,1,2020-12-08,12:58:09,04,MTP035,STP138,I,F,327.97,20.946666666666665,-71.8407,-54.154,35
13580,1,2020-12-08,19:34:07,10,MTP035,STP138,E,F,328.12,8.508611111111112,69.0435,22.9281,35
13582,1,2020-12-08,23:29:55,11,MTP035,STP138,E,F,328.21,8.508888888888889,69.096,-34.4407,35
13584,1,2020-12-09,03:25:50,12,MTP035,STP138,E,F,328.3,8.520555555555557,69.2226,-91.665,35
13587,1,2020-12-09,08:37:18,09,MTP035,STP138,I,F,328.42,20.6825,-70.7514,14.9863,35
13589,1,2020-12-09,12:33:10,06,MTP035,STP138,I,F,328.51,20.62138888888889,-70.4556,-43.3209,35
13592,1,2020-12-09,19:09:14,05,MTP035,STP138,E,F,328.66,8.578888888888889,69.7882,39.6712,35
13594,1,2020-12-09,23:05:01,04,MTP035,STP138,E,F,328.75,8.580555555555556,69.8494,-17.6695,35
13598,1,2020-12-10,06:14:32,10,MTP035,STP138,I,F,328.92,20.40888888888889,-69.3569,55.246,35
13600,1,2020-12-10,10:10:19,11,MTP035,STP138,I,F,329.01,20.365000000000002,-69.1074,-2.7778,35
13602,1,2020-12-10,14:06:15,12,MTP035,STP138,I,F,329.1,20.31388888888889,-68.796,-60.95,35
13605,1,2020-12-10,20:42:14,09,MTP035,STP138,E,F,329.25,8.658055555555556,70.5757,27.8638,35
13608,1,2020-12-11,02:36:01,06,MTP035,STP138,E,F,329.39,8.662222222222223,70.674,-58.1476,35
13611,1,2020-12-11,08:29:46,05,MTP035,STP138,E,F,329.52,8.695,70.9276,-143.7343,35
13614,1,2020-12-11,13:41:21,04,MTP035,STP138,I,F,329.64,20.06861111111111,-67.1566,-48.9384,35
13616,1,2020-12-11,17:37:14,10,MTP035,STP138,I,F,329.73,20.031944444444445,-66.8852,-106.88,35
13619,1,2020-12-12,00:13:06,11,MTP035,STP138,E,F,329.88,8.733333333333333,71.3286,-12.6825,35
13621,1,2020-12-12,04:09:00,12,MTP035,STP138,E,F,329.97,8.743888888888888,71.4326,-69.9209,35
13625,1,2020-12-12,11:18:31,03,MTP035,STP138,I,F,330.14,19.87388888888889,-65.602,-7.4771,35
13629,1,2020-12-12,19:10:20,10,MTP035,STP139,I,F,330.32,19.804444444444446,-64.974,-123.3174,35
13631,1,2020-12-12,23:06:07,11,MTP035,STP139,I,F,330.41,19.77472222222222,-64.7006,178.868,35
13634,1,2020-12-13,05:42:01,12,MTP035,STP139,E,F,330.56,8.829444444444444,72.1733,-81.6381,35
13636,1,2020-12-13,09:37:49,03,MTP035,STP139,E,F,330.65,8.855,72.3425,-138.627,35
13638,1,2020-12-13,13:33:38,06,MTP035,STP139,E,F,330.74,8.852222222222222,72.3776,163.9542,35
13641,1,2020-12-13,18:45:35,05,MTP035,STP139,I,F,330.86,19.614444444444445,-63.0375,-110.5205,35
13643,1,2020-12-13,22:41:22,04,MTP035,STP139,I,F,330.95,19.590277777777775,-62.7794,-168.2504,35
13646,1,2020-12-14,05:17:02,10,MTP035,STP139,E,F,331.1,8.91,72.8304,-64.7256,35
13649,1,2020-12-14,11:10:45,11,MTP035,STP139,E,F,331.23,8.944166666666668,73.0505,-150.2775,35
13652,1,2020-12-14,16:22:53,12,MTP035,STP139,I,F,331.35,19.459166666666665,-61.1742,-68.4995,35
13654,1,2020-12-14,20:18:44,03,MTP035,STP139,I,F,331.44,19.436666666666667,-60.8893,-126.2246,35
13656,1,2020-12-15,00:14:34,06,MTP035,STP139,I,F,331.53,19.410555555555554,-60.5367,176.0012,35
13661,1,2020-12-15,10:45:47,05,MTP035,STP139,E,F,331.77,9.036666666666667,73.7134,-133.1887,35
13663,1,2020-12-15,14:41:38,04,MTP035,STP139,E,F,331.86,9.030277777777778,73.7336,169.3276,35
13665,1,2020-12-15,18:37:32,10,MTP035,STP139,E,F,331.95,9.054166666666667,73.8744,112.2895,35
13668,1,2020-12-15,23:49:55,11,MTP035,STP139,I,F,332.07,19.264444444444443,-58.3852,-170.5629,35
13670,1,2020-12-16,03:45:50,12,MTP035,STP139,I,F,332.16,19.235833333333336,-57.8968,131.5984,35
13673,1,2020-12-16,10:20:50,09,MTP035,STP139,E,F,332.31,9.1325,74.3537,-116.0564,35
13677,1,2020-12-16,18:12:32,06,MTP035,STP139,E,F,332.49,9.148055555555555,74.5007,129.4031,35
13680,1,2020-12-16,23:25:19,05,MTP035,STP139,I,F,332.61,19.13,-56.0539,-156.9764,35
13682,1,2020-12-17,03:21:14,04,MTP035,STP139,I,F,332.7,19.104166666666668,-55.5462,145.2367,35
13685,1,2020-12-17,09:15:10,10,MTP035,STP139,I,F,332.83,19.07638888888889,-55.0113,58.699,35
13688,1,2020-12-17,15:49:36,11,MTP035,STP139,E,F,332.98,9.238333333333333,75.0585,175.1552,35
13690,1,2020-12-17,19:45:30,12,MTP035,STP139,E,F,333.07,9.268611111111111,75.202,118.2111,35
13692,1,2020-12-17,23:41:17,03,MTP035,STP139,E,F,333.16,9.29861111111111,75.3417,61.289,35
13695,1,2020-12-18,04:54:39,06,MTP035,STP139,I,F,333.28,18.97472222222222,-52.8245,130.1791,35
13697,1,2020-12-18,08:50:38,05,MTP035,STP139,I,F,333.36,18.9575,-52.442,72.506,35
13700,1,2020-12-18,15:24:34,04,MTP035,STP139,E,F,333.51,9.359444444444444,75.7037,-167.317,35
13702,1,2020-12-18,19:20:30,10,MTP035,STP139,E,F,333.6,9.374444444444444,75.7917,135.5008,35
13705,1,2020-12-19,00:34:15,11,MTP035,STP139,I,F,333.72,18.884166666666665,-50.6396,-158.1979,35
13707,1,2020-12-19,04:30:12,12,MTP035,STP139,I,F,333.81,18.86277777777778,-50.0612,144.0723,35
13710,1,2020-12-19,10:24:10,09,MTP035,STP139,I,F,333.94,18.839166666666664,-49.4395,57.5917,35
13716,1,2020-12-19,22:51:15,10,MTP035,STP140,E,F,334.23,9.571944444444444,76.6269,96.7968,35
13718,1,2020-12-20,02:07:48,11,MTP035,STP140,I,F,334.3,18.770833333333332,-47.4623,-173.0414,35
13718,2,2020-12-20,02:47:02,12,MTP035,STP140,E,F,334.31,9.571944444444444,76.6694,39.4282,35
13720,1,2020-12-20,06:03:46,03,MTP035,STP140,I,F,334.39,18.752777777777776,-46.8924,129.2708,35
13720,2,2020-12-20,06:42:53,06,MTP035,STP140,E,F,334.4,9.594444444444445,76.767,-17.622,35
13724,1,2020-12-20,13:55:37,05,MTP035,STP140,I,F,334.57,18.722499999999997,-45.9427,14.007,35
13724,2,2020-12-20,14:34:28,04,MTP035,STP140,E,F,334.58,9.666666666666666,77.0222,-131.2841,35
13726,1,2020-12-20,17:51:39,10,MTP035,STP140,I,F,334.66,18.702777777777776,-45.2688,-43.7215,35
13726,2,2020-12-20,18:30:24,11,MTP035,STP140,E,F,334.67,9.648055555555555,77.0208,171.0271,35
13729,1,2020-12-20,23:45:33,12,MTP035,STP140,I,F,334.79,18.68166666666667,-44.5604,-130.1504,35
13729,2,2020-12-21,00:24:07,03,MTP035,STP140,E,F,334.8,9.729722222222222,77.2674,86.1867,35
13731,1,2020-12-21,03:41:28,06,MTP035,STP140,I,F,334.88,18.665,-43.9598,172.196,35
13731,2,2020-12-21,04:19:53,05,MTP035,STP140,E,F,334.89,9.743611111111111,77.3386,29.0269,35
13736,1,2020-12-21,13:31:21,04,MTP035,STP140,I,F,335.1,18.629722222222224,-42.6865,28.1349,35
13736,2,2020-12-21,14:09:27,10,MTP035,STP140,E,F,335.11,9.834722222222222,77.6298,-113.0648,35
13738,1,2020-12-21,17:27:22,11,MTP035,STP140,I,F,335.19,18.610555555555557,-41.9282,-29.5804,35
13738,2,2020-12-21,18:05:18,12,MTP035,STP140,E,F,335.2,9.835555555555556,77.6727,-170.437,35
13740,1,2020-12-21,21:23:24,09,MTP035,STP140,I,F,335.28,18.595277777777778,-41.3135,-87.2449,35
13740,2,2020-12-21,22:01:12,06,MTP035,STP140,E,F,335.29,9.875555555555556,77.7915,132.7611,35
13743,1,2020-12-22,03:17:16,05,MTP035,STP140,I,F,335.41,18.573888888888888,-40.4566,-173.6653,35
13743,2,2020-12-22,03:54:51,04,MTP035,STP140,E,F,335.42,9.920833333333333,77.9376,47.3909,35
13745,1,2020-12-22,07:13:16,10,MTP035,STP140,I,F,335.5,18.558333333333334,-39.7935,128.6726,35
13745,2,2020-12-22,07:50:43,11,MTP035,STP140,E,F,335.51,9.949722222222222,78.031,-9.5663,35
13750,1,2020-12-22,17:03:13,12,MTP035,STP140,I,F,335.72,18.523055555555555,-38.2483,-15.4055,35
13750,2,2020-12-22,17:40:15,09,MTP035,STP140,E,F,335.73,10.026666666666667,78.2659,-151.859,35
13753,1,2020-12-22,22:57:15,06,MTP035,STP140,I,F,335.85,18.5025,-37.3128,-101.8583,35
13753,2,2020-12-22,23:34:01,05,MTP035,STP140,E,F,335.87,10.134444444444444,78.5003,123.6757,35
13755,1,2020-12-23,02:53:10,04,MTP035,STP140,I,F,335.94,18.489166666666666,-36.694,-159.4603,35
13755,2,2020-12-23,03:29:46,10,MTP035,STP140,E,F,335.95,10.16,78.5788,66.6956,35
13759,1,2020-12-23,10:45:15,11,MTP035,STP140,I,F,336.12,18.460833333333333,-35.3046,85.2436,35
13759,2,2020-12-23,11:21:30,12,MTP035,STP140,E,F,336.13,10.2225,78.7494,-47.1508,35
13762,1,2020-12-23,16:39:10,03,MTP035,STP140,I,F,336.25,18.44,-34.2288,-1.1887,35
13762,2,2020-12-23,17:15:07,06,MTP035,STP140,E,F,336.26,10.296388888888888,78.9106,-132.0876,35
13765,1,2020-12-23,22:33:18,05,MTP035,STP140,I,F,336.38,18.418055555555558,-33.0605,-87.6877,35
13765,2,2020-12-23,23:08:58,04,MTP035,STP140,E,F,336.4,10.355833333333333,79.0466,142.7037,35
13769,1,2020-12-24,06:25:17,10,MTP035,STP140,I,F,336.56,18.390555555555554,-31.5424,157.0588,35
13769,2,2020-12-24,07:00:31,11,MTP035,STP140,E,F,336.57,10.4425,79.2301,29.2631,35
13772,1,2020-12-24,12:19:23,12,MTP035,STP140,I,F,336.69,18.3725,-30.5173,70.6242,35
13772,2,2020-12-24,12:54:18,03,MTP035,STP140,E,F,336.71,10.531666666666668,79.3885,-55.4866,35
13775,1,2020-12-24,18:13:23,06,MTP035,STP140,I,F,336.82,18.351944444444445,-29.2746,-15.8258,35
13775,2,2020-12-24,18:47:59,05,MTP035,STP140,E,F,336.84,10.579166666666666,79.4958,-140.8356,35
13777,1,2020-12-24,22:09:31,04,MTP035,STP140,I,F,336.91,18.337777777777777,-28.4057,-73.4941,35
13777,2,2020-12-24,22:43:52,10,MTP035,STP140,E,F,336.93,10.657222222222222,79.612,162.9382,35
13779,1,2020-12-25,02:05:29,11,MTP035,STP140,I,F,337.0,18.32638888888889,-27.6977,-131.0843,35
13779,2,2020-12-25,02:39:36,12,MTP035,STP140,E,F,337.01,10.758333333333333,79.7434,107.0982,35
13782,1,2020-12-25,07:59:36,09,MTP035,STP140,I,F,337.13,18.304166666666667,-26.2465,142.4172,35
13782,2,2020-12-25,08:33:19,06,MTP035,STP140,E,F,337.15,10.809722222222224,79.8428,21.7977,35
13785,1,2020-12-25,13:53:40,05,MTP035,STP140,I,F,337.27,18.2875,-25.1703,56.0155,35
13785,2,2020-12-25,14:27:02,04,MTP035,STP140,E,F,337.28,10.930277777777777,79.9927,-62.4615,35
13788,1,2020-12-25,19:47:49,10,MTP035,STP140,I,F,337.4,18.26527777777778,-23.6213,-30.4909,35
13788,2,2020-12-25,20:20:48,11,MTP035,STP140,E,F,337.41,10.948055555555555,80.0602,-148.2757,35
13790,1,2020-12-25,23:43:55,12,MTP035,STP140,I,F,337.49,18.253055555555555,-22.7611,-88.124,35
13790,2,2020-12-26,00:16:36,09,MTP035,STP140,E,F,337.5,11.0875,80.1894,156.4374,35
13793,1,2020-12-26,05:37:59,06,MTP035,STP140,I,F,337.62,18.232777777777777,-21.2808,-174.5828,35
13793,2,2020-12-26,06:10:16,05,MTP035,STP140,E,F,337.63,11.141666666666666,80.2755,71.1954,35
13795,1,2020-12-26,09:34:08,04,MTP035,STP140,I,F,337.71,18.21972222222222,-20.2995,127.7584,35
13795,2,2020-12-26,10:06:06,10,MTP035,STP140,E,F,337.72,11.245555555555555,80.3667,15.3674,35
13800,1,2020-12-26,19:24:23,11,MTP036,STP141,I,F,337.93,18.1875,-17.8003,-16.3504,35
13800,2,2020-12-26,19:55:36,10,MTP036,STP141,E,F,337.94,11.408888888888889,80.5272,-125.6245,35
13802,1,2020-12-26,23:20:35,03,MTP036,STP141,I,F,338.01,18.173333333333336,-16.6708,-74.0376,35
13802,2,2020-12-26,23:51:25,06,MTP036,STP141,E,F,338.03,11.567777777777778,80.6146,179.3775,35
13805,1,2020-12-27,05:14:40,05,MTP036,STP141,I,F,338.15,18.154444444444444,-15.1117,-160.483,35
13805,2,2020-12-27,05:45:03,04,MTP036,STP141,E,F,338.16,11.659166666666668,80.6899,94.6969,35
13807,1,2020-12-27,09:10:51,12,MTP036,STP141,I,F,338.23,18.140555555555554,-13.9548,141.8434,35
13807,2,2020-12-27,09:40:51,11,MTP036,STP141,E,F,338.25,11.784166666666666,80.7469,39.1987,35
13810,1,2020-12-27,15:05:02,12,MTP036,STP141,I,F,338.37,18.122777777777777,-12.4419,55.3915,35
13810,2,2020-12-27,15:34:30,03,MTP036,STP141,E,F,338.38,11.969166666666666,80.8139,-44.0863,35
13813,1,2020-12-27,20:59:21,06,MTP036,STP141,I,F,338.5,18.1,-10.4363,-31.1635,35
13813,2,2020-12-27,21:28:16,05,MTP036,STP141,E,F,338.51,12.023333333333333,80.8668,-129.3491,35
13815,1,2020-12-28,00:55:31,04,MTP036,STP141,I,F,338.59,18.0875,-9.3127,-88.8204,35
13815,2,2020-12-28,01:24:03,10,MTP036,STP141,E,F,338.6,12.208888888888888,80.8887,176.0585,35
13817,1,2020-12-28,04:51:40,11,MTP036,STP141,I,F,338.67,18.073055555555555,-7.9885,-146.4985,35
13817,2,2020-12-28,05:19:46,12,MTP036,STP141,E,F,338.68,12.2925,80.9111,119.9552,35
13821,1,2020-12-28,12:44:07,09,MTP036,STP141,I,F,338.85,18.045833333333334,-5.4683,98.1321,35
13821,2,2020-12-28,13:11:23,06,MTP036,STP141,E,F,338.86,12.543055555555556,80.9175,8.9554,35
13823,1,2020-12-28,16:40:14,05,MTP036,STP141,I,F,338.94,18.032777777777778,-4.2318,40.4822,35
13823,2,2020-12-28,17:07:04,04,MTP036,STP141,E,F,338.95,12.702499999999999,80.8917,-46.002,35
13826,1,2020-12-28,22:34:43,10,MTP036,STP141,I,F,339.07,18.008333333333333,-1.8659,-46.142,35
13826,2,2020-12-28,23:00:49,11,MTP036,STP141,E,F,339.08,12.830555555555556,80.8845,-130.1597,35
13828,1,2020-12-29,02:30:55,12,MTP036,STP141,I,F,339.16,17.994722222222222,-0.5383,-103.823,35
13828,2,2020-12-29,02:56:30,09,MTP036,STP141,E,F,339.17,13.088055555555556,80.7647,176.352,35
13831,1,2020-12-29,08:25:18,06,MTP036,STP141,I,F,339.29,17.97,1.9006,169.5715,35
13831,2,2020-12-29,08:50:08,05,MTP036,STP141,E,F,339.3,13.201388888888888,80.7365,92.0021,35
13834,1,2020-12-29,14:19:46,04,MTP036,STP141,I,F,339.42,17.948333333333334,4.0481,82.9967,35
13834,2,2020-12-29,14:43:50,10,MTP036,STP141,E,F,339.43,13.421944444444444,80.603,9.2467,35
13836,1,2020-12-29,18:15:58,11,MTP036,STP141,I,F,339.51,17.932222222222222,5.6364,25.2822,35
13836,2,2020-12-29,18:39:27,12,MTP036,STP141,E,F,339.52,13.623611111111112,80.434,-45.0634,35
13839,1,2020-12-30,00:10:37,03,MTP036,STP141,I,F,339.64,17.905277777777776,8.3426,-61.421,35
13839,2,2020-12-30,00:33:13,06,MTP036,STP141,E,F,339.65,13.786388888888888,80.2994,-128.7035,35
13841,1,2020-12-30,04:06:52,05,MTP036,STP141,I,F,339.73,17.889166666666664,9.9486,-119.1527,35
13841,2,2020-12-30,04:28:50,04,MTP036,STP141,E,F,339.73,14.028055555555556,80.006,177.5864,35
13843,1,2020-12-30,08:03:16,10,MTP036,STP141,I,F,339.81,17.868055555555557,12.0384,-176.9941,35
13843,2,2020-12-30,08:24:35,11,MTP036,STP141,E,F,339.82,14.114166666666666,79.9132,121.5145,35
13847,1,2020-12-30,15:56:02,12,MTP036,STP141,I,F,339.99,17.83277777777778,15.5126,67.4367,35
13847,2,2020-12-30,16:16:01,09,MTP036,STP141,E,F,340.0,14.471666666666668,79.3473,12.1583,35
13849,1,2020-12-30,19:52:27,06,MTP036,STP141,I,F,340.08,17.810000000000002,17.6976,9.5713,35
13849,2,2020-12-30,20:11:40,05,MTP036,STP141,E,F,340.08,14.619166666666667,79.0714,-42.969,35
13943,1,2021-01-07,12:06:39,09,MTP036,STP142,C,P,344.14,19.21472222222222,-67.7563,-139.2481,35
14001,1,2021-01-12,07:04:07,11,MTP036,STP143,I,F,346.65,7.469722222222222,74.8348,166.1272,35
14001,2,2021-01-12,07:23:40,12,MTP036,STP143,E,F,346.65,6.073333333333333,9.3533,140.426,35
14003,1,2021-01-12,10:59:46,03,MTP036,STP143,I,F,346.73,7.514166666666667,75.3278,109.4535,35
14003,2,2021-01-12,11:20:04,06,MTP036,STP143,E,F,346.74,6.058888888888888,7.2538,82.685,35
14005,1,2021-01-12,14:55:28,05,MTP036,STP143,I,F,346.82,7.570277777777777,75.8888,52.941,35
14005,2,2021-01-12,15:16:24,04,MTP036,STP143,E,F,346.82,6.0475,5.597,25.0054,35
14008,1,2021-01-12,20:49:08,10,MTP036,STP143,I,F,346.94,7.630000000000001,76.4815,-32.2275,35
14008,2,2021-01-12,21:11:00,11,MTP036,STP143,E,F,346.95,6.03,2.9314,-61.5493,35
14010,1,2021-01-13,00:44:50,12,MTP036,STP143,I,F,347.03,7.662777777777778,76.8027,-89.094,35
14010,2,2021-01-13,01:07:19,03,MTP036,STP143,E,F,347.04,6.018055555555556,1.0987,-119.2342,35
14014,1,2021-01-13,08:36:25,06,MTP036,STP143,I,F,347.2,7.764166666666667,77.6431,157.6681,35
14014,2,2021-01-13,09:00:06,05,MTP036,STP143,E,F,347.21,5.996388888888889,-2.3287,125.3908,35
14016,1,2021-01-13,12:32:03,04,MTP036,STP143,I,F,347.29,7.835277777777778,78.1491,101.3991,35
14016,2,2021-01-13,12:56:18,10,MTP036,STP143,E,F,347.29,5.986666666666666,-3.8947,67.7657,35
14019,1,2021-01-13,18:25:47,11,MTP036,STP143,I,F,347.41,7.902500000000001,78.6326,16.3256,35
14019,2,2021-01-13,18:50:45,12,MTP036,STP143,E,F,347.42,5.974444444444445,-5.8927,-18.6705,35
14021,1,2021-01-13,22:21:34,09,MTP036,STP143,I,F,347.5,7.935277777777778,78.8759,-40.5583,35
14021,2,2021-01-13,22:47:02,06,MTP036,STP143,E,F,347.51,5.964444444444444,-7.5158,-76.3171,35
14023,1,2021-01-14,02:17:16,05,MTP036,STP143,I,F,347.58,7.9975000000000005,79.2544,-96.9796,35
14023,2,2021-01-14,02:43:14,04,MTP036,STP143,E,F,347.59,5.956388888888889,-8.8736,-133.9161,35
14026,1,2021-01-14,08:11:03,10,MTP036,STP143,I,F,347.71,8.065833333333334,79.6697,177.9491,35
14026,2,2021-01-14,08:37:45,12,MTP036,STP143,E,F,347.72,5.942777777777778,-11.163,139.6088,35
14028,1,2021-01-14,12:06:44,11,MTP036,STP143,I,F,347.8,8.134444444444444,80.0275,121.6268,35
14028,2,2021-01-14,12:33:52,09,MTP036,STP143,E,F,347.81,5.935277777777778,-12.4274,82.0397,35
14030,1,2021-01-14,16:02:31,06,MTP036,STP143,I,F,347.88,8.196388888888889,80.3389,65.1815,35
14030,2,2021-01-14,16:30:04,05,MTP036,STP143,E,F,347.89,5.928333333333334,-13.6132,24.4554,35
14033,1,2021-01-14,21:56:17,04,MTP036,STP143,I,F,348.01,8.259166666666667,80.6661,-19.9645,35
14033,2,2021-01-14,22:24:26,10,MTP036,STP143,E,F,348.02,5.917222222222223,-15.5513,-61.9474,35
14035,1,2021-01-15,01:52:02,11,MTP036,STP143,I,F,348.09,8.28888888888889,80.8327,-76.891,35
14035,2,2021-01-15,02:20:34,12,MTP036,STP143,E,F,348.1,5.910277777777778,-16.7495,-119.5127,35
14039,1,2021-01-15,09:43:44,03,MTP036,STP143,I,F,348.26,8.415555555555557,81.3644,170.2237,35
14039,2,2021-01-15,10:13:02,06,MTP036,STP143,E,F,348.27,5.896388888888889,-19.1819,125.3055,35
14041,1,2021-01-15,13:39:24,05,MTP036,STP143,I,F,348.35,8.510833333333334,81.7002,114.3054,35
14041,2,2021-01-15,14:09:06,04,MTP036,STP143,E,F,348.36,5.89,-20.2981,67.7643,35
14044,1,2021-01-15,19:33:12,10,MTP036,STP143,I,F,348.48,8.595277777777778,82.0102,29.4749,35
14044,2,2021-01-15,20:03:24,11,MTP036,STP143,E,F,348.49,5.881666666666667,-21.8065,-18.5788,35
14046,1,2021-01-15,23:29:00,12,MTP036,STP143,I,F,348.56,8.635833333333332,82.1675,-27.2958,35
14046,2,2021-01-15,23:59:32,03,MTP036,STP143,E,F,348.57,5.874722222222223,-22.9984,-76.1429,35
14048,1,2021-01-16,03:24:45,06,MTP036,STP143,I,F,348.65,8.725833333333334,82.4339,-83.3156,35
14048,2,2021-01-16,03:55:36,05,MTP036,STP143,E,F,348.66,5.869722222222222,-23.9047,-133.6628,35
14055,1,2021-01-16,17:10:07,11,MTP036,STP144,I,F,348.94,8.986666666666666,83.1417,79.7457,35
14055,2,2021-01-16,17:42:03,12,MTP036,STP144,E,F,348.95,5.8502777777777775,-27.4067,24.928,35
14057,1,2021-01-16,21:06:00,03,MTP036,STP144,I,F,349.03,9.0425,83.2888,23.1791,35
14057,2,2021-01-16,21:38:12,06,MTP036,STP144,E,F,349.04,5.845555555555555,-28.3035,-32.6091,35
14059,1,2021-01-17,01:01:46,05,MTP036,STP144,I,F,349.11,9.10388888888889,83.4396,-33.271,35
14059,2,2021-01-17,01:34:17,04,MTP036,STP144,E,F,349.12,5.839166666666666,-29.3894,-90.1521,35
14062,1,2021-01-17,06:55:28,10,MTP036,STP144,I,F,349.24,9.320277777777777,83.831,-116.1001,35
14062,2,2021-01-17,07:28:25,11,MTP036,STP144,E,F,349.25,5.832777777777777,-30.6202,-176.4277,35
14065,1,2021-01-17,12:49:14,12,MTP036,STP144,I,F,349.37,9.335833333333333,83.9212,158.0463,35
14065,2,2021-01-17,13:22:31,03,MTP036,STP144,E,F,349.38,5.8244444444444445,-32.0899,97.2753,35
14068,1,2021-01-17,18:42:56,06,MTP036,STP144,I,F,349.49,9.557222222222222,84.2578,75.2982,35
14068,2,2021-01-17,19:16:37,05,MTP036,STP144,E,F,349.51,5.818888888888889,-33.1883,11.0209,35
14070,1,2021-01-17,22:38:47,04,MTP036,STP144,I,F,349.58,9.629166666666666,84.3791,18.9833,35
14070,2,2021-01-17,23:12:42,10,MTP036,STP144,E,F,349.59,5.813888888888889,-34.0843,-46.5036,35
14074,1,2021-01-18,06:30:22,11,MTP036,STP144,I,F,349.75,9.890833333333333,84.7111,-91.8525,35
14074,2,2021-01-18,07:04:45,12,MTP036,STP144,E,F,349.76,5.805833333333333,-35.6014,-161.4946,35
14079,1,2021-01-18,16:19:52,09,MTP036,STP144,I,F,349.96,10.186944444444444,85.036,129.1334,35
14079,2,2021-01-18,16:54:49,06,MTP036,STP144,E,F,349.97,5.795555555555556,-37.5582,54.7565,35
14081,1,2021-01-18,20:15:47,05,MTP036,STP144,I,F,350.04,10.270555555555557,85.1293,72.9791,35
14081,2,2021-01-18,20:50:55,04,MTP036,STP144,E,F,350.06,5.792222222222222,-38.2126,-2.7459,35
14085,1,2021-01-19,04:07:22,10,MTP036,STP144,I,F,350.21,10.482777777777779,85.3267,-38.598,35
14085,2,2021-01-19,04:42:55,11,MTP036,STP144,E,F,350.22,5.7844444444444445,-39.7098,-117.7262,35
14088,1,2021-01-19,10:01:11,12,MTP036,STP144,I,F,350.34,10.757777777777777,85.5079,-120.5721,35
14088,2,2021-01-19,10:37:04,09,MTP036,STP144,E,F,350.35,5.777777777777778,-40.8969,155.9937,35
14092,1,2021-01-19,17:52:45,06,MTP036,STP144,I,F,350.51,11.074444444444444,85.6879,129.4232,35
14092,2,2021-01-19,18:28:58,05,MTP036,STP144,E,F,350.52,5.772222222222222,-42.0843,41.075,35
14095,1,2021-01-19,23:46:32,04,MTP036,STP144,I,F,350.63,11.276111111111112,85.7916,46.3537,35
14095,2,2021-01-20,00:23:03,10,MTP036,STP144,E,F,350.65,5.766388888888889,-43.1953,-45.1829,35
14098,1,2021-01-20,05:40:12,11,MTP036,STP144,I,F,350.76,11.555833333333334,85.8923,-35.519,35
14098,2,2021-01-20,06:16:56,12,MTP036,STP144,E,F,350.77,5.763333333333334,-43.9489,-131.3443,35
14102,1,2021-01-20,13:31:55,03,MTP036,STP144,I,F,350.93,11.809166666666668,85.986,-146.5081,35
14102,2,2021-01-20,14:09:01,06,MTP036,STP144,E,F,350.94,5.755,-45.4397,113.6507,35
14104,1,2021-01-20,17:27:42,05,MTP036,STP144,I,F,351.01,12.055000000000001,86.026,159.8021,35
14104,2,2021-01-20,18:04:56,04,MTP036,STP144,E,F,351.03,5.753611111111111,-45.883,56.2179,35
14107,1,2021-01-20,23:21:30,10,MTP036,STP144,I,F,351.14,12.334444444444445,86.0646,77.8958,35
14107,2,2021-01-20,23:59:00,11,MTP036,STP144,E,F,351.15,5.7491666666666665,-46.7934,-30.0104,35
14109,1,2021-01-21,03:17:18,12,MTP036,STP144,I,F,351.22,12.414722222222222,86.0922,21.7172,35
14109,2,2021-01-21,03:54:55,03,MTP036,STP144,E,F,351.24,5.746111111111111,-47.4018,-87.4663,35
14111,1,2021-01-21,07:13:07,06,MTP036,STP144,I,F,351.31,12.740833333333333,86.0773,-30.7779,35
14111,2,2021-01-21,07:50:53,05,MTP036,STP144,E,F,351.32,5.7444444444444445,-47.8612,-144.9135,35
14117,1,2021-01-21,19:00:36,04,MTP036,STP144,I,F,351.56,13.248333333333333,86.0485,164.6666,35
14117,2,2021-01-21,19:38:47,10,MTP036,STP144,E,F,351.57,5.736944444444444,-49.5173,42.7061,35
14119,1,2021-01-21,22:56:30,11,MTP036,STP144,I,F,351.64,13.409722222222223,86.0256,109.6839,35
14119,2,2021-01-21,23:34:50,12,MTP036,STP144,E,F,351.66,5.734166666666667,-50.1008,-14.7777,35
14121,1,2021-01-22,02:52:19,09,MTP036,STP144,I,F,351.73,13.470555555555556,86.0388,53.2098,35
14121,2,2021-01-22,03:30:44,06,MTP036,STP144,E,F,351.74,5.7316666666666665,-50.6472,-72.221,35
14124,1,2021-01-22,08:46:03,05,MTP036,STP144,I,F,351.85,13.889722222222222,85.8897,-26.5861,35
14124,2,2021-01-22,09:24:42,04,MTP036,STP144,E,F,351.87,5.729166666666667,-51.3671,-158.4015,35
14127,1,2021-01-22,14:39:49,10,MTP036,STP144,I,F,351.98,14.01388888888889,85.8757,-110.8122,35
14127,2,2021-01-22,15:18:38,11,MTP036,STP144,E,F,351.99,5.724722222222223,-52.2431,115.4046,35
14130,1,2021-01-22,20:33:36,12,MTP036,STP144,I,F,352.11,14.274444444444445,85.7596,167.0015,35
14130,2,2021-01-22,21:12:35,09,MTP036,STP144,E,F,352.12,5.723333333333334,-52.8513,29.2473,35
14132,1,2021-01-23,00:29:28,06,MTP036,STP144,I,F,352.19,14.406944444444445,85.6991,111.591,35
14132,2,2021-01-23,01:08:34,05,MTP036,STP144,E,F,352.2,5.720555555555555,-53.4139,-28.2204,35
14135,1,2021-01-23,06:23:09,04,MTP036,STP144,I,F,352.31,14.621944444444445,85.5768,28.7499,35
14137,1,2021-01-23,10:19:02,10,MTP036,STP144,I,F,352.4,14.809444444444445,85.4341,-25.8432,35
14141,1,2021-01-23,18:50:14,09,MTP037,STP145,E,F,352.58,5.726944444444444,-55.4513,73.5168,35
14143,1,2021-01-23,22:46:14,12,MTP037,STP145,E,F,352.66,5.713055555555556,-55.8332,15.8769,35
14148,1,2021-01-24,07:56:08,03,MTP037,STP145,I,F,352.86,15.431388888888888,84.8805,27.8333,35
14150,1,2021-01-24,11:52:03,06,MTP037,STP145,I,F,352.94,15.533055555555556,84.761,-28.0524,35
14152,1,2021-01-24,15:47:51,05,MTP037,STP145,I,F,353.03,15.59,84.7152,-84.5825,35
14155,1,2021-01-24,22:21:50,04,MTP037,STP145,E,F,353.17,5.706111111111111,-58.3861,31.281,35
14159,1,2021-01-25,06:13:37,10,MTP037,STP145,E,F,353.33,5.703888888888889,-59.2314,-83.5638,35
14161,1,2021-01-25,10:09:35,11,MTP037,STP145,E,F,353.42,5.703333333333333,-59.5998,-140.9929,35
14164,1,2021-01-25,15:22:57,12,MTP037,STP145,I,F,353.53,16.09472222222222,83.9322,-61.3821,35
14166,1,2021-01-25,19:18:42,09,MTP037,STP145,I,F,353.61,16.201944444444443,83.6792,-117.1424,35
14169,1,2021-01-26,01:53:20,06,MTP037,STP145,E,F,353.75,5.700277777777778,-61.1953,-10.7026,35
14171,1,2021-01-26,05:49:10,05,MTP037,STP145,E,F,353.83,5.7,-61.5581,-68.0979,35
14174,1,2021-01-26,11:02:11,04,MTP037,STP145,I,F,353.95,16.455277777777777,83.0785,17.057,35
14178,1,2021-01-26,18:53:47,10,MTP037,STP145,I,F,354.11,16.557222222222222,82.8088,-96.1821,35
14180,1,2021-01-26,22:49:43,11,MTP037,STP145,I,F,354.2,16.610833333333336,82.6455,-152.7945,35
14183,1,2021-01-27,05:24:37,12,MTP037,STP145,E,F,354.34,5.6994444444444445,-63.7073,-52.5624,35
14185,1,2021-01-27,09:20:30,03,MTP037,STP145,E,F,354.42,5.700833333333334,-63.96,-109.9446,35
14188,1,2021-01-27,15:14:26,06,MTP037,STP145,E,F,354.54,5.7,-64.5621,163.9111,35
14191,1,2021-01-27,20:26:48,05,MTP037,STP145,I,F,354.65,16.86916666666667,81.71,-104.5712,35
14193,1,2021-01-28,00:22:42,09,MTP037,STP145,I,F,354.74,16.86777777777778,81.4595,-161.9994,35
14196,1,2021-01-28,06:58:00,09,MTP037,STP145,E,F,354.88,5.720555555555555,-65.86,-65.4056,35
14198,1,2021-01-28,10:53:52,04,MTP037,STP145,E,F,354.96,5.704444444444444,-66.0919,-123.0461,35
14201,1,2021-01-28,16:06:10,10,MTP037,STP145,I,F,355.07,17.046111111111113,80.9335,-28.9188,35
14203,1,2021-01-28,20:01:55,11,MTP037,STP145,I,F,355.15,17.085833333333333,80.6991,-85.6963,35
14205,1,2021-01-28,23:57:50,12,MTP037,STP145,I,F,355.24,17.1225,80.4757,-142.5574,35
14208,1,2021-01-29,06:33:20,09,MTP037,STP145,E,F,355.37,5.708611111111111,-67.7122,-50.0111,35
14210,1,2021-01-29,10:29:13,06,MTP037,STP145,E,F,355.46,5.711388888888889,-67.9308,-107.3762,35
14213,1,2021-01-29,16:23:08,05,MTP037,STP145,E,F,355.58,5.711944444444445,-68.479,166.5058,35
14216,1,2021-01-29,21:35:00,04,MTP037,STP145,I,F,355.69,17.279722222222222,79.4741,-95.8733,35
14218,1,2021-01-30,01:30:56,10,MTP037,STP145,I,F,355.77,17.305555555555557,79.2821,-152.8992,35
14221,1,2021-01-30,08:06:35,11,MTP037,STP145,E,F,355.91,5.720277777777778,-69.5588,-62.9636,35
14226,1,2021-01-30,17:56:21,12,MTP037,STP146,E,F,356.12,5.724722222222223,-70.3172,153.5804,35
14229,1,2021-01-30,23:08:07,03,MTP037,STP146,I,F,356.23,17.434444444444445,78.1905,-106.647,35
14231,1,2021-01-31,03:04:01,06,MTP037,STP146,I,F,356.31,17.454722222222223,78.0017,-163.7483,35
14233,1,2021-01-31,06:59:49,05,MTP037,STP146,I,F,356.4,17.471944444444443,77.8674,139.1265,35
14236,1,2021-01-31,13:35:46,04,MTP037,STP146,E,F,356.54,5.739722222222222,-71.5707,-133.2176,35
14238,1,2021-01-31,17:31:40,10,MTP037,STP146,E,F,356.62,5.741388888888889,-71.9091,169.4017,35
14240,1,2021-01-31,21:27:27,11,MTP037,STP146,E,F,356.7,5.745555555555556,-72.1208,112.0824,35
14243,1,2021-02-01,02:39:14,12,MTP037,STP146,I,F,356.81,17.5675,76.7657,-146.4602,35
14245,1,2021-02-01,06:34:59,09,MTP037,STP146,I,F,356.89,17.551666666666666,76.5814,155.9279,35
14250,1,2021-02-01,17:06:59,09,MTP037,STP146,E,F,357.11,5.789444444444444,-73.4079,-174.3054,35
14252,1,2021-02-01,21:02:43,03,MTP037,STP146,E,F,357.2,5.7675,-73.6554,127.998,35
14255,1,2021-02-02,02:14:25,06,MTP037,STP146,I,F,357.31,17.662777777777777,75.4404,-129.4295,35
14257,1,2021-02-02,06:10:17,05,MTP037,STP146,I,F,357.39,17.67527777777778,75.2935,173.357,35
14259,1,2021-02-02,10:06:06,04,MTP037,STP146,I,F,357.47,17.689444444444444,75.0453,116.1854,35
14263,1,2021-02-02,18:40:07,10,MTP037,STP146,E,F,357.65,5.793333333333333,-75.0064,172.6513,35
14265,1,2021-02-02,22:35:53,11,MTP037,STP146,E,F,357.73,5.799444444444444,-75.1859,115.3674,35
14267,1,2021-02-03,02:31:50,12,MTP037,STP146,E,F,357.81,5.805555555555555,-75.3874,58.0378,35
14270,1,2021-02-03,07:43:24,09,MTP037,STP146,I,F,357.92,17.758333333333333,73.8219,161.5087,35
14274,1,2021-02-03,15:35:11,06,MTP037,STP146,I,F,358.09,17.7825,73.2508,47.0583,35
14277,1,2021-02-03,22:11:04,05,MTP037,STP146,E,F,358.23,5.836388888888888,-76.5752,131.522,35
14279,1,2021-02-04,02:07:00,04,MTP037,STP146,E,F,358.31,5.844166666666666,-76.7296,74.2225,35
14282,1,2021-02-04,07:18:39,10,MTP037,STP146,I,F,358.42,17.82361111111111,72.3506,178.0705,35
14286,1,2021-02-04,15:10:27,11,MTP037,STP146,I,F,358.58,17.843888888888888,71.7464,63.5589,35
14288,1,2021-02-04,19:06:19,12,MTP037,STP146,I,F,358.66,17.852222222222224,71.5952,6.2835,35
14291,1,2021-02-05,01:42:09,09,MTP037,STP146,E,F,358.8,5.892222222222221,-78.0362,90.554,35
14293,1,2021-02-05,05:38:04,06,MTP037,STP146,E,F,358.88,5.900833333333334,-78.3255,33.2682,35
14295,1,2021-02-05,09:33:52,05,MTP037,STP146,E,F,358.97,5.910277777777778,-78.5444,-23.9732,35
14298,1,2021-02-05,14:45:41,04,MTP037,STP146,I,F,359.07,17.895555555555553,70.1746,79.9224,35
14301,1,2021-02-05,20:39:28,09,MTP037,STP146,I,F,359.2,17.885277777777777,69.8856,-6.329,35
14304,1,2021-02-06,03:15:18,09,MTP037,STP146,E,F,359.33,5.998888888888889,-79.3558,79.0477,35
14306,1,2021-02-06,07:11:10,10,MTP037,STP146,E,F,359.42,5.97,-79.6997,21.2161,35
14312,1,2021-02-06,18:16:57,12,MTP037,STP147,I,F,359.65,17.94611111111111,68.2702,38.8264,35
14314,1,2021-02-06,22:12:44,03,MTP037,STP147,I,F,359.73,17.952222222222222,68.0501,-18.4596,35
14318,1,2021-02-07,06:04:38,06,MTP037,STP147,I,F,359.89,17.965,67.3523,-133.1127,35
14321,1,2021-02-07,12:40:00,05,MTP037,STP147,E,F,0.03,6.076388888888888,-81.126,-47.6545,36
14323,1,2021-02-07,16:35:54,04,MTP037,STP147,E,F,0.11,6.093611111111111,-81.3336,-104.808,36
14326,1,2021-02-07,22:29:39,10,MTP037,STP147,E,F,0.23,6.1211111111111105,-81.6705,169.5161,36
14331,1,2021-02-08,07:37:58,11,MTP037,STP147,I,F,0.42,18.000555555555554,65.3931,-145.7291,36
14333,1,2021-02-08,11:33:47,12,MTP037,STP147,I,F,0.51,18.005555555555556,65.1102,156.9558,36
14337,1,2021-02-08,20:06:53,03,MTP037,STP147,E,F,0.68,6.237777777777778,-82.703,-144.4296,36
14339,1,2021-02-09,00:02:38,06,MTP037,STP147,E,F,0.77,6.262777777777778,-82.8913,158.5716,36
14342,1,2021-02-09,05:15:27,05,MTP037,STP147,I,F,0.87,18.02583333333333,63.4993,-101.1122,36
14344,1,2021-02-09,09:11:20,04,MTP037,STP147,I,F,0.96,18.030277777777776,63.2651,-158.4503,36
14346,1,2021-02-09,13:07:12,10,MTP037,STP147,I,F,1.04,18.034166666666668,62.871,144.2068,36
14350,1,2021-02-09,21:39:54,11,MTP037,STP147,E,F,1.21,6.427777777777778,-83.9171,-154.6576,36
14354,1,2021-02-10,05:31:35,12,MTP037,STP147,E,F,1.38,6.496111111111111,-84.2158,91.5763,36
14356,1,2021-02-10,09:27:26,09,MTP037,STP147,E,F,1.46,6.545277777777778,-84.4889,34.9149,36
14359,1,2021-02-10,14:40:39,06,MTP037,STP147,I,F,1.57,18.056944444444444,60.4857,131.3676,36
14362,1,2021-02-10,20:34:32,09,MTP037,STP147,I,F,1.69,18.046944444444446,60.0423,45.0944,36
14365,1,2021-02-11,03:08:41,09,MTP037,STP147,E,F,1.82,6.823055555555555,-85.0865,140.815,36
14367,1,2021-02-11,07:04:36,05,MTP037,STP147,E,F,1.91,6.809444444444444,-85.3679,83.1992,36
14370,1,2021-02-11,12:18:14,04,MTP037,STP147,I,F,2.01,18.072499999999998,58.417,175.8188,36
14372,1,2021-02-11,16:14:11,10,MTP037,STP147,I,F,2.1,18.07472222222222,57.8974,118.4276,36
14374,1,2021-02-11,20:10:09,11,MTP037,STP147,I,F,2.18,18.077222222222222,57.5673,61.0406,36
14377,1,2021-02-12,02:43:40,12,MTP037,STP147,E,F,2.31,7.180833333333334,-86.2284,161.8275,36
14379,1,2021-02-12,06:39:37,03,MTP037,STP147,E,F,2.39,7.256111111111111,-86.34,105.5347,36
14381,1,2021-02-12,10:35:27,06,MTP037,STP147,E,F,2.47,7.389166666666667,-86.5794,50.1356,36
14384,1,2021-02-12,15:49:46,05,MTP037,STP147,I,F,2.58,18.08722222222222,55.3478,134.1168,36
14387,1,2021-02-12,21:43:45,04,MTP037,STP147,I,F,2.7,18.09,54.7356,48.0114,36
14390,1,2021-02-13,03:37:32,09,MTP037,STP147,I,F,2.83,18.08,54.0785,-38.2401,36
14390,2,2021-02-13,04:16:41,09,MTP037,STP147,E,F,2.84,8.01388888888889,-87.0529,161.2436,36
14392,1,2021-02-13,07:33:37,10,MTP037,STP147,I,F,2.91,18.09361111111111,53.509,-95.4877,36
14392,2,2021-02-13,08:12:34,11,MTP037,STP147,E,F,2.92,8.15611111111111,-87.3701,105.9671,36
14399,1,2021-02-13,21:19:27,12,MTP037,STP148,I,F,3.19,18.098055555555554,51.8773,63.6011,36
14399,2,2021-02-13,21:57:59,03,MTP037,STP148,E,F,3.2,8.920555555555556,-87.7932,-83.4396,36
14401,1,2021-02-14,01:15:18,06,MTP037,STP148,I,F,3.27,18.099444444444444,51.48,6.226,36
14401,2,2021-02-14,01:53:44,05,MTP037,STP148,E,F,3.29,9.21111111111111,-87.9035,-136.4516,36
14403,1,2021-02-14,05:11:19,04,MTP037,STP148,I,F,3.35,18.099722222222223,50.7848,-51.2118,36
14403,2,2021-02-14,05:49:36,10,MTP037,STP148,E,F,3.37,9.389999999999999,-87.9413,168.8256,36
14408,1,2021-02-14,15:01:11,11,MTP037,STP148,I,F,3.56,18.101944444444445,49.58,165.2695,36
14408,2,2021-02-14,15:39:10,12,MTP037,STP148,E,F,3.57,10.30388888888889,-88.1366,39.0536,36
14412,1,2021-02-14,22:53:13,03,MTP037,STP148,I,F,3.72,18.103333333333335,48.5373,50.4143,36
14412,2,2021-02-14,23:30:54,06,MTP037,STP148,E,F,3.73,11.153055555555556,-88.2046,-63.0122,36
14416,1,2021-02-15,06:45:11,05,MTP037,STP148,I,F,3.88,18.103333333333335,47.2675,-64.4434,36
14416,2,2021-02-15,07:22:35,04,MTP037,STP148,E,F,3.89,11.780277777777778,-88.1768,-168.3902,36
14419,1,2021-02-15,12:39:06,10,MTP037,STP148,I,F,4.0,18.104444444444447,46.5534,-150.5632,36
14419,2,2021-02-15,13:16:17,11,MTP037,STP148,E,F,4.01,12.554444444444446,-88.1085,117.1428,36
14421,1,2021-02-15,16:35:04,12,MTP037,STP148,I,F,4.08,18.104166666666668,45.9105,152.0128,36
14421,2,2021-02-15,17:12:05,09,MTP037,STP148,E,F,4.09,12.776111111111112,-88.0541,63.0811,36
14427,1,2021-02-16,04:22:59,12,MTP037,STP148,C,F,4.32,18.094166666666666,44.2102,-20.4211,36
14427,2,2021-02-16,04:59:36,09,MTP037,STP148,E,F,4.34,13.421666666666667,-87.7251,-99.4179,36
14429,1,2021-02-16,08:19:10,06,MTP037,STP148,I,F,4.4,18.103333333333335,43.3379,-77.7627,36
14429,2,2021-02-16,08:55:28,05,MTP037,STP148,E,F,4.42,14.053611111111111,-87.6217,-147.3403,36
14433,1,2021-02-16,16:11:05,04,MTP037,STP148,I,F,4.57,18.102777777777778,42.1388,167.3804,36
14433,2,2021-02-16,16:47:03,10,MTP037,STP148,E,F,4.58,14.480277777777777,-87.3496,104.2925,36
14437,1,2021-02-17,00:03:11,11,MTP037,STP148,I,F,4.73,18.101944444444445,40.875,52.4768,36
14437,2,2021-02-17,00:38:46,12,MTP037,STP148,E,F,4.74,14.832222222222223,-87.0451,-5.2295,36
14440,1,2021-02-17,05:57:09,09,MTP037,STP148,I,F,4.85,18.100555555555555,39.7736,-33.688,36
14440,2,2021-02-17,06:32:27,06,MTP037,STP148,E,F,4.86,15.005555555555556,-86.8415,-88.7061,36
14443,1,2021-02-17,11:51:13,05,MTP037,STP148,I,F,4.97,18.099722222222223,38.7856,-119.8718,36
14443,2,2021-02-17,12:26:13,04,MTP037,STP148,E,F,4.98,15.311388888888889,-86.4755,-170.2111,36
14446,1,2021-02-17,17:45:14,10,MTP037,STP148,I,F,5.09,18.097777777777775,37.59,153.9466,36
14446,2,2021-02-17,18:19:53,11,MTP037,STP148,E,F,5.1,15.431944444444444,-86.2559,105.526,36
14449,1,2021-02-17,23:39:22,12,MTP037,STP148,I,F,5.21,18.09611111111111,36.5127,67.7397,36
14449,2,2021-02-18,00:13:41,03,MTP037,STP148,E,F,5.22,15.566111111111113,-85.9952,21.4348,36
14453,1,2021-02-18,07:31:25,06,MTP037,STP148,I,F,5.37,18.093333333333334,34.8851,-47.1876,36
14453,2,2021-02-18,08:05:18,05,MTP037,STP148,E,F,5.38,15.698333333333334,-85.6766,-91.3562,36
14455,1,2021-02-18,11:27:32,04,MTP037,STP148,I,F,5.45,18.091666666666665,34.0946,-104.6692,36
14455,2,2021-02-18,12:01:08,10,MTP037,STP148,E,F,5.46,15.854444444444445,-85.337,-146.4107,36
14459,1,2021-02-18,19:19:32,09,MTP037,STP148,I,F,5.61,18.080277777777777,32.5706,140.2865,36
14459,2,2021-02-18,19:52:46,09,MTP037,STP148,E,F,5.62,15.84,-85.0322,98.5982,36
14463,1,2021-02-19,03:11:41,11,MTP037,STP148,I,F,5.77,18.085555555555555,30.8964,25.463,36
14463,2,2021-02-19,03:44:16,12,MTP037,STP148,E,F,5.78,16.116111111111113,-84.4712,-12.0114,36
14466,1,2021-02-19,09:05:56,03,MTP037,STP148,I,F,5.89,18.08138888888889,29.2651,-60.812,36
14466,2,2021-02-19,09:38:05,06,MTP037,STP148,E,F,5.91,16.16222222222222,-84.2345,-97.4226,36
14468,1,2021-02-19,13:01:57,05,MTP037,STP148,I,F,5.97,18.08,28.5587,-118.2735,36
14468,2,2021-02-19,13:33:51,04,MTP037,STP148,E,F,5.99,16.258333333333333,-83.8662,-153.3598,36
14470,1,2021-02-19,16:58:01,10,MTP037,STP148,I,F,6.05,18.0775,27.5415,-175.7595,36
14470,2,2021-02-19,17:29:37,11,MTP037,STP148,E,F,6.07,16.265833333333333,-83.7647,149.3758,36
14474,1,2021-02-20,00:50:16,12,MTP037,STP148,I,F,6.22,18.073055555555555,25.7413,69.2442,36
14474,2,2021-02-20,01:21:18,09,MTP037,STP148,E,F,6.23,16.349444444444444,-83.3119,35.8367,36
14477,1,2021-02-20,06:44:24,06,MTP037,STP148,I,F,6.34,18.06861111111111,24.0813,-17.0098,36
14477,2,2021-02-20,07:14:56,05,MTP037,STP148,E,F,6.35,16.398055555555555,-83.0,-49.4991,36
14479,1,2021-02-20,10:40:39,04,MTP037,STP148,I,F,6.42,18.06527777777778,22.9266,-74.553,36
14479,2,2021-02-20,11:10:48,10,MTP037,STP148,E,F,6.43,16.46388888888889,-82.6344,-105.9129,36
14483,1,2021-02-20,18:32:45,09,MTP038,STP149,I,F,6.58,18.052500000000002,21.0688,170.3593,36
14483,2,2021-02-20,19:02:24,09,MTP038,STP149,E,F,6.59,16.427222222222223,-82.3534,138.7662,36
14486,1,2021-02-21,00:27:07,03,MTP038,STP149,I,F,6.7,18.055,19.2922,84.1607,36
14486,2,2021-02-21,00:56:04,06,MTP038,STP149,E,F,6.71,16.579722222222223,-81.7495,54.9822,36
14490,1,2021-02-21,08:19:25,05,MTP038,STP149,I,F,6.86,18.047777777777778,16.8572,-30.8921,36
14490,2,2021-02-21,08:47:35,04,MTP038,STP149,E,F,6.87,16.641944444444444,-81.2033,-58.8374,36
14492,1,2021-02-21,12:15:41,10,MTP038,STP149,I,F,6.94,18.04361111111111,15.5558,-88.4552,36
14492,2,2021-02-21,12:43:24,11,MTP038,STP149,E,F,6.95,16.701944444444443,-80.7194,-115.3233,36
14494,1,2021-02-21,16:11:46,12,MTP038,STP149,I,F,7.02,18.040277777777778,14.4985,-145.9581,36
14494,2,2021-02-21,16:39:09,03,MTP038,STP149,E,F,7.03,16.711388888888887,-80.5555,-172.5562,36
14497,1,2021-02-21,22:06:09,06,MTP038,STP149,I,F,7.14,18.033611111111114,12.3893,127.6911,36
14497,2,2021-02-21,22:32:50,05,MTP038,STP149,E,F,7.15,16.766944444444444,-79.9977,102.2017,36
14501,1,2021-02-22,05:58:29,04,MTP038,STP149,I,F,7.3,18.025277777777777,9.9306,12.6219,36
14501,2,2021-02-22,06:24:17,10,MTP038,STP149,E,F,7.31,16.824444444444445,-79.3182,-11.6726,36
14503,1,2021-02-22,09:54:54,11,MTP038,STP149,I,F,7.38,18.019166666666667,8.1803,-45.0071,36
14503,2,2021-02-22,10:20:10,12,MTP038,STP149,E,F,7.39,16.83861111111111,-79.0858,-68.8686,36
14506,1,2021-02-22,15:49:12,09,MTP038,STP149,I,F,7.5,18.0125,6.2552,-131.3323,36
14506,2,2021-02-22,16:13:46,06,MTP038,STP149,E,F,7.51,16.890833333333333,-78.4284,-154.1376,36
14508,1,2021-02-22,19:45:29,05,MTP038,STP149,I,F,7.58,18.00638888888889,4.5655,171.0694,36
14508,2,2021-02-22,20:09:30,04,MTP038,STP149,E,F,7.59,16.91,-78.1178,148.7802,36
14513,1,2021-02-23,05:36:01,09,MTP038,STP149,I,F,7.78,17.986666666666668,1.274,27.0597,36
14513,2,2021-02-23,05:58:56,09,MTP038,STP149,E,F,7.79,16.920833333333334,-77.3284,5.4926,36
14515,1,2021-02-23,09:32:36,10,MTP038,STP149,I,F,7.86,17.985,-1.0657,-30.5411,36
14515,2,2021-02-23,09:54:39,11,MTP038,STP149,E,F,7.87,16.997500000000002,-76.7051,-50.7231,36
14518,1,2021-02-23,15:27:06,12,MTP038,STP149,I,F,7.98,17.975277777777777,-3.5,-116.9629,36
14518,2,2021-02-23,15:48:11,09,MTP038,STP149,E,F,7.99,17.06138888888889,-75.6577,-135.8055,36
14520,1,2021-02-23,19:23:29,06,MTP038,STP149,I,F,8.06,17.96722222222222,-5.5035,-174.6127,36
14520,2,2021-02-23,19:43:55,05,MTP038,STP149,E,F,8.07,17.072777777777777,-75.3605,166.996,36
14523,1,2021-02-24,01:18:09,04,MTP038,STP149,I,F,8.18,17.955555555555556,-8.2729,98.898,36
14523,2,2021-02-24,01:37:32,10,MTP038,STP149,E,F,8.18,17.115833333333335,-74.4814,81.586,36
14682,1,2021-03-09,00:18:01,03,MTP038,STP151,I,F,14.43,8.335833333333333,-79.1909,93.3555,36
14682,2,2021-03-09,00:36:30,06,MTP038,STP151,E,F,14.43,6.141944444444444,-17.7327,55.9496,36
14684,1,2021-03-09,04:13:48,05,MTP038,STP151,I,F,14.51,8.455277777777777,-79.5847,37.7664,36
14684,2,2021-03-09,04:33:00,04,MTP038,STP151,E,F,14.51,6.127222222222222,-15.7595,-1.8282,36
14686,1,2021-03-09,08:09:29,10,MTP038,STP151,I,F,14.58,8.616388888888888,-80.0704,-17.1757,36
14686,2,2021-03-09,08:29:24,11,MTP038,STP151,E,F,14.59,6.1125,-13.7973,-59.5824,36
14689,1,2021-03-09,14:02:58,12,MTP038,STP151,I,F,14.7,8.82,-80.5841,-100.1531,36
14689,2,2021-03-09,14:23:52,03,MTP038,STP151,E,F,14.71,6.093055555555555,-11.1419,-146.14,36
14692,1,2021-03-09,19:56:39,06,MTP038,STP151,I,F,14.82,9.066111111111113,-81.1133,177.4633,36
14692,2,2021-03-09,20:18:37,05,MTP038,STP151,E,F,14.83,6.070555555555555,-8.0802,127.1851,36
14696,1,2021-03-10,03:47:58,09,MTP038,STP151,I,F,14.98,9.520833333333334,-81.7467,69.5793,36
14696,2,2021-03-10,04:11:16,09,MTP038,STP151,E,F,14.98,6.052777777777778,-4.614,11.8882,36
14698,1,2021-03-10,07:43:49,04,MTP038,STP151,I,F,15.05,9.571388888888889,-81.9239,12.9366,36
14698,2,2021-03-10,08:07:30,10,MTP038,STP151,E,F,15.06,6.035555555555556,-3.2985,-45.8622,36
14701,1,2021-03-10,13:37:24,11,MTP038,STP151,I,F,15.17,9.746388888888887,-82.1191,-70.486,36
14701,2,2021-03-10,14:01:49,12,MTP038,STP151,E,F,15.18,6.018888888888889,-1.0529,-132.3413,36
14704,1,2021-03-10,19:31:06,09,MTP038,STP151,I,F,15.29,10.055277777777778,-82.4408,-151.9359,36
14704,2,2021-03-10,19:56:24,12,MTP038,STP151,E,F,15.3,6.0,1.4511,141.0823,36
14707,1,2021-03-11,01:24:38,05,MTP038,STP151,I,F,15.4,10.312777777777779,-82.6427,125.8884,36
14707,2,2021-03-11,01:50:35,04,MTP038,STP151,E,F,15.41,5.985277777777778,3.374,54.6608,36
14710,1,2021-03-11,07:18:24,10,MTP038,STP151,I,F,15.52,10.51388888888889,-82.7578,42.8091,36
14710,2,2021-03-11,07:45:00,11,MTP038,STP151,E,F,15.53,5.97,5.3718,-31.826,36
14712,1,2021-03-11,11:14:06,06,MTP038,STP151,I,F,15.6,10.674166666666666,-82.8388,-12.1505,36
14712,2,2021-03-11,11:41:10,09,MTP038,STP151,E,F,15.61,5.958888888888889,6.776,-89.4705,36
14714,1,2021-03-11,15:09:50,06,MTP038,STP151,I,F,15.68,10.855833333333333,-82.9173,-66.7964,36
14714,2,2021-03-11,15:37:20,05,MTP038,STP151,E,F,15.69,5.949166666666667,7.9858,-147.0915,36
14719,1,2021-03-12,00:59:18,04,MTP038,STP151,I,F,15.87,11.250277777777777,-83.0165,155.6593,36
14719,2,2021-03-12,01:27:50,10,MTP038,STP151,E,F,15.88,5.9225,11.2192,68.7975,36
14721,1,2021-03-12,04:55:10,11,MTP038,STP151,I,F,15.95,11.361944444444443,-83.021,99.9337,36
14721,2,2021-03-12,05:24:02,12,MTP038,STP151,E,F,15.96,5.913611111111112,12.2538,11.1813,36
14724,1,2021-03-12,10:48:44,09,MTP038,STP151,I,F,16.07,11.725,-82.9405,19.3287,36
14724,2,2021-03-12,11:18:19,09,MTP038,STP151,E,F,16.08,5.903611111111111,14.2785,-75.191,36
14726,1,2021-03-12,14:44:34,09,MTP038,STP151,I,F,16.15,11.690833333333334,-83.0144,-38.5751,36
14726,2,2021-03-12,15:14:20,06,MTP038,STP151,E,F,16.16,5.888611111111111,15.097,-132.8567,36
14731,1,2021-03-13,00:34:03,05,MTP038,STP151,I,F,16.34,12.053611111111111,-82.9563,-176.5978,36
14731,2,2021-03-13,01:04:42,04,MTP038,STP151,E,F,16.35,5.8625,17.9253,83.074,36
14733,1,2021-03-13,04:29:51,10,MTP038,STP151,I,F,16.42,12.193888888888889,-82.9159,128.1143,36
14733,2,2021-03-13,05:00:48,11,MTP038,STP151,E,F,16.43,5.853888888888888,18.7911,25.4843,36
14735,1,2021-03-13,08:25:41,12,MTP038,STP151,I,F,16.5,12.32638888888889,-82.8672,72.7068,36
14735,2,2021-03-13,08:56:57,03,MTP038,STP151,E,F,16.51,5.8438888888888885,19.8162,-32.138,36
14742,1,2021-03-13,22:11:03,03,MTP038,STP152,I,F,16.77,12.660555555555556,-82.6729,-123.1465,36
14742,2,2021-03-13,22:43:20,06,MTP038,STP152,E,F,16.78,5.807777777777778,23.3311,126.2031,36
14745,1,2021-03-14,04:04:39,05,MTP038,STP152,I,F,16.88,12.8375,-82.5569,153.4488,36
14745,2,2021-03-14,04:37:19,04,MTP038,STP152,E,F,16.9,5.795277777777778,24.4657,39.8654,36
14747,1,2021-03-14,08:00:31,10,MTP038,STP152,I,F,16.96,12.945833333333333,-82.4743,97.6706,36
14747,2,2021-03-14,08:33:27,11,MTP038,STP152,E,F,16.97,5.785277777777778,25.3764,-17.7555,36
14750,1,2021-03-14,13:54:10,12,MTP038,STP152,I,F,17.08,13.011944444444444,-82.391,12.5941,36
14750,2,2021-03-14,14:27:28,03,MTP038,STP152,E,F,17.09,5.769722222222222,26.7322,-104.1476,36
14752,1,2021-03-14,17:49:56,06,MTP038,STP152,I,F,17.16,13.205277777777777,-82.2429,-41.8859,36
14752,2,2021-03-14,18:23:31,05,MTP038,STP152,E,F,17.17,5.760833333333333,27.4614,-161.7254,36
14757,1,2021-03-15,03:39:24,09,MTP038,STP152,I,F,17.35,13.40638888888889,-81.8947,177.67,36
14757,2,2021-03-15,04:13:41,09,MTP038,STP152,E,F,17.36,5.741388888888889,29.7452,54.3542,36
14759,1,2021-03-15,07:35:22,04,MTP038,STP152,I,F,17.43,13.41,-81.976,120.2981,36
14759,2,2021-03-15,08:09:45,10,MTP038,STP152,E,F,17.44,5.724444444444445,30.3748,-3.3526,36
14762,1,2021-03-15,13:28:59,11,MTP038,STP152,I,F,17.54,13.525,-81.8275,35.9588,36
14762,2,2021-03-15,14:03:44,12,MTP038,STP152,E,F,17.56,5.708611111111111,31.5816,-89.7418,36
14764,1,2021-03-15,17:24:47,09,MTP038,STP152,I,F,17.62,13.634166666666665,-81.6909,-19.7877,36
14764,2,2021-03-15,17:59:45,06,MTP038,STP152,E,F,17.63,5.698888888888889,32.2781,-147.3266,36
14767,1,2021-03-15,23:18:38,05,MTP038,STP152,I,F,17.74,13.678055555555554,-81.5949,-105.2466,36
14767,2,2021-03-15,23:53:53,04,MTP038,STP152,E,F,17.75,5.681666666666667,33.5244,126.2278,36
14771,1,2021-03-16,07:10:13,10,MTP038,STP152,I,F,17.89,13.813611111111111,-81.3779,142.0162,36
14771,2,2021-03-16,07:45:52,11,MTP038,STP152,E,F,17.91,5.662222222222223,34.8249,11.0687,36
14775,1,2021-03-16,15:01:46,12,MTP038,STP152,I,F,18.05,13.919166666666666,-81.1806,28.8355,36
14775,2,2021-03-16,15:37:47,09,MTP038,STP152,E,F,18.06,5.641111111111111,36.181,-104.0984,36
14777,1,2021-03-16,18:57:36,06,MTP038,STP152,I,F,18.13,14.024166666666668,-81.0076,-26.9845,36
14777,2,2021-03-16,19:33:49,05,MTP038,STP152,E,F,18.14,5.630833333333334,36.821,-161.6966,36
14783,1,2021-03-17,06:45:07,04,MTP038,STP152,I,F,18.36,14.133333333333333,-80.7421,162.4643,36
14783,2,2021-03-17,07:21:50,10,MTP038,STP152,E,F,18.37,5.5975,38.7952,25.4933,36
14785,1,2021-03-17,10:40:59,11,MTP038,STP152,I,F,18.44,14.172777777777776,-80.6454,105.6538,36
14785,2,2021-03-17,11:17:51,12,MTP038,STP152,E,F,18.45,5.585555555555556,39.4812,-32.1258,36
14788,1,2021-03-17,16:34:34,09,MTP038,STP152,I,F,18.55,14.233055555555556,-80.3622,20.5052,36
14788,2,2021-03-17,17:11:47,09,MTP038,STP152,E,F,18.56,5.576388888888888,40.5492,-118.4059,36
14793,1,2021-03-18,02:24:13,03,MTP038,STP152,I,F,18.75,14.328333333333333,-80.2397,-121.5717,36
14793,2,2021-03-18,03:01:42,06,MTP038,STP152,E,F,18.76,5.538888888888889,41.9648,97.467,36
14796,1,2021-03-18,08:17:59,05,MTP038,STP152,I,F,18.86,14.408888888888889,-80.0365,153.5402,36
14796,2,2021-03-18,08:55:42,04,MTP038,STP152,E,F,18.87,5.523055555555556,42.7395,11.0728,36
14798,1,2021-03-18,12:13:47,10,MTP038,STP152,I,F,18.94,14.450555555555555,-79.9189,96.7742,36
14798,2,2021-03-18,12:51:40,11,MTP038,STP152,E,F,18.95,5.51,43.3796,-46.5505,36
14800,1,2021-03-18,16:09:33,12,MTP038,STP152,I,F,19.02,14.470555555555556,-79.8408,39.7004,36
14800,2,2021-03-18,16:47:33,03,MTP038,STP152,E,F,19.03,5.4991666666666665,43.8774,-104.1211,36
14804,1,2021-03-19,00:01:19,06,MTP038,STP152,I,F,19.17,14.553055555555556,-79.5946,-73.8798,36
14804,2,2021-03-19,00:39:35,05,MTP038,STP152,E,F,19.18,5.473055555555556,45.0662,140.6077,36
14807,1,2021-03-19,05:54:58,04,MTP038,STP152,I,F,19.29,14.613055555555555,-79.4055,-159.0486,36
14807,2,2021-03-19,06:33:26,10,MTP038,STP152,E,F,19.3,5.456388888888889,45.7692,54.2413,36
14809,1,2021-03-19,09:50:52,11,MTP038,STP152,I,F,19.36,14.644166666666667,-79.2955,144.0097,36
14809,2,2021-03-19,10:29:28,12,MTP038,STP152,E,F,19.38,5.442777777777778,46.343,-3.4054,36
14812,1,2021-03-19,15:44:32,09,MTP038,STP152,I,F,19.48,14.665555555555557,-79.1862,58.2568,36
14812,2,2021-03-19,16:23:17,06,MTP038,STP152,E,F,19.49,5.423888888888889,47.1053,-89.798,36
14814,1,2021-03-19,19:40:23,05,MTP038,STP152,I,F,19.56,14.715,-79.0288,1.5988,36
14814,2,2021-03-19,20:19:14,04,MTP038,STP152,E,F,19.57,5.411944444444445,47.5666,-147.4014,36
14821,1,2021-03-20,10:05:04,10,MTP038,STP152,E,F,19.84,5.364999999999999,49.3212,10.9058,36
14826,1,2021-03-20,19:54:52,09,MTP039,STP153,E,F,20.03,5.34,50.6075,-133.008,36
14829,1,2021-03-21,01:48:51,06,MTP039,STP153,E,F,20.15,5.305833333333333,51.3433,140.3311,36
14832,1,2021-03-21,07:02:51,05,MTP039,STP153,I,F,20.25,14.943333333333333,-78.0446,-151.5282,36
15014,1,2021-04-05,04:44:58,03,MTP039,STP155,I,F,27.2,16.171666666666667,-66.3705,43.5904,36
15016,1,2021-04-05,08:40:49,06,MTP039,STP155,I,F,27.27,16.172222222222224,-66.3099,-13.8008,36
15019,1,2021-04-05,15:15:50,05,MTP039,STP155,E,F,27.4,1.0899999999999999,78.4082,23.8314,36
15021,1,2021-04-05,19:11:40,04,MTP039,STP155,E,F,27.47,0.9402777777777778,78.4978,-35.8076,36
15024,1,2021-04-06,00:24:13,10,MTP039,STP155,I,F,27.57,16.22,-65.5629,117.3204,36
15026,1,2021-04-06,04:20:09,11,MTP039,STP155,I,F,27.65,16.236666666666668,-65.3156,60.1478,36
15029,1,2021-04-06,10:13:56,12,MTP039,STP155,I,F,27.76,16.241944444444446,-65.1694,-25.873,36
15032,1,2021-04-06,16:48:37,03,MTP039,STP155,E,F,27.89,0.31055555555555553,78.6384,-0.8988,36
15034,1,2021-04-06,20:44:25,06,MTP039,STP155,E,F,27.97,0.15611111111111112,78.6367,-60.6018,36
15036,1,2021-04-07,00:40:09,05,MTP039,STP155,E,F,28.04,0.052222222222222225,78.6159,-119.534,36
15039,1,2021-04-07,05:53:21,04,MTP039,STP155,I,F,28.14,16.30638888888889,-64.1145,48.0551,36
15041,1,2021-04-07,09:49:08,09,MTP039,STP155,I,F,28.22,16.28611111111111,-64.0714,-9.6321,36
15044,1,2021-04-07,16:23:29,09,MTP039,STP155,E,F,28.34,23.6,78.5508,4.1019,36
15046,1,2021-04-07,20:19:14,10,MTP039,STP155,E,F,28.42,23.42361111111111,78.3436,-55.9182,36
15049,1,2021-04-08,01:32:39,11,MTP039,STP155,I,F,28.52,16.360277777777778,-63.1351,121.8522,36
15051,1,2021-04-08,05:28:36,12,MTP039,STP155,I,F,28.59,16.37388888888889,-62.8951,64.6343,36
15053,1,2021-04-08,09:24:30,09,MTP039,STP155,I,F,28.67,16.378055555555555,-62.78,7.2841,36
15059,1,2021-04-08,21:51:52,06,MTP039,STP155,E,F,28.91,22.654999999999998,77.5432,-80.4519,36
15061,1,2021-04-09,01:47:35,05,MTP039,STP155,E,F,28.98,22.559444444444445,77.3971,-139.2498,36
15063,1,2021-04-09,05:43:26,04,MTP039,STP155,E,F,29.06,22.461666666666666,77.2372,161.883,36
15066,1,2021-04-09,10:57:44,10,MTP039,STP155,I,F,29.16,16.451944444444443,-61.3587,-4.7552,36
15070,1,2021-04-09,18:49:37,11,MTP039,STP155,I,F,29.31,16.489166666666666,-60.6772,-119.0393,36
15070,2,2021-04-09,19:28:44,12,MTP039,STP155,E,F,29.32,22.085555555555555,76.521,-44.616,36
15073,1,2021-04-10,00:43:17,09,MTP039,STP155,I,F,29.42,16.47694444444444,-60.5222,154.7032,36
15073,2,2021-04-10,01:22:21,09,MTP039,STP155,E,F,29.44,21.923333333333336,76.2795,-133.1067,36
15075,1,2021-04-10,04:39:15,03,MTP039,STP155,I,F,29.5,16.515555555555554,-60.1165,97.8554,36
15075,2,2021-04-10,05:18:07,06,MTP039,STP155,E,F,29.51,21.84472222222222,75.9473,168.3309,36
15083,1,2021-04-10,20:22:56,06,MTP039,STP156,I,F,29.8,16.565,-59.0697,-131.0703,36
15083,2,2021-04-10,21:01:15,05,MTP039,STP156,E,F,29.81,21.459722222222222,74.8154,-66.9748,36
15085,1,2021-04-11,00:18:45,04,MTP039,STP156,I,F,29.87,16.570833333333333,-58.9111,171.6261,36
15085,2,2021-04-11,00:56:57,10,MTP039,STP156,E,F,29.89,21.37638888888889,74.5245,-125.5902,36
15090,1,2021-04-11,10:08:38,11,MTP039,STP156,I,F,30.06,16.607222222222223,-58.1297,28.6098,36
15090,2,2021-04-11,10:46:29,12,MTP039,STP156,E,F,30.07,21.18777777777778,73.7937,88.1078,36
15094,1,2021-04-11,18:00:28,03,MTP039,STP156,I,F,30.21,16.640277777777776,-57.4149,-85.7255,36
15094,2,2021-04-11,18:37:57,06,MTP039,STP156,E,F,30.22,21.029444444444444,73.1065,-29.0137,36
15096,1,2021-04-11,21:56:23,05,MTP039,STP156,I,F,30.29,16.649722222222223,-57.1796,-142.9999,36
15096,2,2021-04-11,22:33:43,04,MTP039,STP156,E,F,30.3,20.936666666666667,72.6748,-87.7775,36
15098,1,2021-04-12,01:52:12,10,MTP039,STP156,I,F,30.36,16.65888888888889,-56.9434,159.7499,36
15098,2,2021-04-12,02:29:24,11,MTP039,STP156,E,F,30.37,20.87388888888889,72.352,-146.0811,36
15102,1,2021-04-12,09:44:09,12,MTP039,STP156,I,F,30.51,16.690277777777776,-56.2207,45.3573,36
15102,2,2021-04-12,10:20:58,03,MTP039,STP156,E,F,30.52,20.735833333333336,71.5977,97.0783,36
15105,1,2021-04-12,15:37:56,06,MTP039,STP156,I,F,30.63,16.711666666666666,-55.7102,-40.4264,36
15105,2,2021-04-12,16:14:31,05,MTP039,STP156,E,F,30.64,20.643333333333334,71.0414,9.6488,36
15108,1,2021-04-12,21:31:52,09,MTP039,STP156,I,F,30.74,16.71472222222222,-55.2689,-126.5133,36
15108,2,2021-04-12,22:08:14,09,MTP039,STP156,E,F,30.75,20.528055555555554,70.482,-78.1654,36
15112,1,2021-04-13,05:23:44,04,MTP039,STP156,I,F,30.89,16.76638888888889,-54.3594,119.4213,36
15112,2,2021-04-13,05:59:37,10,MTP039,STP156,E,F,30.9,20.42027777777778,69.5329,165.4955,36
15119,1,2021-04-13,19:09:36,11,MTP039,STP156,I,F,31.15,16.818055555555556,-53.009,-80.7977,36
15119,2,2021-04-13,19:44:42,12,MTP039,STP156,E,F,31.16,20.21472222222222,67.8768,-38.3884,36
15121,1,2021-04-13,23:05:31,09,MTP039,STP156,I,F,31.23,16.8275,-52.7328,-138.0727,36
15121,2,2021-04-13,23:40:25,06,MTP039,STP156,E,F,31.24,20.151666666666664,67.3134,-96.7005,36
15124,1,2021-04-14,04:59:21,05,MTP039,STP156,I,F,31.34,16.851666666666667,-52.0741,136.1773,36
15124,2,2021-04-14,05:33:54,04,MTP039,STP156,E,F,31.35,20.074166666666667,66.5644,176.1061,36
15131,1,2021-04-14,18:45:19,10,MTP039,STP156,I,F,31.6,16.911944444444444,-50.3852,-63.9382,36
15131,2,2021-04-14,19:18:57,11,MTP039,STP156,E,F,31.61,19.90694444444444,64.7553,-27.1981,36
15133,1,2021-04-14,22:41:17,12,MTP039,STP156,I,F,31.68,16.923333333333336,-50.0296,-121.1934,36
15133,2,2021-04-14,23:14:38,09,MTP039,STP156,E,F,31.69,19.844444444444445,64.0231,-85.4948,36
15135,1,2021-04-15,02:37:10,06,MTP039,STP156,I,F,31.75,16.936944444444446,-49.6155,-178.3978,36
15135,2,2021-04-15,03:10:16,05,MTP039,STP156,E,F,31.76,19.802777777777777,63.495,-143.4661,36
15143,1,2021-04-15,18:21:10,04,MTP039,STP156,I,F,32.05,17.009166666666665,-47.3992,-47.0542,36
15143,2,2021-04-15,18:52:59,10,MTP039,STP156,E,F,32.06,19.62027777777778,60.9409,-15.6359,36
15145,1,2021-04-15,22:17:14,11,MTP039,STP156,I,F,32.13,17.028333333333332,-46.7923,-104.2231,36
15145,2,2021-04-15,22:48:42,12,MTP039,STP156,E,F,32.14,19.570833333333333,60.1756,-73.7403,36
15149,1,2021-04-16,06:09:07,09,MTP039,STP156,I,F,32.27,17.05027777777778,-45.6883,141.2629,36
15149,2,2021-04-16,06:39:59,09,MTP039,STP156,E,F,32.28,19.483055555555556,58.9631,170.245,36
15152,1,2021-04-16,12:03:16,03,MTP039,STP156,I,F,32.39,17.087777777777777,-44.7845,55.6382,36
15152,2,2021-04-16,12:33:30,06,MTP039,STP156,E,F,32.4,19.428333333333335,57.7066,83.3868,36
15157,1,2021-04-16,21:53:25,05,MTP039,STP156,I,F,32.57,17.1425,-42.8792,-87.1676,36
15157,2,2021-04-16,22:22:33,04,MTP039,STP156,E,F,32.58,19.32111111111111,55.6068,-61.582,36
15159,1,2021-04-17,01:49:23,10,MTP039,STP156,I,F,32.65,17.15722222222222,-42.3252,-144.3749,36
15159,2,2021-04-17,02:18:04,11,MTP039,STP156,E,F,32.66,19.272777777777776,54.592,-119.6241,36
15162,1,2021-04-17,07:43:28,12,MTP039,STP156,I,F,32.76,17.192222222222224,-41.0389,129.9721,36
15162,2,2021-04-17,08:11:28,03,MTP039,STP156,E,F,32.77,19.217499999999998,53.3437,153.5392,36
15168,1,2021-04-17,19:31:41,09,MTP040,STP157,I,F,32.99,17.24138888888889,-38.7209,-41.646,36
15168,2,2021-04-17,19:58:18,09,MTP040,STP157,E,F,32.99,19.099444444444444,50.7409,-20.2553,36
15170,1,2021-04-17,23:27:57,05,MTP040,STP157,I,F,33.06,17.28111111111111,-37.532,-98.5501,36
15170,2,2021-04-17,23:53:47,04,MTP040,STP157,E,F,33.07,19.054722222222225,49.238,-78.2333,36
15175,1,2021-04-18,09:18:17,10,MTP040,STP157,I,F,33.25,17.343055555555555,-34.9278,118.7058,36
15175,2,2021-04-18,09:42:33,11,MTP040,STP157,E,F,33.25,18.956944444444442,46.3966,137.0078,36
15179,1,2021-04-18,17:10:31,12,MTP040,STP157,I,F,33.4,17.3875,-32.9508,4.4416,36
15179,2,2021-04-18,17:33:28,03,MTP040,STP157,E,F,33.4,18.87638888888889,43.8244,21.1917,36
15181,1,2021-04-18,21:06:55,06,MTP040,STP157,I,F,33.47,17.422777777777778,-31.3459,-52.5569,36
15181,2,2021-04-18,21:29:00,05,MTP040,STP157,E,F,33.48,18.836388888888887,42.4658,-36.7299,36
15184,1,2021-04-19,03:01:10,04,MTP040,STP157,I,F,33.58,17.459444444444443,-29.6138,-138.2269,36
15184,2,2021-04-19,03:22:03,10,MTP040,STP157,E,F,33.59,18.77,40.0849,-123.651,36
15186,1,2021-04-19,06:57:29,11,MTP040,STP157,I,F,33.66,17.496111111111112,-27.8437,164.8117,36
15186,2,2021-04-19,07:17:20,12,MTP040,STP157,E,F,33.66,18.723888888888887,38.3415,178.3975,36
15189,1,2021-04-19,12:51:59,09,MTP040,STP157,I,F,33.77,17.53805555555556,-25.7429,79.1649,36
15189,2,2021-04-19,13:10:30,06,MTP040,STP157,E,F,33.78,18.66444444444444,35.9415,91.5533,36
15408,1,2021-05-07,12:20:17,04,MTP040,STP159,M,F,41.89,5.66388888888889,17.0695,80.6028,36
15424,1,2021-05-08,19:41:56,05,MTP040,STP160,I,F,42.47,5.216666666666667,34.6293,-24.0374,36
15424,2,2021-05-08,20:02:46,04,MTP040,STP160,E,F,42.48,6.7877777777777775,-33.8309,-5.5438,36
15426,1,2021-05-08,23:37:17,10,MTP040,STP160,I,F,42.54,5.168055555555556,36.1747,-82.0455,36
15426,2,2021-05-08,23:59:04,11,MTP040,STP160,E,F,42.55,6.837222222222222,-35.4203,-62.3057,36
15429,1,2021-05-09,05:30:18,09,MTP040,STP160,I,F,42.65,5.093055555555555,38.7282,-169.0826,36
15429,2,2021-05-09,05:53:23,09,MTP040,STP160,E,F,42.66,6.903333333333333,-37.1192,-147.5457,36
15435,1,2021-05-09,17:16:54,12,MTP040,STP160,I,F,42.87,4.960277777777778,42.0376,16.9654,36
15435,2,2021-05-09,17:41:48,03,MTP040,STP160,E,F,42.88,6.996944444444445,-40.0208,41.4523,36
15437,1,2021-05-09,21:12:31,06,MTP040,STP160,I,F,42.95,4.92,43.0485,-40.9864,36
15437,2,2021-05-09,21:38:02,05,MTP040,STP160,E,F,42.95,7.0344444444444445,-41.0094,-15.4743,36
15442,1,2021-05-10,07:01:21,04,MTP040,STP160,I,F,43.13,4.803333333333333,45.7685,173.9634,36
15442,2,2021-05-10,07:28:16,10,MTP040,STP160,E,F,43.14,7.116388888888888,-43.032,-157.89,36
15447,1,2021-05-10,16:50:17,11,MTP040,STP160,I,F,43.31,4.6930555555555555,48.0751,28.9816,36
15447,2,2021-05-10,17:18:26,12,MTP040,STP160,E,F,43.32,7.200555555555556,-44.956,59.7407,36
15450,1,2021-05-10,22:43:47,03,MTP040,STP160,I,F,43.42,4.630000000000001,49.2871,-57.995,36
15450,2,2021-05-10,23:12:39,06,MTP040,STP160,E,F,43.43,7.254722222222222,-46.124,-25.6485,36
15453,1,2021-05-11,04:37:09,05,MTP040,STP160,I,F,43.53,4.5633333333333335,50.4964,-144.9909,36
15453,2,2021-05-11,05:06:35,04,MTP040,STP160,E,F,43.54,7.291944444444444,-46.8715,-111.2266,36
15456,1,2021-05-11,10:30:40,10,MTP040,STP160,I,F,43.64,4.4911111111111115,51.7335,127.8893,36
15456,2,2021-05-11,11:00:47,11,MTP040,STP160,E,F,43.65,7.349166666666666,-47.9992,163.4285,36
15461,1,2021-05-11,20:19:47,12,MTP040,STP160,I,F,43.82,4.376944444444444,53.5249,-17.1966,36
15461,2,2021-05-11,20:50:48,09,MTP040,STP160,E,F,43.83,7.4141666666666675,-49.1818,20.8131,36
15463,1,2021-05-12,00:15:28,06,MTP040,STP160,I,F,43.9,4.335,54.1355,-75.183,36
15463,2,2021-05-12,00:46:50,05,MTP040,STP160,E,F,43.91,7.4511111111111115,-49.8434,-36.0726,36
15468,1,2021-05-12,10:04:36,09,MTP040,STP160,I,F,44.08,4.2091666666666665,56.0639,139.556,36
15468,2,2021-05-12,10:36:56,09,MTP040,STP160,E,F,44.09,7.541944444444444,-51.1352,-178.323,36
15473,1,2021-05-12,19:53:50,04,MTP040,STP160,I,F,44.26,4.088888888888889,57.3293,-5.6527,36
15473,2,2021-05-12,20:26:47,10,MTP040,STP160,E,F,44.27,7.585833333333333,-52.0097,38.7867,36
15475,1,2021-05-12,23:49:33,11,MTP040,STP160,I,F,44.33,4.041944444444444,57.8627,-63.7202,36
15475,2,2021-05-13,00:22:48,12,MTP040,STP160,E,F,44.35,7.620555555555556,-52.537,-18.1308,36
15481,1,2021-05-13,11:36:41,09,MTP040,STP160,I,F,44.55,3.8872222222222224,59.4967,121.8664,36
15481,2,2021-05-13,12:10:44,06,MTP040,STP160,E,F,44.56,7.705555555555556,-53.7418,170.8569,36
15485,1,2021-05-13,19:28:03,05,MTP040,STP160,I,F,44.7,3.779166666666667,60.5232,5.5302,36
15485,2,2021-05-13,20:02:35,04,MTP040,STP160,E,F,44.71,7.747222222222223,-54.2774,56.6471,36
15488,1,2021-05-14,01:21:41,10,MTP040,STP160,I,F,44.81,3.707222222222222,61.1556,-81.614,36
15488,2,2021-05-14,01:56:34,11,MTP040,STP160,E,F,44.82,7.798055555555555,-54.9445,-28.7386,36
15491,1,2021-05-14,07:15:13,12,MTP040,STP160,I,F,44.92,3.613611111111111,61.9397,-169.0547,36
15491,2,2021-05-14,07:50:24,03,MTP040,STP160,E,F,44.93,7.820277777777777,-55.1923,-114.519,36
15495,1,2021-05-14,15:06:41,06,MTP040,STP160,I,F,45.06,3.506666666666667,62.7582,74.6039,36
15495,2,2021-05-14,15:42:18,05,MTP040,STP160,E,F,45.08,7.885,-55.9817,131.6083,36
15499,1,2021-05-14,22:58:13,04,MTP040,STP160,I,F,45.21,3.3880555555555554,63.5989,-41.9321,36
15499,2,2021-05-14,23:34:17,10,MTP040,STP160,E,F,45.22,7.931666666666667,-56.5042,17.4476,36
15501,1,2021-05-15,02:53:54,11,MTP040,STP160,I,F,45.28,3.3316666666666666,63.9721,-100.1373,36
15501,2,2021-05-15,03:30:10,12,MTP040,STP160,E,F,45.29,7.9625,-56.8466,-39.4994,36
15504,1,2021-05-15,08:47:29,09,MTP040,STP160,I,F,45.39,3.229722222222222,64.7733,172.2849,36
15504,2,2021-05-15,09:24:04,09,MTP040,STP160,E,F,45.4,8.0,-57.0478,-125.0661,36
15509,1,2021-05-15,18:36:50,09,MTP041,STP161,I,F,45.58,3.0761111111111115,65.6446,26.5539,36
15509,2,2021-05-15,19:13:51,09,MTP041,STP161,E,F,45.59,8.062777777777779,-57.691,92.3425,36
15511,1,2021-05-15,22:32:43,11,MTP041,STP161,I,F,45.65,3.018333333333333,65.7964,-31.7219,36
15511,2,2021-05-15,23:09:51,10,MTP041,STP161,E,F,45.66,8.073888888888888,-57.9738,35.0749,36
15514,1,2021-05-16,04:26:19,04,MTP041,STP161,I,F,45.76,2.935,66.2111,-119.0281,36
15514,2,2021-05-16,05:03:40,12,MTP041,STP161,E,F,45.77,8.112777777777778,-58.349,-50.4483,36
15516,1,2021-05-16,08:22:04,03,MTP041,STP161,I,F,45.83,2.8497222222222223,66.6245,-177.6788,36
15516,2,2021-05-16,08:59:34,06,MTP041,STP161,E,F,45.84,8.125277777777779,-58.4494,-107.6751,36
15518,1,2021-05-16,12:17:54,05,MTP041,STP161,I,F,45.9,2.7880555555555553,66.8995,124.0027,36
15518,2,2021-05-16,12:55:34,04,MTP041,STP161,E,F,45.91,8.158888888888889,-58.775,-164.601,36
15521,1,2021-05-16,18:11:27,10,MTP041,STP161,I,F,46.01,2.684166666666667,67.3436,36.4015,36
15521,2,2021-05-16,18:49:18,11,MTP041,STP161,E,F,46.02,8.184166666666666,-58.9856,109.6881,36
15523,1,2021-05-16,22:07:18,12,MTP041,STP161,I,F,46.09,2.616111111111111,67.6157,-22.0194,36
15523,2,2021-05-16,22:45:20,03,MTP041,STP161,E,F,46.1,8.20722222222222,-59.188,52.5921,36
15525,1,2021-05-17,02:03:05,06,MTP041,STP161,I,F,46.16,2.5502777777777776,67.8659,-80.3871,36
15525,2,2021-05-17,02:41:16,05,MTP041,STP161,E,F,46.17,8.240277777777777,-59.4848,-4.3311,36
15528,1,2021-05-17,07:56:41,04,MTP041,STP161,I,F,46.27,2.435277777777778,68.2818,-168.1688,36
15528,2,2021-05-17,08:35:02,10,MTP041,STP161,E,F,46.28,8.254166666666666,-59.5742,-90.2136,36
15530,1,2021-05-17,12:31:03,11,MTP041,STP161,E,F,46.35,8.289444444444444,-59.8806,-147.1269,36
15533,1,2021-05-17,17:46:05,09,MTP041,STP161,I,F,46.45,2.2505555555555556,69.008,45.6244,36
15533,2,2021-05-17,18:24:51,09,MTP041,STP161,E,F,46.46,8.337777777777779,-60.1085,127.4965,36
15535,1,2021-05-17,21:42:00,12,MTP041,STP161,I,F,46.52,2.185833333333333,69.0655,-12.7621,36
15535,2,2021-05-17,22:20:47,09,MTP041,STP161,E,F,46.53,8.33388888888889,-60.2166,70.0209,36
15540,1,2021-05-18,07:31:25,06,MTP041,STP161,I,F,46.7,1.9972222222222222,69.571,-159.0311,36
15540,2,2021-05-18,08:10:27,05,MTP041,STP161,E,F,46.72,8.38,-60.5563,-72.7919,36
15543,1,2021-05-18,13:25:11,04,MTP041,STP161,I,F,46.81,1.8752777777777778,69.8637,113.0447,36
15545,1,2021-05-18,17:20:51,10,MTP041,STP161,I,F,46.89,1.7919444444444443,70.0486,54.4402,36
15548,1,2021-05-18,23:54:09,11,MTP041,STP161,E,F,47.01,8.462499999999999,-61.1472,58.7829,36
15550,1,2021-05-19,03:50:04,12,MTP041,STP161,E,F,47.08,8.497222222222222,-61.4042,1.8852,36
15552,1,2021-05-19,07:45:54,03,MTP041,STP161,E,F,47.15,8.504722222222222,-61.4345,-55.3924,36
15556,1,2021-05-19,14:57:53,06,MTP041,STP161,I,F,47.29,1.3619444444444446,70.8095,92.3324,36
15558,1,2021-05-19,18:53:33,05,MTP041,STP161,I,F,47.36,1.2625,70.9513,33.4888,36
15563,1,2021-05-20,05:23:19,04,MTP041,STP161,E,F,47.55,8.615555555555556,-62.1425,-9.4779,36
15565,1,2021-05-20,09:19:10,10,MTP041,STP161,E,F,47.63,8.619722222222222,-62.1443,-66.8116,36
15568,1,2021-05-20,14:32:42,11,MTP041,STP161,I,F,47.72,0.851111111111111,71.373,100.3523,36
15570,1,2021-05-20,18:28:25,12,MTP041,STP161,I,F,47.8,0.7708333333333334,71.4289,41.7866,36
15574,1,2021-05-21,02:20:09,09,MTP041,STP161,I,F,47.94,0.5983333333333334,71.5257,-75.6037,36
15577,1,2021-05-21,08:54:30,06,MTP041,STP161,E,F,48.06,8.726111111111111,-62.745,-49.6591,36
15579,1,2021-05-21,12:50:27,05,MTP041,STP161,E,F,48.14,8.743888888888888,-62.8405,-106.8143,36
15581,1,2021-05-21,16:46:21,04,MTP041,STP161,E,F,48.21,8.773333333333333,-63.0135,-163.7851,36
15584,1,2021-05-21,21:59:08,10,MTP041,STP161,I,F,48.3,0.16722222222222222,71.6113,-8.9991,36
15586,1,2021-05-22,01:55:00,09,MTP041,STP161,I,F,48.38,0.07694444444444444,71.7132,-67.7519,36
15589,1,2021-05-22,08:29:49,09,MTP041,STP161,E,F,48.5,8.838333333333335,-63.1795,-32.4164,36
15594,1,2021-05-22,18:19:29,04,MTP041,STP162,E,F,48.68,8.869444444444445,-63.4643,-175.4545,36
15599,1,2021-05-23,03:27:54,10,MTP041,STP162,I,F,48.85,23.560555555555556,71.3502,-88.5504,36
15601,1,2021-05-23,07:23:40,11,MTP041,STP162,I,F,48.92,23.49527777777778,71.2918,-146.9104,36
15603,1,2021-05-23,11:19:29,12,MTP041,STP162,I,F,48.99,23.392222222222223,71.2013,154.1565,36
15606,1,2021-05-23,17:54:46,03,MTP041,STP162,E,F,49.12,8.954166666666666,-63.8286,-158.6125,36
15608,1,2021-05-23,21:50:33,06,MTP041,STP162,E,F,49.19,8.956388888888888,-63.8137,144.0379,36
15610,1,2021-05-24,01:46:33,05,MTP041,STP162,E,F,49.26,8.969166666666666,-63.8652,86.7993,36
15613,1,2021-05-24,06:58:39,04,MTP041,STP162,I,F,49.36,23.024444444444445,70.7353,-138.3254,36
15615,1,2021-05-24,10:54:29,10,MTP041,STP162,I,F,49.43,22.939722222222223,70.605,163.0068,36
15621,1,2021-05-24,23:23:46,11,MTP041,STP162,E,F,49.66,9.035,-64.1055,132.0902,36
15623,1,2021-05-25,03:19:45,12,MTP041,STP162,E,F,49.73,9.052777777777779,-64.1801,74.924,36
15626,1,2021-05-25,08:31:37,03,MTP041,STP162,I,F,49.83,22.564722222222223,69.8776,-158.292,36
15630,1,2021-05-25,16:23:22,06,MTP041,STP162,I,F,49.97,22.41777777777778,69.5343,84.6963,36
15632,1,2021-05-25,20:19:07,05,MTP041,STP162,I,F,50.05,22.358611111111113,69.381,26.4368,36
15635,1,2021-05-26,02:54:57,04,MTP041,STP162,E,F,50.17,9.114444444444445,-64.3691,91.4427,36
15637,1,2021-05-26,06:50:50,10,MTP041,STP162,E,F,50.24,9.13861111111111,-64.4748,34.3982,36
15639,1,2021-05-26,10:46:38,11,MTP041,STP162,E,F,50.31,9.1375,-64.4427,-23.0041,36
15645,1,2021-05-26,21:52:09,12,MTP041,STP162,I,F,50.52,21.951944444444443,68.1523,7.2514,36
15647,1,2021-05-27,01:48:04,09,MTP041,STP162,I,F,50.59,21.872777777777777,68.0068,-51.3498,36
15650,1,2021-05-27,08:24:00,09,MTP041,STP162,E,F,50.71,9.210555555555555,-64.5484,22.3647,36
15652,1,2021-05-27,12:19:47,09,MTP041,STP162,E,F,50.78,9.197222222222223,-64.5949,-35.2203,36
15655,1,2021-05-27,17:31:33,06,MTP041,STP162,I,F,50.88,21.66861111111111,67.0693,75.9806,36
15657,1,2021-05-27,21:27:18,05,MTP041,STP162,I,F,50.95,21.619444444444444,66.857,17.8677,36
15659,1,2021-05-28,01:23:13,04,MTP041,STP162,I,F,51.02,21.55638888888889,66.5821,-40.4913,36
15662,1,2021-05-28,07:59:12,10,MTP041,STP162,E,F,51.14,9.251388888888888,-64.7488,38.5702,36
15664,1,2021-05-28,11:54:59,11,MTP041,STP162,E,F,51.22,9.247777777777777,-64.7047,-18.8692,36
15666,1,2021-05-28,15:50:55,12,MTP041,STP162,E,F,51.29,9.255555555555556,-64.7196,-76.1686,36
15669,1,2021-05-28,21:02:30,09,MTP041,STP162,I,F,51.39,21.316111111111113,65.3968,28.9097,36
15671,1,2021-05-29,00:58:21,06,MTP041,STP162,I,F,51.46,21.25888888888889,65.0922,-29.3438,36
15674,1,2021-05-29,07:34:24,05,MTP041,STP162,E,F,51.58,9.294722222222221,-64.8165,54.8113,36
15676,1,2021-05-29,11:30:11,04,MTP041,STP162,E,F,51.65,9.291666666666666,-64.7767,-2.6145,36
15682,1,2021-05-29,22:35:36,04,MTP041,STP163,I,F,51.86,21.015833333333333,63.6312,11.3054,36
15684,1,2021-05-30,02:31:32,10,MTP041,STP163,I,F,51.93,20.96472222222222,63.2989,-46.8751,36
15686,1,2021-05-30,06:27:26,11,MTP041,STP163,I,F,52.0,20.92638888888889,63.0358,-104.8597,36
15689,1,2021-05-30,13:03:18,12,MTP041,STP163,E,F,52.12,9.32638888888889,-64.789,-15.1996,36
15691,1,2021-05-30,16:59:14,03,MTP041,STP163,E,F,52.19,9.3325,-64.7946,-72.522,36
15693,1,2021-05-30,20:55:05,06,MTP041,STP163,E,F,52.27,9.346388888888889,-64.837,-129.7127,36
15696,1,2021-05-31,02:06:45,05,MTP041,STP163,I,F,52.36,20.72111111111111,61.5164,-34.9397,36
15698,1,2021-05-31,06:02:39,09,MTP041,STP163,I,F,52.43,20.671944444444446,61.2843,-93.0894,36
15701,1,2021-05-31,12:38:31,09,MTP041,STP163,E,F,52.56,9.36,-64.6678,0.894,36
15703,1,2021-05-31,16:34:26,04,MTP041,STP163,E,F,52.63,9.355277777777777,-64.7603,-56.5868,36
15709,1,2021-06-01,03:40:01,10,MTP041,STP163,I,F,52.83,20.479444444444443,59.4257,-51.7043,36
15711,1,2021-06-01,07:35:58,11,MTP041,STP163,I,F,52.9,20.446944444444444,59.1136,-109.611,36
15713,1,2021-06-01,11:31:46,12,MTP041,STP163,I,F,52.98,20.41611111111111,58.8099,-167.4598,36
15716,1,2021-06-01,18:07:34,09,MTP041,STP163,E,F,53.1,9.374722222222223,-64.7,-69.4007,36
15718,1,2021-06-01,22:03:23,06,MTP041,STP163,E,F,53.17,9.387222222222222,-64.7351,-126.6037,36
15721,1,2021-06-02,03:57:12,05,MTP041,STP163,E,F,53.28,9.372777777777777,-64.6314,147.0735,36
15724,1,2021-06-02,09:09:14,04,MTP041,STP163,I,F,53.37,20.231666666666666,56.8713,-125.9813,36
15726,1,2021-06-02,13:05:05,10,MTP041,STP163,I,F,53.45,20.198611111111113,56.4989,176.1292,36
15734,1,2021-06-03,05:30:22,11,MTP041,STP163,E,F,53.75,9.382222222222223,-64.5256,134.1038,36
15736,1,2021-06-03,09:26:15,12,MTP041,STP163,E,F,53.82,9.39611111111111,-64.5687,76.9085,36
15739,1,2021-06-03,14:38:27,03,MTP041,STP163,I,F,53.91,19.999166666666667,54.0335,159.9746,36
15742,1,2021-06-03,20:32:23,06,MTP041,STP163,I,F,54.02,19.956944444444442,53.4629,73.2065,36
15746,1,2021-06-04,04:24:10,05,MTP041,STP163,I,F,54.17,19.896944444444443,52.6244,-42.5076,36
15749,1,2021-06-04,10:59:24,04,MTP041,STP163,E,F,54.29,9.386388888888888,-64.3728,63.6497,36
15751,1,2021-06-04,14:55:12,10,MTP041,STP163,E,F,54.36,9.37861111111111,-64.3131,6.1504,36
15753,1,2021-06-04,18:51:08,11,MTP041,STP163,E,F,54.43,9.37638888888889,-64.279,-51.302,36
15756,1,2021-06-05,00:03:43,12,MTP041,STP163,I,F,54.53,19.766111111111112,50.6517,28.4769,36
15758,1,2021-06-05,03:59:36,09,MTP041,STP163,I,F,54.6,19.72611111111111,50.2309,-29.5312,36
15761,1,2021-06-05,10:34:40,09,MTP041,STP163,E,F,54.72,9.373888888888889,-64.0377,79.0436,36
15765,1,2021-06-05,18:26:18,04,MTP041,STP164,E,F,54.86,9.360833333333334,-64.0674,-35.928,36
15771,1,2021-06-06,05:33:07,10,MTP041,STP164,I,F,55.07,19.568055555555556,47.2936,-45.0949,36
15773,1,2021-06-06,09:29:05,11,MTP041,STP164,I,F,55.14,19.54388888888889,46.8449,-102.8867,36
15775,1,2021-06-06,13:24:56,12,MTP041,STP164,I,F,55.21,19.52138888888889,46.4246,-160.6174,36
15778,1,2021-06-06,19:59:25,03,MTP041,STP164,E,F,55.33,9.33361111111111,-63.7868,-49.4363,36
15780,1,2021-06-06,23:55:16,06,MTP041,STP164,E,F,55.41,9.332222222222223,-63.757,-106.8554,36
15782,1,2021-06-07,03:51:03,05,MTP041,STP164,E,F,55.48,9.321111111111112,-63.6797,-164.399,36
15785,1,2021-06-07,09:04:36,10,MTP041,STP164,I,F,55.57,19.399722222222223,44.0231,-89.5292,36
15787,1,2021-06-07,13:00:28,04,MTP041,STP164,I,F,55.64,19.378888888888888,43.5877,-147.242,36
15790,1,2021-06-07,19:34:36,12,MTP041,STP164,E,F,55.77,9.295,-63.457,-34.4137,36
15793,1,2021-06-08,01:28:20,11,MTP041,STP164,E,F,55.87,9.293611111111112,-63.4163,-120.5217,36
15796,1,2021-06-08,06:42:14,06,MTP041,STP164,I,F,55.97,19.27,41.2256,-47.2671,36
15798,1,2021-06-08,10:38:11,05,MTP041,STP164,I,F,56.04,19.25,40.7671,-104.9874,36
15800,1,2021-06-08,14:34:05,03,MTP041,STP164,I,F,56.11,19.2275,40.248,-162.7295,36
15803,1,2021-06-08,21:07:43,04,MTP041,STP164,E,F,56.23,9.250277777777777,-63.0784,-48.1869,36
15805,1,2021-06-09,01:03:34,10,MTP041,STP164,E,F,56.31,9.242777777777777,-63.0172,-105.6942,36
15807,1,2021-06-09,04:59:23,11,MTP041,STP164,E,F,56.38,9.225833333333334,-62.9031,-163.3388,36
15810,1,2021-06-09,10:13:55,12,MTP041,STP164,I,F,56.47,19.113611111111112,37.4958,-91.5619,36
15812,1,2021-06-09,14:09:45,09,MTP041,STP164,I,F,56.55,19.089166666666664,37.1299,-149.3194,36
15815,1,2021-06-09,20:03:44,09,MTP041,STP164,I,F,56.65,19.053055555555556,36.1988,123.9886,36
15815,2,2021-06-09,20:43:01,09,MTP041,STP164,E,F,56.67,9.187222222222223,-62.4615,-33.5562,36
15817,1,2021-06-09,23:59:44,09,MTP041,STP164,I,F,56.73,19.04138888888889,35.6257,66.3803,36
15817,2,2021-06-10,00:38:51,06,MTP041,STP164,E,F,56.74,9.180277777777777,-62.5436,-91.0522,36
15824,1,2021-06-10,13:45:35,05,MTP041,STP164,I,F,56.98,18.965833333333332,33.5876,-135.7274,36
15824,2,2021-06-10,14:24:22,10,MTP041,STP164,E,F,56.99,9.145277777777777,-62.268,67.5245,36
15826,1,2021-06-10,17:41:33,04,MTP041,STP164,I,F,57.05,18.941388888888888,32.9126,166.483,36
15826,2,2021-06-10,18:20:14,12,MTP041,STP164,E,F,57.06,9.12638888888889,-62.1372,9.8414,36
15828,1,2021-06-10,22:16:11,11,MTP041,STP164,E,F,57.13,9.115555555555556,-62.0508,-47.7414,36
15831,1,2021-06-11,03:31:25,06,MTP041,STP164,I,F,57.23,18.892777777777777,31.5236,22.2032,36
15831,2,2021-06-11,04:09:51,05,MTP041,STP164,E,F,57.24,9.11,-61.9857,-133.895,36
15833,1,2021-06-11,07:27:29,03,MTP041,STP164,I,F,57.3,18.866666666666667,30.768,-35.6396,36
15833,2,2021-06-11,08:05:52,04,MTP041,STP164,E,F,57.31,9.075555555555555,-61.7588,168.1554,36
15835,1,2021-06-11,11:23:32,10,MTP041,STP164,I,F,57.37,18.845555555555553,30.1455,-93.3984,36
15835,2,2021-06-11,12:01:47,11,MTP041,STP164,E,F,57.38,9.076944444444445,-61.7452,110.7627,36
15838,1,2021-06-11,17:17:25,12,MTP041,STP164,I,F,57.48,18.815555555555555,29.2432,-179.9699,36
15838,2,2021-06-11,17:55:33,09,MTP041,STP164,E,F,57.49,9.046666666666667,-61.528,24.2168,36
15840,1,2021-06-11,21:51:29,06,MTP041,STP164,E,F,57.56,9.035555555555556,-61.4382,-33.3641,36
15843,1,2021-06-12,03:07:19,09,MTP041,STP164,I,F,57.66,18.761666666666667,27.864,35.6642,36
15843,2,2021-06-12,03:45:15,09,MTP041,STP164,E,F,57.67,9.020555555555557,-61.1642,-119.686,36
15845,1,2021-06-12,07:03:23,05,MTP041,STP164,I,F,57.73,18.7425,26.992,-22.0707,36
15845,2,2021-06-12,07:41:08,10,MTP041,STP164,E,F,57.74,8.995833333333332,-61.1338,-177.4567,36
15851,1,2021-06-12,18:51:19,09,MTP042,STP165,I,F,57.95,18.674166666666668,25.0962,164.6223,36
15851,2,2021-06-12,19:28:51,13,MTP042,STP165,E,F,57.96,8.948611111111111,-60.6131,9.6042,36
15853,1,2021-06-12,23:24:45,11,MTP042,STP165,E,P,58.03,8.938055555555556,-60.6715,-47.9589,36
15856,1,2021-06-13,04:41:20,12,MTP042,STP165,I,P,58.13,18.630277777777778,23.3678,20.3791,36
15856,2,2021-06-13,05:18:28,09,MTP042,STP165,E,P,58.14,8.921666666666667,-60.529,-134.2861,36
15858,1,2021-06-13,08:37:26,06,MTP042,STP165,I,P,58.2,18.60666666666667,22.5804,-37.4338,36
15858,2,2021-06-13,09:14:29,05,MTP042,STP165,E,P,58.21,8.889999999999999,-60.2915,167.8018,36
15860,1,2021-06-13,12:33:29,04,MTP042,STP165,I,P,58.27,18.586666666666666,21.9078,-95.1784,36
15860,2,2021-06-13,13:10:25,11,MTP042,STP165,E,P,58.28,8.885,-60.236,110.3117,36
15863,1,2021-06-13,18:27:28,12,MTP042,STP165,I,P,58.38,18.554444444444446,20.8098,178.1956,36
15863,2,2021-06-13,19:04:11,09,MTP042,STP165,E,P,58.39,8.855,-59.9945,23.7702,36
15865,1,2021-06-13,23:00:10,06,MTP042,STP165,E,P,58.46,8.831666666666667,-59.8068,-34.0105,36
15867,1,2021-06-14,02:56:02,05,MTP042,STP165,E,P,58.53,8.818333333333333,-59.6902,-91.6082,36
15870,1,2021-06-14,08:13:33,04,MTP042,STP165,I,P,58.63,18.481388888888887,18.2779,-23.9331,36
15870,2,2021-06-14,08:49:52,11,MTP042,STP165,E,P,58.64,8.78277777777778,-59.3969,-178.2519,36
15872,1,2021-06-14,12:09:39,12,MTP042,STP165,I,P,58.7,18.46,17.519,-81.7122,36
15872,2,2021-06-14,12:45:52,09,MTP042,STP165,E,P,58.71,8.765277777777778,-59.246,124.0558,36
15875,1,2021-06-14,18:03:33,09,MTP042,STP165,I,F,58.81,18.42527777777778,16.5781,-168.3571,36
15875,2,2021-06-14,18:39:41,13,MTP042,STP165,E,F,58.82,8.730277777777777,-58.7924,37.426,36
15877,1,2021-06-14,21:59:42,06,MTP042,STP165,I,P,58.88,18.40694444444444,15.6224,133.8978,36
15877,2,2021-06-14,22:35:36,05,MTP042,STP165,E,P,58.89,8.715555555555556,-58.8112,-20.2099,36
15880,1,2021-06-15,04:29:24,04,MTP042,STP165,E,P,59.0,8.693333333333333,-58.6049,-106.6425,36
15882,1,2021-06-15,07:49:45,11,MTP042,STP165,I,P,59.06,18.355555555555558,13.7631,-10.4613,36
15882,2,2021-06-15,08:25:20,12,MTP042,STP165,E,P,59.07,8.659444444444444,-58.315,-164.5652,36
15884,1,2021-06-15,11:45:54,09,MTP042,STP165,I,P,59.13,18.33277777777778,12.9255,-68.2737,36
15884,2,2021-06-15,12:21:21,06,MTP042,STP165,E,P,59.15,8.64111111111111,-58.144,137.7227,36
15887,1,2021-06-15,17:39:54,05,MTP042,STP165,I,P,59.24,18.30138888888889,11.7708,-154.8909,36
15887,2,2021-06-15,18:15:08,04,MTP042,STP165,E,P,59.25,8.6075,-57.8337,51.1222,36
15889,1,2021-06-15,21:35:57,11,MTP042,STP165,I,P,59.31,18.279999999999998,10.98,147.3406,36
15889,2,2021-06-15,22:11:05,12,MTP042,STP165,E,P,59.32,8.589722222222223,-57.6634,-6.5626,36
15891,1,2021-06-16,01:32:03,09,MTP042,STP165,I,P,59.39,18.259444444444444,10.2153,89.5769,36
15891,2,2021-06-16,02:07:03,06,MTP042,STP165,E,P,59.4,8.566666666666666,-57.4437,-64.3323,36
15894,1,2021-06-16,07:26:02,05,MTP042,STP165,I,P,59.49,18.22694444444444,8.9926,2.9409,36
15894,2,2021-06-16,08:00:50,04,MTP042,STP165,E,P,59.5,8.530277777777778,-57.0952,-150.976,36
15896,1,2021-06-16,11:22:12,11,MTP042,STP165,I,P,59.57,18.203888888888887,8.1363,-54.8743,36
15899,1,2021-06-16,17:16:11,09,MTP042,STP165,I,F,59.67,18.16916666666667,7.1253,-141.5394,36
15899,2,2021-06-16,17:50:47,13,MTP042,STP165,E,F,59.68,8.4675,-56.3092,64.5169,36
15901,1,2021-06-16,21:12:19,12,MTP042,STP165,I,P,59.75,18.149444444444445,6.0791,160.6977,36
15901,2,2021-06-16,21:46:41,09,MTP042,STP165,E,P,59.76,8.444166666666668,-56.2377,6.7573,36
15904,1,2021-06-17,03:06:27,06,MTP042,STP165,I,P,59.85,18.119444444444444,4.9454,74.0699,36
15904,2,2021-06-17,03:40:37,05,MTP042,STP165,E,P,59.86,8.408611111111112,-55.8663,-79.9105,36
15906,1,2021-06-17,07:02:25,04,MTP042,STP165,I,P,59.92,18.096944444444443,4.1015,16.3076,36
15906,2,2021-06-17,07:36:28,11,MTP042,STP165,E,P,59.94,8.387222222222222,-55.6384,-137.6231,36
15908,1,2021-06-17,10:58:39,12,MTP042,STP165,I,P,60.0,18.07,3.0771,-41.5844,36
15911,1,2021-06-17,16:52:42,09,MTP042,STP165,I,P,60.1,18.039166666666667,1.9109,-128.2068,36
15911,2,2021-06-17,17:26:24,06,MTP042,STP165,E,P,60.11,8.32,-54.9146,77.8051,36
15913,1,2021-06-17,20:48:46,05,MTP042,STP165,I,P,60.18,18.014722222222222,0.9849,173.9751,36
15913,2,2021-06-17,21:22:21,04,MTP042,STP165,E,P,60.19,8.289166666666667,-54.5735,19.9204,36
15914,1,2021-06-17,22:46:50,12,MTP042,STP165,I,P,60.21,18.003055555555555,0.5499,145.0691,36
15914,2,2021-06-17,23:20:21,11,MTP042,STP165,E,P,60.22,8.278333333333334,-54.4492,-8.9581,36
15917,1,2021-06-18,05:14:15,09,MTP042,STP165,E,P,60.33,8.241388888888888,-54.0231,-95.6361,36
15919,1,2021-06-18,08:36:59,06,MTP042,STP165,I,P,60.39,17.947222222222223,-1.5543,0.6172,36
15919,2,2021-06-18,09:10:11,05,MTP042,STP165,E,P,60.4,8.208333333333332,-53.6409,-153.5479,36
15922,1,2021-06-18,14:31:10,09,MTP042,STP165,I,F,60.5,17.908055555555553,-2.7274,-86.1673,36
15922,2,2021-06-18,15:04:19,13,MTP042,STP165,E,F,60.51,8.163611111111111,-52.9306,119.6028,36
15924,1,2021-06-18,18:27:15,04,MTP042,STP165,I,P,60.57,17.888055555555557,-3.7641,-143.9159,36
15924,2,2021-06-18,19:00:09,11,MTP042,STP165,E,P,60.58,8.135555555555555,-52.763,61.7889,36
15928,1,2021-06-19,02:52:08,12,MTP042,STP165,E,P,60.72,8.084444444444445,-52.1156,-53.8362,36
15930,1,2021-06-19,06:15:29,09,MTP042,STP165,I,P,60.79,17.819166666666668,-6.3141,42.6969,36
15930,2,2021-06-19,06:48:00,06,MTP042,STP165,E,P,60.8,8.062222222222223,-51.8248,-111.5678,36
15933,1,2021-06-19,12:09:43,05,MTP042,STP165,I,P,60.89,17.779999999999998,-7.7524,-44.0984,36
15936,1,2021-06-19,18:03:47,11,MTP042,STP166,I,P,61.0,17.746666666666666,-8.9593,-130.7593,36
15936,2,2021-06-19,18:35:59,05,MTP042,STP166,E,P,61.01,7.9675,-50.5607,74.7181,36
15937,1,2021-06-19,20:01:50,09,MTP042,STP166,I,P,61.04,17.73222222222222,-9.4788,-159.7036,36
15937,2,2021-06-19,20:33:57,06,MTP042,STP166,E,P,61.05,7.953055555555555,-50.3592,45.7937,36
15939,1,2021-06-19,23:57:59,12,MTP042,STP166,I,P,61.11,17.70611111111111,-10.4068,142.4386,36
15939,2,2021-06-20,00:29:59,04,MTP042,STP166,E,P,61.12,7.926388888888889,-49.9801,-12.048,36
15941,1,2021-06-20,03:54:04,11,MTP042,STP166,I,P,61.18,17.684444444444445,-11.1742,84.6607,36
15941,2,2021-06-20,04:25:59,12,MTP042,STP166,E,P,61.19,7.895555555555555,-49.538,-69.9435,36
15944,1,2021-06-20,09:48:08,09,MTP042,STP166,I,P,61.29,17.64638888888889,-12.52,-2.0783,36
15944,2,2021-06-20,10:19:54,06,MTP042,STP166,E,P,61.3,7.85,-48.8691,-156.7528,36
15946,1,2021-06-20,13:44:19,09,MTP042,STP166,I,F,61.36,17.61388888888889,-13.358,-60.0406,36
15949,1,2021-06-20,19:38:26,05,MTP042,STP166,I,P,61.47,17.58111111111111,-14.7652,-146.7045,36
15949,2,2021-06-20,20:09:56,04,MTP042,STP166,E,P,61.48,7.770555555555555,-47.6529,58.4652,36
15951,1,2021-06-20,23:34:35,11,MTP042,STP166,I,P,61.54,17.552777777777777,-15.7292,155.4008,36
15951,2,2021-06-21,00:05:59,12,MTP042,STP166,E,P,61.55,7.740833333333334,-47.1795,0.5759,36
15953,1,2021-06-21,03:30:40,09,MTP042,STP166,I,P,61.61,17.531666666666666,-16.4382,97.6299,36
15953,2,2021-06-21,04:02:01,06,MTP042,STP166,E,P,61.62,7.709444444444444,-46.6722,-57.3335,36
15956,1,2021-06-21,09:24:43,05,MTP042,STP166,I,P,61.72,17.491111111111113,-17.78,10.862,36
15956,2,2021-06-21,09:55:55,04,MTP042,STP166,E,P,61.73,7.665555555555556,-45.9389,-144.1164,36
15958,1,2021-06-21,13:20:55,11,MTP042,STP166,I,P,61.79,17.46333333333333,-18.6828,-47.0349,36
15960,1,2021-06-21,17:17:01,12,MTP042,STP166,I,P,61.86,17.435,-19.5972,-104.9188,36
15960,2,2021-06-21,17:48:04,09,MTP042,STP166,E,P,61.87,7.600833333333333,-44.8238,100.0135,36
15963,1,2021-06-21,23:11:07,06,MTP042,STP166,I,P,61.97,17.39388888888889,-20.8879,168.2968,36
15963,2,2021-06-21,23:42:02,05,MTP042,STP166,E,P,61.98,7.5586111111111105,-44.0632,13.24,36
15965,1,2021-06-22,03:38:07,04,MTP042,STP166,E,P,62.05,7.525,-43.451,-44.7147,36
15968,1,2021-06-22,09:01:15,11,MTP042,STP166,I,P,62.15,17.329722222222223,-22.8574,23.721,36
15968,2,2021-06-22,09:32:02,12,MTP042,STP166,E,P,62.16,7.483055555555556,-42.6581,-131.4711,36
15970,1,2021-06-22,12:57:23,13,MTP042,STP166,I,F,62.22,17.298333333333336,-23.5318,-34.2121,36
15973,1,2021-06-22,18:51:36,09,MTP042,STP166,I,P,62.33,17.256666666666668,-25.0261,-121.0379,36
15973,2,2021-06-22,19:22:15,06,MTP042,STP166,E,P,62.34,7.399444444444445,-41.0221,83.6474,36
15975,1,2021-06-22,22:47:38,05,MTP042,STP166,I,P,62.4,17.229166666666664,-25.8179,-178.8945,36
15975,2,2021-06-22,23:18:16,04,MTP042,STP166,E,P,62.41,7.368055555555555,-40.3811,25.7396,36
15977,1,2021-06-23,03:14:23,11,MTP042,STP166,E,P,62.48,7.335555555555556,-39.7034,-32.2096,36
15980,1,2021-06-23,08:37:48,12,MTP042,STP166,I,P,62.58,17.16,-27.7477,36.4516,36
15980,2,2021-06-23,09:08:20,09,MTP042,STP166,E,P,62.59,7.293333333333333,-38.8015,-118.9781,36
15982,1,2021-06-23,12:04:52,04,MTP042,STP166,C,F,62.64,19.384999999999998,40.6593,19.4386,36
15982,2,2021-06-23,13:04:28,06,MTP042,STP166,E,P,62.66,7.256666666666667,-38.0006,-176.9923,36
15984,1,2021-06-23,16:30:06,05,MTP042,STP166,I,P,62.72,17.09861111111111,-29.3955,-79.404,36
15984,2,2021-06-23,17:00:35,04,MTP042,STP166,E,P,62.73,7.2275,-37.3503,125.1094,36
15987,1,2021-06-23,22:24:06,11,MTP042,STP166,I,P,62.83,17.058333333333334,-30.4448,-166.1572,36
15987,2,2021-06-23,22:54:37,12,MTP042,STP166,E,P,62.84,7.180000000000001,-36.262,38.2448,36
15990,1,2021-06-24,04:48:46,09,MTP042,STP166,E,P,62.95,7.1352777777777785,-35.2024,-48.6157,36
15993,1,2021-06-24,10:12:17,06,MTP042,STP166,I,P,63.05,16.96944444444444,-32.6659,20.1665,36
15997,1,2021-06-24,16:06:27,09,MTP042,STP166,I,F,63.15,16.922222222222224,-33.5523,-66.7285,36
15997,2,2021-06-24,16:37:08,13,MTP042,STP166,E,F,63.16,7.039444444444444,-32.5994,137.5667,36
16000,1,2021-06-24,22:00:30,05,MTP042,STP166,I,P,63.26,16.88111111111111,-34.743,-153.5028,36
16000,2,2021-06-24,22:31:02,04,MTP042,STP166,E,P,63.27,6.997777777777777,-31.7717,50.816,36
16003,1,2021-06-25,04:25:14,11,MTP042,STP166,E,P,63.38,6.955277777777778,-30.6486,-36.0161,36
16005,1,2021-06-25,08:21:15,12,MTP042,STP166,E,P,63.45,6.928055555555556,-29.9152,-93.8597,36
16009,1,2021-06-25,15:42:51,09,MTP042,STP166,I,P,63.58,16.74277777777778,-37.7547,-54.1015,36
16011,1,2021-06-25,19:38:51,06,MTP042,STP166,I,P,63.66,16.7125,-38.3778,-111.992,36
16013,1,2021-06-25,23:34:51,05,MTP042,STP166,I,P,63.73,16.683611111111112,-38.9571,-169.8533,36
16013,2,2021-06-26,00:05:38,04,MTP042,STP166,E,P,63.74,6.8075,-26.5469,34.5116,36
16016,1,2021-06-26,05:59:49,11,MTP042,STP166,E,P,63.84,6.766666666666667,-25.3548,-52.2913,36
16018,1,2021-06-26,09:24:54,12,MTP042,STP166,I,P,63.91,16.610000000000003,-40.3839,45.4497,36
16018,2,2021-06-26,09:55:50,09,MTP042,STP166,E,P,63.92,6.738611111111111,-24.5192,-110.1495,36
16023,1,2021-06-26,19:15:05,11,MTP042,STP167,I,P,64.09,16.52861111111111,-41.8793,-99.3902,36
16025,1,2021-06-26,23:10:56,09,MTP042,STP167,I,F,64.16,16.50138888888889,-42.1469,-157.1949,36
16025,2,2021-06-26,23:42:16,13,MTP042,STP167,E,F,64.17,6.638333333333333,-21.1854,47.2354,36
16028,1,2021-06-27,05:36:24,12,MTP042,STP167,E,P,64.27,6.597777777777777,-20.1735,-39.5551,36
16030,1,2021-06-27,09:32:27,09,MTP042,STP167,E,P,64.35,6.570833333333333,-19.3109,-97.3999,36
16032,1,2021-06-27,12:57:02,06,MTP042,STP167,I,P,64.41,16.3975,-44.1077,0.2154,36
16032,2,2021-06-27,13:28:30,05,MTP042,STP167,E,P,64.42,6.545,-18.4702,-155.2354,36
16035,1,2021-06-27,18:51:11,04,MTP042,STP167,I,P,64.52,16.34638888888889,-44.9276,-86.7373,36
16035,2,2021-06-27,19:22:48,12,MTP042,STP167,E,P,64.53,6.5008333333333335,-17.0316,117.885,36
16037,1,2021-06-27,22:47:02,11,MTP042,STP167,I,P,64.59,16.325833333333332,-45.2428,-144.4437,36
16037,2,2021-06-27,23:18:46,06,MTP042,STP167,E,P,64.6,6.476944444444444,-16.2373,60.1035,36
16039,1,2021-06-28,02:43:05,09,MTP042,STP167,I,P,64.66,16.293333333333337,-45.739,157.6259,36
16039,2,2021-06-28,03:14:55,04,MTP042,STP167,E,P,64.67,6.451388888888889,-15.3833,2.2525,36
16042,1,2021-06-28,08:37:04,05,MTP042,STP167,I,P,64.77,16.25111111111111,-46.3641,70.8508,36
16042,2,2021-06-28,09:09:03,11,MTP042,STP167,E,P,64.78,6.411388888888889,-14.0329,-84.5267,36
16044,1,2021-06-28,12:32:59,12,MTP042,STP167,I,P,64.84,16.22138888888889,-46.7913,12.998,36
16044,2,2021-06-28,13:05:04,09,MTP042,STP167,E,P,64.85,6.3869444444444445,-13.1963,-142.3311,36
16048,1,2021-06-28,20:25:05,06,MTP042,STP167,I,P,64.98,16.153888888888886,-47.7404,-102.9038,36
16051,1,2021-06-29,02:18:55,13,MTP042,STP167,I,F,65.09,16.114722222222223,-48.075,170.3998,36
16051,2,2021-06-29,02:51:30,09,MTP042,STP167,E,F,65.1,6.299166666666666,-9.885,15.238,36
16053,1,2021-06-29,06:47:35,05,MTP042,STP167,E,P,65.17,6.270833333333333,-9.1775,-42.6386,36
16055,1,2021-06-29,10:10:52,04,MTP042,STP167,I,P,65.23,16.06388888888889,-48.9186,54.79,36
16055,2,2021-06-29,10:43:36,12,MTP042,STP167,E,P,65.24,6.246388888888889,-8.3172,-100.4419,36
16058,1,2021-06-29,16:04:51,11,MTP042,STP167,I,P,65.34,16.02638888888889,-49.3905,-31.9179,36
16059,1,2021-06-29,18:02:54,06,MTP042,STP167,I,P,65.38,16.00638888888889,-49.6391,-60.9447,36
16059,2,2021-06-29,18:35:53,09,MTP042,STP167,E,P,65.39,6.194444444444445,-6.4919,143.8516,36
16061,1,2021-06-29,21:58:49,04,MTP042,STP167,I,P,65.45,15.977222222222222,-49.9934,-118.7912,36
16064,1,2021-06-30,03:52:47,05,MTP042,STP167,I,P,65.55,15.93361111111111,-50.5094,154.4175,36
16064,2,2021-06-30,04:26:01,11,MTP042,STP167,E,P,65.56,6.136388888888889,-4.4284,-0.6312,36
16066,1,2021-06-30,07:48:42,12,MTP042,STP167,I,P,65.63,15.915833333333333,-50.707,96.7394,36
16066,2,2021-06-30,08:22:08,09,MTP042,STP167,E,P,65.64,6.109722222222222,-3.4864,-58.4867,36
16069,1,2021-06-30,13:42:33,06,MTP042,STP167,I,P,65.73,15.873055555555556,-51.1935,9.9875,36
16069,2,2021-06-30,14:16:09,05,MTP042,STP167,E,P,65.74,6.075,-2.2489,-145.1591,36
16071,1,2021-06-30,17:38:37,04,MTP042,STP167,I,P,65.8,15.843333333333334,-51.5235,-47.9087,36
16074,1,2021-06-30,23:32:25,09,MTP042,STP167,I,F,65.91,15.801388888888889,-51.7988,-134.6334,36
16074,2,2021-07-01,00:06:26,09,MTP042,STP167,E,F,65.92,6.015,0.1704,70.2947,36
16076,1,2021-07-01,03:28:26,12,MTP042,STP167,I,P,65.98,15.780000000000001,-52.1936,167.6139,36
16076,2,2021-07-01,04:02:29,11,MTP042,STP167,E,P,65.99,5.990555555555556,0.7627,12.4803,36
16078,1,2021-07-01,07:58:34,06,MTP042,STP167,E,P,66.07,5.9675,1.5773,-45.3152,36
16081,1,2021-07-01,13:18:12,09,MTP042,STP167,I,P,66.16,15.719166666666666,-52.8124,23.1765,36
16081,2,2021-07-01,13:52:35,04,MTP042,STP167,E,P,66.17,5.9319444444444445,2.8344,-131.9988,36
16083,1,2021-07-01,17:14:13,05,MTP042,STP167,I,P,66.23,15.696388888888889,-53.0354,-34.6023,36
16085,1,2021-07-01,21:10:14,11,MTP042,STP167,I,P,66.31,15.659722222222223,-53.3975,-92.5837,36
16085,2,2021-07-01,21:44:51,12,MTP042,STP167,E,P,66.32,5.881666666666667,4.6051,112.321,36
16088,1,2021-07-02,03:04:02,09,MTP042,STP167,I,P,66.41,15.628333333333334,-53.6891,-179.1536,36
16088,2,2021-07-02,03:38:50,06,MTP042,STP167,E,P,66.42,5.850555555555555,5.6929,25.7121,36
16090,1,2021-07-02,07:34:57,05,MTP042,STP167,E,P,66.5,5.826944444444444,6.5183,-32.1019,36
16093,1,2021-07-02,12:53:47,04,MTP042,STP167,I,P,66.59,15.572222222222223,-54.1989,36.4876,36
16093,2,2021-07-02,13:28:56,12,MTP042,STP167,E,P,66.6,5.793055555555555,7.6874,-118.7511,36
16095,1,2021-07-02,16:49:46,11,MTP042,STP167,I,P,66.66,15.553055555555556,-54.3654,-21.2246,36
16095,2,2021-07-02,17:25:02,06,MTP042,STP167,E,P,66.67,5.769444444444445,8.4967,-176.5586,36
16098,1,2021-07-02,22:43:40,13,MTP042,STP167,I,F,66.77,15.508333333333333,-54.5983,-108.0143,36
16100,1,2021-07-03,02:39:35,09,MTP042,STP167,I,P,66.84,15.489444444444443,-54.9173,-165.7099,36
16100,2,2021-07-03,03:15:08,04,MTP042,STP167,E,P,66.85,5.713055555555556,10.4184,38.9934,36
16102,1,2021-07-03,06:35:33,05,MTP042,STP167,I,P,66.91,15.469722222222222,-55.0809,136.5698,36
16102,2,2021-07-03,07:11:15,11,MTP042,STP167,E,P,66.92,5.689722222222223,11.2072,-18.8174,36
16105,1,2021-07-03,12:29:22,12,MTP042,STP167,I,P,67.02,15.431666666666667,-55.3954,49.8995,36
16108,1,2021-07-03,18:23:17,11,MTP042,STP168,I,P,67.13,15.4075,-55.5839,-36.5931,36
16111,1,2021-07-04,00:17:07,12,MTP042,STP168,I,P,67.24,15.3675,-55.9019,-123.2983,36
16111,2,2021-07-04,00:53:21,04,MTP042,STP168,E,P,67.25,5.585,14.6615,81.1487,36
16113,1,2021-07-04,04:13:00,06,MTP042,STP168,I,P,67.31,15.355833333333333,-55.983,179.1275,36
16113,2,2021-07-04,04:49:23,05,MTP042,STP168,E,P,67.32,5.564444444444444,15.3187,23.4036,36
16116,1,2021-07-04,10:06:55,09,MTP042,STP168,I,P,67.41,15.321944444444444,-56.2417,92.4924,36
16116,2,2021-07-04,10:43:27,12,MTP042,STP168,E,P,67.43,5.529166666666667,16.4498,-63.2913,36
16118,1,2021-07-04,14:02:43,11,MTP042,STP168,I,P,67.49,15.30388888888889,-56.3729,34.8402,36
16118,2,2021-07-04,14:39:24,06,MTP042,STP168,E,P,67.5,5.507777777777778,17.1179,-121.026,36
16121,1,2021-07-04,19:56:42,09,MTP042,STP168,I,P,67.59,15.277777777777779,-56.5604,-51.6941,36
16123,1,2021-07-04,23:52:32,13,MTP042,STP168,I,F,67.67,15.247499999999999,-56.6312,-109.5402,36
16125,1,2021-07-05,03:48:26,04,MTP042,STP168,I,P,67.74,15.235555555555555,-56.862,-167.1268,36
16125,2,2021-07-05,04:25:31,05,MTP042,STP168,E,P,67.75,5.426388888888889,19.6319,36.7156,36
16128,1,2021-07-05,09:42:21,11,MTP042,STP168,I,P,67.84,15.207777777777777,-57.0516,106.3366,36
16128,2,2021-07-05,10:19:35,12,MTP042,STP168,E,P,67.86,5.39138888888889,20.6816,-49.9702,36
16130,1,2021-07-05,13:38:09,09,MTP042,STP168,I,P,67.92,15.186388888888889,-57.1986,48.6312,36
16130,2,2021-07-05,14:15:31,06,MTP042,STP168,E,P,67.93,5.368611111111111,21.359,-107.7286,36
16132,1,2021-07-05,17:34:02,05,MTP042,STP168,I,P,67.99,15.180833333333332,-57.2253,-8.8551,36
16132,2,2021-07-05,18:11:30,04,MTP042,STP168,E,P,68.0,5.3486111111111105,21.9444,-165.4547,36
16135,1,2021-07-05,23:27:59,12,MTP042,STP168,I,P,68.09,15.135555555555555,-57.5386,-95.6698,36
16137,1,2021-07-06,03:23:47,11,MTP042,STP168,I,P,68.17,15.126666666666667,-57.5868,-153.1813,36
16137,2,2021-07-06,04:01:30,06,MTP042,STP168,E,P,68.18,5.289444444444444,23.6462,50.081,36
16140,1,2021-07-06,09:55:35,09,MTP042,STP168,E,P,68.28,5.253055555555555,24.6647,-36.6308,36
16142,1,2021-07-06,13:13:31,04,MTP042,STP168,I,P,68.34,15.0825,-57.8669,62.6434,36
16142,2,2021-07-06,13:51:30,05,MTP042,STP168,E,P,68.36,5.230833333333334,25.2763,-94.3728,36
16145,1,2021-07-06,19:07:23,11,MTP042,STP168,I,P,68.45,15.06638888888889,-57.9581,-23.7129,36
16145,2,2021-07-06,19:45:30,12,MTP042,STP168,E,P,68.46,5.197777777777778,26.1783,178.9827,36
16147,1,2021-07-06,23:03:18,09,MTP042,STP168,I,F,68.52,15.034722222222221,-58.0155,-81.5986,36
16147,2,2021-07-06,23:41:36,13,MTP042,STP168,E,F,68.53,5.174444444444445,27.0466,121.18,36
16149,1,2021-07-07,02:59:07,09,MTP042,STP168,I,P,68.59,15.02888888888889,-58.1869,-139.069,36
16149,2,2021-07-07,03:37:26,06,MTP042,STP168,E,P,68.61,5.148888888888889,27.4753,63.4048,36
16152,1,2021-07-07,08:53:00,05,MTP042,STP168,I,P,68.7,15.008055555555556,-58.3061,134.4988,36
16152,2,2021-07-07,09:31:30,04,MTP042,STP168,E,P,68.71,5.113611111111111,28.3917,-23.2863,36
16154,1,2021-07-07,12:48:50,12,MTP042,STP168,I,P,68.77,14.990833333333333,-58.4068,76.8511,36
16154,2,2021-07-07,13:27:26,11,MTP042,STP168,E,P,68.79,5.088611111111111,29.0271,-81.0745,36
16156,1,2021-07-07,16:44:40,06,MTP042,STP168,I,P,68.85,14.975555555555555,-58.4936,19.2319,36
16156,2,2021-07-07,17:23:21,09,MTP042,STP168,E,P,68.86,5.0675,29.5578,-138.8027,36
16159,1,2021-07-07,22:38:38,04,MTP042,STP168,I,P,68.95,14.949166666666667,-58.645,-67.2997,36
16159,2,2021-07-07,23:17:26,05,MTP042,STP168,E,P,68.96,5.027777777777778,30.5374,134.4362,36
16161,1,2021-07-08,02:34:24,11,MTP042,STP168,I,P,69.02,14.936666666666667,-58.7116,-124.8634,36
16161,2,2021-07-08,03:13:17,12,MTP042,STP168,E,P,69.04,5.006111111111111,31.0572,76.7194,36
16164,1,2021-07-08,09:07:20,09,MTP042,STP168,E,P,69.14,4.97,31.9167,-9.9804,36
16166,1,2021-07-08,12:24:07,06,MTP042,STP168,I,P,69.2,14.909722222222223,-58.8492,91.2253,36
16166,2,2021-07-08,13:03:16,05,MTP042,STP168,E,P,69.21,4.945,32.5025,-67.7698,36
16169,1,2021-07-08,18:17:53,04,MTP042,STP168,I,P,69.31,14.89472222222222,-58.9214,4.9154,36
16172,1,2021-07-09,00:11:50,12,MTP042,STP168,I,P,69.42,14.859722222222222,-59.1196,-81.7469,36
16177,1,2021-07-09,10:01:28,11,MTP042,STP168,I,P,69.6,14.838333333333335,-59.215,134.4447,36
16180,1,2021-07-09,16:34:55,06,MTP042,STP168,E,P,69.72,4.771944444444444,36.2981,-112.2958,36
16182,1,2021-07-09,20:30:53,09,MTP042,STP168,E,P,69.79,4.748333333333333,36.7805,-170.0712,36
16184,1,2021-07-10,00:26:56,04,MTP042,STP168,E,P,69.86,4.718055555555556,37.3948,132.0327,36
16187,1,2021-07-10,05:40:47,05,MTP042,STP168,I,P,69.95,14.779722222222222,-59.4952,-153.4162,36
16194,1,2021-07-10,20:06:35,09,MTP043,STP169,E,F,70.22,4.596388888888889,39.9435,-156.8614,36
16196,1,2021-07-11,00:02:34,12,MTP043,STP169,E,F,70.29,4.563055555555556,40.3396,145.2168,36
16200,1,2021-07-11,07:13:58,09,MTP043,STP169,I,F,70.42,14.71111111111111,-59.8025,-167.5429,36
16202,1,2021-07-11,11:09:53,06,MTP043,STP169,I,F,70.49,14.700555555555555,-59.8488,134.8875,36
16204,1,2021-07-11,15:05:42,05,MTP043,STP169,I,F,70.56,14.685555555555556,-59.9196,77.2771,36
16207,1,2021-07-11,21:40:09,04,MTP043,STP169,E,F,70.68,4.414444444444444,42.894,-172.779,36
16209,1,2021-07-12,01:36:08,11,MTP043,STP169,E,F,70.75,4.383888888888889,43.3902,129.3366,36
16211,1,2021-07-12,05:31:57,09,MTP043,STP169,E,F,70.82,4.3575,43.8058,71.5565,36
16214,1,2021-07-12,10:45:07,12,MTP043,STP169,I,F,70.92,14.645555555555555,-60.0739,149.668,36
16216,1,2021-07-12,14:40:55,05,MTP043,STP169,I,F,70.99,14.636111111111111,-60.1114,92.1467,36
16219,1,2021-07-12,21:15:38,06,MTP043,STP169,E,F,71.11,4.2444444444444445,45.515,-159.7809,36
16221,1,2021-07-13,01:11:39,11,MTP043,STP169,E,F,71.18,4.21,46.0136,142.2694,36
16224,1,2021-07-13,06:24:21,04,MTP043,STP169,I,F,71.28,14.603333333333333,-60.2345,-137.9279,36
16226,1,2021-07-13,10:20:16,12,MTP043,STP169,I,F,71.35,14.5975,-60.2528,164.5716,36
16228,1,2021-07-13,14:16:08,09,MTP043,STP169,I,F,71.42,14.585,-60.3047,106.9926,36
16231,1,2021-07-13,20:51:07,06,MTP043,STP169,E,F,71.54,4.061388888888889,48.0285,-146.9838,36
16234,1,2021-07-14,02:45:05,05,MTP043,STP169,E,F,71.65,4.008055555555556,48.7042,126.0817,36
16236,1,2021-07-14,06:40:51,04,MTP043,STP169,E,F,71.72,3.981388888888889,49.0317,68.3079,36
16239,1,2021-07-14,11:53:23,11,MTP043,STP169,I,F,71.81,14.551944444444445,-60.4093,150.8084,36
16241,1,2021-07-14,15:49:09,13,MTP043,STP169,I,F,71.88,14.533055555555556,-60.3599,93.1518,36
16244,1,2021-07-14,22:24:32,09,MTP043,STP169,E,F,72.0,3.855,50.6872,-163.231,36
16246,1,2021-07-15,02:20:28,09,MTP043,STP169,E,F,72.07,3.8125,50.9877,138.7179,36
16249,1,2021-07-15,07:32:36,12,MTP043,STP169,I,F,72.17,14.520555555555557,-60.5072,-136.6172,36
16251,1,2021-07-15,11:28:31,05,MTP043,STP169,I,F,72.24,14.517777777777779,-60.5096,165.9313,36
16253,1,2021-07-15,15:24:22,06,MTP043,STP169,I,F,72.31,14.505555555555556,-60.5596,108.3525,36
16259,1,2021-07-16,03:53:46,11,MTP043,STP169,E,F,72.54,3.5833333333333335,53.3161,122.1564,36
16261,1,2021-07-16,07:49:33,04,MTP043,STP169,E,F,72.61,3.551111111111111,53.6158,64.2933,36
16263,1,2021-07-16,11:45:31,12,MTP043,STP169,E,F,72.68,3.515277777777778,53.9397,6.3392,36
16266,1,2021-07-16,16:57:25,09,MTP043,STP169,I,F,72.78,14.471388888888889,-60.6518,94.7804,36
16268,1,2021-07-16,20:53:13,06,MTP043,STP169,I,F,72.85,14.47638888888889,-60.6172,37.4715,36
16271,1,2021-07-17,03:29:05,05,MTP043,STP169,E,F,72.97,3.3577777777777778,55.292,134.361,36
16275,1,2021-07-17,11:20:47,04,MTP043,STP169,E,F,73.11,3.2852777777777775,55.8648,18.4885,36
16280,1,2021-07-17,20:28:24,12,MTP043,STP170,I,F,73.28,14.448333333333334,-60.6855,52.6737,36
16282,1,2021-07-18,00:24:19,09,MTP043,STP170,I,F,73.35,14.453888888888889,-60.6482,-4.653,36
16284,1,2021-07-18,04:20:12,06,MTP043,STP170,I,F,73.42,14.437777777777779,-60.7137,-62.2947,36
16288,1,2021-07-18,12:53:59,05,MTP043,STP170,E,F,73.58,3.012777777777778,57.8087,1.3022,36
16290,1,2021-07-18,16:49:51,04,MTP043,STP170,E,F,73.65,2.9625000000000004,58.1346,-56.8512,36
16292,1,2021-07-18,20:45:39,11,MTP043,STP170,E,F,73.72,2.9233333333333333,58.3773,-114.8188,36
16295,1,2021-07-19,01:57:27,09,MTP043,STP170,I,F,73.81,14.432777777777778,-60.6798,-18.0533,36
16297,1,2021-07-19,05:53:13,13,MTP043,STP170,I,F,73.89,14.410277777777779,-60.6432,-75.7589,36
16300,1,2021-07-19,12:29:15,09,MTP043,STP170,E,F,74.01,2.7475,59.5395,12.9257,36
16304,1,2021-07-19,20:20:52,12,MTP043,STP170,E,F,74.15,2.6416666666666666,59.9673,-103.4293,36
16307,1,2021-07-20,01:32:34,05,MTP043,STP170,I,F,74.24,14.4225,-60.665,-2.5664,36
16309,1,2021-07-20,05:28:25,06,MTP043,STP170,I,F,74.31,14.408333333333333,-60.7216,-60.1726,36
16312,1,2021-07-20,11:22:11,11,MTP043,STP170,I,F,74.42,14.417777777777777,-60.6616,-146.1172,36
16315,1,2021-07-20,17:58:09,04,MTP043,STP170,E,F,74.54,2.3619444444444446,61.2866,-63.3146,36
16317,1,2021-07-20,21:53:56,12,MTP043,STP170,E,F,74.61,2.3169444444444443,61.4757,-121.3669,36
16319,1,2021-07-21,01:49:51,09,MTP043,STP170,E,F,74.68,2.2647222222222223,61.6897,-179.5599,36
16322,1,2021-07-21,07:01:28,06,MTP043,STP170,I,F,74.78,14.401666666666667,-60.6869,-73.3327,36
16324,1,2021-07-21,10:57:17,05,MTP043,STP170,I,F,74.85,14.411666666666667,-60.6303,-130.5686,36
16327,1,2021-07-21,17:33:16,04,MTP043,STP170,E,F,74.97,2.0377777777777775,62.5384,-52.5394,36
16329,1,2021-07-21,21:29:02,11,MTP043,STP170,E,F,75.04,1.986388888888889,62.7111,-110.681,36
16332,1,2021-07-22,02:40:47,09,MTP043,STP170,I,F,75.14,14.41388888888889,-60.5809,-0.1315,36
16334,1,2021-07-22,06:36:37,12,MTP043,STP170,I,F,75.21,14.401111111111112,-60.6316,-57.7132,36
16336,1,2021-07-22,10:32:25,05,MTP043,STP170,I,F,75.28,14.410833333333334,-60.5758,-114.9457,36
16339,1,2021-07-22,17:08:21,06,MTP043,STP170,E,F,75.4,1.6919444444444445,63.5939,-42.0768,36
16341,1,2021-07-22,21:04:07,11,MTP043,STP170,E,F,75.47,1.633888888888889,63.746,-100.3221,36
16343,1,2021-07-23,00:59:57,04,MTP043,STP170,E,F,75.54,1.5783333333333334,63.8844,-158.5445,36
16347,1,2021-07-23,08:09:39,12,MTP043,STP170,I,F,75.67,14.405555555555557,-60.5483,-70.6981,36
16349,1,2021-07-23,12:05:29,13,MTP043,STP170,I,F,75.74,14.4075,-60.3995,-128.0598,36
16354,1,2021-07-23,22:37:05,09,MTP043,STP170,E,F,75.94,1.2336111111111112,64.7321,-119.3641,36
16358,1,2021-07-24,06:28:48,09,MTP043,STP170,E,F,76.08,1.095,64.8522,123.7668,36
16361,1,2021-07-24,11:40:37,06,MTP043,STP170,I,F,76.17,14.427777777777777,-60.379,-112.1205,36
16367,1,2021-07-24,23:28:11,12,MTP043,STP171,I,F,76.39,14.432777777777778,-60.3285,75.774,36
16369,1,2021-07-25,03:24:09,09,MTP043,STP171,I,F,76.46,14.444722222222222,-60.2619,18.5334,36
16375,1,2021-07-25,15:53:18,06,MTP043,STP171,E,F,76.69,0.5186111111111111,65.4912,-12.6628,36
16377,1,2021-07-25,19:49:06,05,MTP043,STP171,E,F,76.76,0.43444444444444447,65.5431,-71.3062,36
16379,1,2021-07-25,23:44:51,04,MTP043,STP171,E,F,76.83,0.37166666666666665,65.573,-129.6158,36
16382,1,2021-07-26,04:57:16,11,MTP043,STP171,I,F,76.93,14.465,-60.1062,5.7629,36
16384,1,2021-07-26,08:53:05,09,MTP043,STP171,I,F,77.0,14.454722222222221,-60.148,-51.775,36
16387,1,2021-07-26,15:28:13,12,MTP043,STP171,E,F,77.12,0.09055555555555556,65.6387,-3.3932,36
16389,1,2021-07-26,19:24:04,05,MTP043,STP171,E,F,77.19,0.006111111111111111,65.6373,-62.0491,36
16392,1,2021-07-27,00:36:28,06,MTP043,STP171,I,F,77.28,14.481388888888889,-59.9832,79.0572,36
16394,1,2021-07-27,04:32:26,11,MTP043,STP171,I,F,77.35,14.493888888888888,-59.914,21.8202,36
16396,1,2021-07-27,08:28:17,04,MTP043,STP171,I,F,77.43,14.483333333333333,-59.9575,-35.7281,36
16400,1,2021-07-27,17:01:01,12,MTP043,STP171,E,F,77.58,23.614722222222223,65.4865,-23.524,36
16402,1,2021-07-27,20:56:47,09,MTP043,STP171,E,F,77.65,23.52722222222222,65.4233,-82.2111,36
16404,1,2021-07-28,00:52:32,06,MTP043,STP171,E,F,77.73,23.465555555555554,65.3697,-140.5038,36
16409,1,2021-07-28,10:01:23,05,MTP043,STP171,I,F,77.89,14.519166666666667,-59.7236,-48.258,36
16411,1,2021-07-28,13:57:12,13,MTP043,STP171,I,F,77.96,14.524166666666668,-59.5575,-105.5712,36
16414,1,2021-07-28,20:31:37,09,MTP043,STP171,E,F,78.08,23.084722222222222,65.0292,-73.138,36
16416,1,2021-07-29,00:27:20,04,MTP043,STP171,E,F,78.15,23.023055555555555,64.819,-131.4212,36
16419,1,2021-07-29,05:40:44,11,MTP043,STP171,I,F,78.25,14.565833333333334,-59.4434,25.4549,36
16421,1,2021-07-29,09:36:36,09,MTP043,STP171,I,F,78.32,14.563611111111111,-59.4478,-31.9773,36
16423,1,2021-07-29,13:32:24,12,MTP043,STP171,I,F,78.39,14.578888888888889,-59.3594,-89.1263,36
16426,1,2021-07-29,20:06:19,05,MTP043,STP171,E,F,78.51,22.65111111111111,64.1022,-63.8999,36
16428,1,2021-07-30,00:02:03,06,MTP043,STP171,E,F,78.58,22.586944444444445,63.9522,-122.2245,36
16430,1,2021-07-30,03:57:50,11,MTP043,STP171,E,F,78.66,22.52111111111111,63.7901,179.4099,36
16434,1,2021-07-30,11:09:41,04,MTP043,STP171,I,F,78.79,14.610277777777778,-59.1505,-44.3417,36
16436,1,2021-07-30,15:05:35,12,MTP043,STP171,I,F,78.86,14.637777777777778,-58.9925,-101.3295,36
16439,1,2021-07-30,21:38:52,09,MTP043,STP171,E,F,78.98,22.194166666666668,62.8579,-83.6864,36
16441,1,2021-07-31,01:34:34,06,MTP043,STP171,E,F,79.05,22.131944444444446,62.6524,-141.9786,36
16444,1,2021-07-31,06:49:08,05,MTP043,STP171,I,F,79.14,14.677777777777777,-58.7409,29.6649,36
16446,1,2021-07-31,10:44:56,13,MTP043,STP171,I,F,79.22,14.656666666666666,-58.7164,-28.0346,36
16447,1,2021-07-31,17:17:43,12,MTP043,STP172,E,F,79.34,21.871111111111112,61.6951,-15.3957,36
16452,1,2021-07-31,22:32:35,09,MTP043,STP172,I,F,79.43,14.708055555555555,-58.5398,160.5353,36
16452,2,2021-07-31,23:11:21,06,MTP043,STP172,E,F,79.44,21.76361111111111,61.2497,-103.066,36
16454,1,2021-08-01,02:28:24,05,MTP043,STP172,I,F,79.5,14.72638888888889,-58.4267,103.4262,36
16454,2,2021-08-01,03:07:03,04,MTP043,STP172,E,F,79.51,21.70138888888889,60.9778,-161.3507,36
16456,1,2021-08-01,06:24:23,11,MTP043,STP172,I,F,79.57,14.746944444444443,-58.2996,46.3104,36
16459,1,2021-08-01,12:18:09,09,MTP043,STP172,I,F,79.68,14.74861111111111,-58.2789,-39.7489,36
16461,1,2021-08-01,16:14:04,12,MTP043,STP172,I,F,79.75,14.779166666666667,-58.0894,-96.6969,36
16461,2,2021-08-01,16:52:15,05,MTP043,STP172,E,F,79.77,21.486944444444447,59.9496,-5.3741,36
16464,1,2021-08-01,22:07:53,06,MTP043,STP172,I,F,79.86,14.78138888888889,-58.0661,177.2371,36
16464,2,2021-08-01,22:45:52,11,MTP043,STP172,E,F,79.87,21.37472222222222,59.3552,-93.1084,36
16466,1,2021-08-02,02:03:41,04,MTP043,STP172,I,F,79.93,14.795,-57.9765,120.0612,36
16466,2,2021-08-02,02:41:33,12,MTP043,STP172,E,F,79.94,21.319166666666668,59.0434,-151.2946,36
16469,1,2021-08-02,07:57:39,09,MTP043,STP172,I,F,80.04,14.828333333333333,-57.7618,34.4247,36
16471,1,2021-08-02,11:53:26,13,MTP043,STP172,I,F,80.11,14.8025,-57.775,-23.3359,36
16473,1,2021-08-02,15:49:23,06,MTP043,STP172,I,F,80.18,14.858055555555556,-57.5626,-79.9202,36
16473,2,2021-08-02,16:26:43,05,MTP043,STP172,E,F,80.2,21.11861111111111,57.8262,4.9017,36
16476,1,2021-08-02,21:43:15,04,MTP043,STP172,I,F,80.29,14.870277777777778,-57.4754,-165.8489,36
16476,2,2021-08-02,22:20:20,11,MTP043,STP172,E,F,80.3,21.0125,57.1204,-82.7395,36
16478,1,2021-08-03,01:39:03,09,MTP043,STP172,I,F,80.36,14.877222222222223,-57.4249,136.8758,36
16478,2,2021-08-03,02:16:01,12,MTP043,STP172,E,F,80.37,20.962777777777777,56.771,-140.8373,36
16480,1,2021-08-03,05:35:00,05,MTP043,STP172,I,F,80.43,14.911666666666667,-57.1953,79.9758,36
16480,2,2021-08-03,06:11:44,06,MTP043,STP172,E,F,80.45,20.900555555555552,56.3208,160.8702,36
16483,1,2021-08-03,11:28:52,11,MTP043,STP172,I,F,80.54,14.919444444444444,-57.1344,-6.0199,36
16486,1,2021-08-03,17:22:43,04,MTP043,STP172,I,F,80.65,14.96361111111111,-56.8304,-91.4613,36
16486,2,2021-08-03,17:58:58,12,MTP043,STP172,E,F,80.66,20.740833333333335,55.0777,-13.6222,36
16489,1,2021-08-03,23:16:34,09,MTP043,STP172,I,F,80.76,14.976111111111111,-56.735,-177.3783,36
16489,2,2021-08-03,23:52:32,06,MTP043,STP172,E,F,80.77,20.64611111111111,54.2814,-101.0815,36
16491,1,2021-08-04,03:48:11,05,MTP043,STP172,E,F,80.84,20.595,53.8312,-159.1912,36
16494,1,2021-08-04,09:06:23,04,MTP043,STP172,I,F,80.94,15.03277777777778,-56.3266,39.9419,36
16497,1,2021-08-04,15:00:05,09,MTP043,STP172,I,F,81.04,15.027222222222223,-56.2107,-46.2069,36
16497,2,2021-08-04,15:35:21,09,MTP043,STP172,E,F,81.05,20.433333333333334,52.4703,26.2993,36
16499,1,2021-08-04,18:56:08,11,MTP043,STP172,I,F,81.12,15.082777777777778,-55.9511,-102.8138,36
16499,2,2021-08-04,19:31:04,09,MTP043,STP172,E,F,81.13,20.38,51.7735,-31.8568,36
16503,1,2021-08-05,02:47:51,12,MTP043,STP172,I,F,81.26,15.108888888888888,-55.7472,142.788,36
16503,2,2021-08-05,03:22:22,05,MTP043,STP172,E,F,81.27,20.271944444444443,50.6285,-148.165,36
16505,1,2021-08-05,06:43:48,06,MTP043,STP172,I,F,81.33,15.140833333333333,-55.5018,85.85,36
16505,2,2021-08-05,07:18:04,11,MTP043,STP172,E,F,81.34,20.218888888888888,50.0369,153.6844,36
16507,1,2021-08-05,10:39:46,04,MTP043,STP172,I,F,81.4,15.151666666666667,-55.414,28.5913,36
16507,2,2021-08-05,11:13:49,12,MTP043,STP172,E,F,81.41,20.170555555555556,49.4783,95.5881,36
16511,1,2021-08-05,18:31:37,09,MTP043,STP172,I,F,81.55,15.216666666666667,-54.8962,-85.2513,36
16511,2,2021-08-05,19:05:07,06,MTP043,STP172,E,F,81.56,20.07,48.2648,-20.6062,36
16513,1,2021-08-05,22:27:33,05,MTP043,STP172,I,F,81.62,15.228333333333333,-54.7987,-142.4894,36
16513,2,2021-08-05,23:00:48,04,MTP043,STP172,E,F,81.63,20.01388888888889,47.5552,-78.7987,36
16517,1,2021-08-06,06:19:21,11,MTP043,STP172,I,F,81.76,15.285833333333333,-54.319,103.5635,36
16517,2,2021-08-06,06:52:02,09,MTP043,STP172,E,F,81.77,19.91333333333333,46.2155,165.0244,36
16521,1,2021-08-06,14:11:11,12,MTP043,STP172,I,F,81.91,15.312777777777779,-54.0826,-10.8509,36
16524,1,2021-08-06,20:05:12,05,MTP043,STP172,I,F,82.01,15.378333333333334,-53.5087,-96.0105,36
16524,2,2021-08-06,20:36:51,06,MTP043,STP172,E,F,82.02,19.7425,43.7352,-38.2469,36
16527,1,2021-08-07,01:58:55,13,MTP043,STP172,I,F,82.12,15.36361111111111,-53.4754,177.6938,36
16527,2,2021-08-07,02:30:17,13,MTP043,STP172,E,F,82.13,19.665,42.7124,-125.4164,36
16529,1,2021-08-07,05:54:58,11,MTP043,STP172,I,F,82.19,15.440833333333334,-52.9341,121.4158,36
16532,1,2021-08-07,11:48:58,04,MTP043,STP172,I,F,82.3,15.474444444444444,-52.6156,35.7738,36
16532,2,2021-08-07,12:19:18,12,MTP043,STP172,E,F,82.31,19.54361111111111,40.4908,89.4323,36
16536,1,2021-08-07,19:40:52,09,MTP044,STP173,I,F,82.44,15.531944444444445,-51.8997,-78.1959,36
16536,2,2021-08-07,20:10:30,13,MTP044,STP173,E,F,82.45,19.44472222222222,38.9298,-26.7134,36
16538,1,2021-08-07,23:36:49,13,MTP044,STP173,I,F,82.52,15.550833333333333,-51.709,-135.3293,36
16538,2,2021-08-08,00:06:07,09,MTP044,STP173,E,F,82.52,19.39527777777778,38.0084,-84.7894,36
16542,1,2021-08-08,07:28:49,09,MTP044,STP173,I,F,82.66,15.652777777777779,-50.8259,111.3471,36
16542,2,2021-08-08,07:57:05,06,MTP044,STP173,E,F,82.67,19.29416666666667,35.8215,159.0888,36
16544,1,2021-08-08,11:24:51,05,MTP044,STP173,I,F,82.73,15.676666666666666,-50.5689,54.2667,36
16544,2,2021-08-08,11:52:45,04,MTP044,STP173,E,F,82.74,19.25111111111111,34.9405,101.0932,36
16546,1,2021-08-08,15:20:42,11,MTP044,STP173,I,F,82.8,15.693333333333333,-50.3856,-2.8737,36
16550,1,2021-08-08,23:12:54,12,MTP044,STP173,I,F,82.95,15.799722222222222,-49.196,-116.1837,36
16550,2,2021-08-08,23:39:14,06,MTP044,STP173,E,F,82.95,19.090277777777775,31.4609,-73.2341,36
16552,1,2021-08-09,03:08:47,09,MTP044,STP173,I,F,83.02,15.818333333333333,-48.9783,-173.3059,36
16552,2,2021-08-09,03:34:41,04,MTP044,STP173,E,F,83.03,19.041666666666668,30.3441,-131.2589,36
16554,1,2021-08-09,07:04:53,05,MTP044,STP173,I,F,83.09,15.885833333333332,-48.1729,130.252,36
16554,2,2021-08-09,07:30:07,12,MTP044,STP173,E,F,83.1,18.985555555555557,29.0181,170.6112,36
16557,1,2021-08-09,12:59:02,11,MTP044,STP173,I,F,83.2,15.9375,-47.5273,44.8534,36
16557,2,2021-08-09,13:23:30,09,MTP044,STP173,E,F,83.21,18.918333333333333,27.3845,83.6122,36
16559,1,2021-08-09,16:54:57,06,MTP044,STP173,I,F,83.27,15.973611111111111,-47.0668,-12.0168,36
16559,2,2021-08-09,17:18:50,05,MTP044,STP173,E,F,83.28,18.86388888888889,26.0124,25.5266,36
16562,1,2021-08-09,22:49:11,09,MTP044,STP173,I,F,83.38,16.041111111111114,-45.9944,-97.1991,36
16562,2,2021-08-09,23:12:07,13,MTP044,STP173,E,F,83.38,18.779444444444444,24.0581,-61.7078,36
16564,1,2021-08-10,02:45:07,13,MTP044,STP173,I,F,83.45,16.066111111111113,-45.6521,-154.24,36
16564,2,2021-08-10,03:07:29,09,MTP044,STP173,E,F,83.46,18.72611111111111,22.634,-119.7822,36
16567,1,2021-08-10,08:39:28,04,MTP044,STP173,I,F,83.56,16.191666666666666,-44.0485,121.4214,36
16567,2,2021-08-10,09:00:20,11,MTP044,STP173,E,F,83.56,18.63,19.7373,152.9171,36
16570,1,2021-08-10,14:33:40,12,MTP044,STP173,I,F,83.67,16.256666666666668,-43.0656,36.2047,36
16572,1,2021-08-10,18:29:49,06,MTP044,STP173,I,F,83.74,16.3275,-41.9533,-20.2005,36
16572,2,2021-08-10,18:48:37,09,MTP044,STP173,E,F,83.74,18.482777777777777,15.4688,7.5549,36
16786,1,2021-08-28,08:18:54,12,MTP044,STP175,I,F,91.47,5.774166666666667,7.5435,142.8561,36
16791,1,2021-08-28,18:06:59,09,MTP044,STP176,I,F,91.65,5.621111111111111,12.2751,-2.5471,36
16791,2,2021-08-28,18:25:23,06,MTP044,STP176,E,F,91.66,7.792777777777777,-43.6101,25.5521,36
16793,1,2021-08-28,22:02:16,05,MTP044,STP176,I,F,91.73,5.557222222222222,14.1944,-60.7538,36
16793,2,2021-08-28,22:21:42,04,MTP044,STP176,E,F,91.73,7.876666666666667,-44.8272,-30.6899,36
16796,1,2021-08-29,03:55:13,11,MTP044,STP176,I,F,91.83,5.471111111111111,16.7303,-147.9299,36
16796,2,2021-08-29,04:15:43,12,MTP044,STP176,E,F,91.84,7.930000000000001,-45.5654,-116.0361,36
16799,1,2021-08-29,09:48:18,09,MTP044,STP176,I,F,91.94,5.381944444444444,19.2803,124.8124,36
16799,2,2021-08-29,10:10:07,06,MTP044,STP176,E,F,91.95,8.04138888888889,-47.0327,159.3959,36
16801,1,2021-08-29,13:43:39,05,MTP044,STP176,I,F,92.02,5.331944444444444,20.6764,66.7949,36
16801,2,2021-08-29,14:06:06,04,MTP044,STP176,E,F,92.02,8.086944444444445,-47.6059,102.6582,36
16804,1,2021-08-29,19:36:53,09,MTP044,STP176,I,F,92.12,5.257777777777778,22.9333,-20.2725,36
16804,2,2021-08-29,20:00:22,09,MTP044,STP176,E,F,92.13,8.166666666666666,-48.3928,17.6459,36
16806,1,2021-08-29,23:32:16,13,MTP044,STP176,I,F,92.2,5.202500000000001,24.392,-78.3809,36
16806,2,2021-08-29,23:56:29,13,MTP044,STP176,E,F,92.2,8.23611111111111,-49.1964,-38.7688,36
16809,1,2021-08-30,05:25:37,11,MTP044,STP176,I,F,92.31,5.138055555555556,25.8049,-165.3262,36
16809,2,2021-08-30,05:50:21,12,MTP044,STP176,E,F,92.31,8.246666666666666,-49.4848,-124.7183,36
16812,1,2021-08-30,11:44:35,09,MTP044,STP176,E,F,92.42,8.3475,-50.5778,150.5978,36
16815,1,2021-08-30,17:12:06,06,MTP044,STP176,I,F,92.52,4.989444444444445,29.4323,20.5311,36
16815,2,2021-08-30,17:38:27,05,MTP044,STP176,E,F,92.53,8.375277777777779,-50.8688,64.9042,36
16817,1,2021-08-30,21:07:45,04,MTP044,STP176,I,F,92.59,4.948888888888889,30.3734,-37.4207,36
16817,2,2021-08-30,21:34:33,11,MTP044,STP176,E,F,92.6,8.415000000000001,-51.2747,8.0503,36
16819,1,2021-08-31,01:03:12,12,MTP044,STP176,I,F,92.67,4.8966666666666665,31.5594,-95.4965,36
16819,2,2021-08-31,01:30:33,09,MTP044,STP176,E,F,92.68,8.466944444444444,-51.7876,-48.5982,36
16822,1,2021-08-31,06:56:35,06,MTP044,STP176,I,F,92.78,4.829444444444444,33.0323,177.503,36
16822,2,2021-08-31,07:24:30,05,MTP044,STP176,E,F,92.78,8.496666666666666,-52.0775,-134.2809,36
16825,1,2021-08-31,13:18:34,04,MTP044,STP176,E,F,92.89,8.57861111111111,-52.8423,140.7933,36
16828,1,2021-08-31,18:43:21,11,MTP044,STP176,I,F,92.99,4.691666666666667,35.8826,3.4568,36
16828,2,2021-08-31,19:12:28,12,MTP044,STP176,E,F,93.0,8.595277777777778,-52.9956,54.9253,36
16831,1,2021-09-01,00:36:40,09,MTP044,STP176,I,F,93.1,4.620277777777778,37.4811,-83.5916,36
16831,2,2021-09-01,01:06:35,09,MTP044,STP176,E,F,93.11,8.693333333333333,-53.6949,-29.7772,36
16834,1,2021-09-01,06:30:05,13,MTP044,STP176,I,F,93.21,4.5525,38.7445,-170.6087,36
16834,2,2021-09-01,07:00:26,13,MTP044,STP176,E,F,93.22,8.706944444444444,-53.8144,-115.6736,36
16838,1,2021-09-01,14:21:22,09,MTP044,STP176,I,F,93.36,4.461944444444445,40.1468,73.357,36
16841,1,2021-09-01,20:14:58,06,MTP044,STP176,I,F,93.46,4.401111111111112,41.1819,-13.5974,36
16841,2,2021-09-01,20:46:19,05,MTP044,STP176,E,F,93.47,8.79111111111111,-54.661,44.6246,36
16844,1,2021-09-02,02:08:23,04,MTP044,STP176,I,F,93.57,4.332222222222222,42.3081,-100.6337,36
16844,2,2021-09-02,02:40:14,11,MTP044,STP176,E,F,93.58,8.844166666666668,-55.078,-40.6992,36
16847,1,2021-09-02,08:01:53,12,MTP044,STP176,I,F,93.68,4.2575,43.47,172.2308,36
16847,2,2021-09-02,08:34:07,09,MTP044,STP176,E,F,93.69,8.855555555555556,-55.1676,-126.6436,36
16850,1,2021-09-02,14:28:03,06,MTP044,STP176,E,F,93.8,8.917777777777777,-55.6373,148.1654,36
16854,1,2021-09-02,21:46:50,05,MTP044,STP176,I,F,93.94,4.103888888888888,45.704,-30.8119,36
16854,2,2021-09-02,22:20:00,04,MTP044,STP176,E,F,93.95,8.954444444444444,-55.9066,33.87,36
16856,1,2021-09-03,01:42:27,11,MTP044,STP176,I,F,94.01,4.055,46.3707,-88.8795,36
16856,2,2021-09-03,02:15:54,12,MTP044,STP176,E,F,94.02,8.988888888888889,-56.1548,-23.0126,36
16859,1,2021-09-03,07:35:58,09,MTP044,STP176,I,F,94.12,3.980277777777778,47.3509,-176.0239,36
16859,2,2021-09-03,08:09:44,06,MTP044,STP176,E,F,94.13,8.994444444444444,-56.1967,-109.0313,36
16863,1,2021-09-03,15:27:16,09,MTP044,STP176,I,F,94.26,3.8841666666666668,48.7187,67.8507,36
16865,1,2021-09-03,19:23:01,13,MTP044,STP176,I,F,94.34,3.835,49.3013,9.7463,36
16865,2,2021-09-03,19:57:35,09,MTP044,STP176,E,F,94.35,9.078333333333333,-56.632,79.9822,36
16868,1,2021-09-04,01:51:30,05,MTP044,STP176,E,F,94.45,9.106388888888889,-56.964,-5.7161,36
16870,1,2021-09-04,05:12:21,04,MTP044,STP176,I,F,94.52,3.7222222222222223,50.4004,-135.3507,36
16870,2,2021-09-04,05:47:20,11,MTP044,STP176,E,F,94.53,9.109444444444444,-56.9878,-63.0548,36
16873,1,2021-09-04,11:41:19,12,MTP044,STP176,E,F,94.64,9.145,-57.2203,-148.658,36
16877,1,2021-09-04,18:57:22,09,MTP045,STP177,I,F,94.77,3.5619444444444444,52.2239,21.4888,36
16877,2,2021-09-04,19:33:10,09,MTP045,STP177,E,F,94.78,9.230833333333333,-57.6183,97.8116,36
16879,1,2021-09-04,22:53:10,13,MTP045,STP177,I,F,94.84,3.5166666666666666,52.6612,-36.5679,36
16879,2,2021-09-04,23:29:11,13,MTP045,STP177,E,F,94.85,9.25611111111111,-57.7731,40.7633,36
16883,1,2021-09-05,06:44:34,06,MTP045,STP177,I,F,94.99,3.417777777777778,53.4204,-152.7583,36
16883,2,2021-09-05,07:20:48,05,MTP045,STP177,E,F,95.0,9.260833333333334,-57.9451,-73.9313,36
16886,1,2021-09-05,12:38:15,04,MTP045,STP177,I,F,95.1,3.3444444444444446,54.0645,120.0783,36
16886,2,2021-09-05,13:14:44,11,MTP045,STP177,E,F,95.11,9.300277777777778,-58.1795,-159.4657,36
16889,1,2021-09-05,18:31:43,12,MTP045,STP177,I,F,95.21,3.2619444444444445,54.7551,32.8292,36
16889,2,2021-09-05,19:08:27,09,MTP045,STP177,E,F,95.22,9.307500000000001,-58.2263,114.5713,36
16894,1,2021-09-06,04:21:08,05,MTP045,STP177,I,F,95.39,3.145277777777778,55.6751,-112.3461,36
16894,2,2021-09-06,04:58:14,06,MTP045,STP177,E,F,95.4,9.356944444444444,-58.5151,-28.1994,36
16896,1,2021-09-06,08:16:52,11,MTP045,STP177,I,F,95.46,3.086388888888889,56.1139,-170.5925,36
16896,2,2021-09-06,08:54:05,04,MTP045,STP177,E,F,95.47,9.348333333333334,-58.4701,-85.7209,36
16899,1,2021-09-06,14:48:01,09,MTP045,STP177,E,F,95.58,9.400833333333333,-58.765,-171.0552,36
16902,1,2021-09-06,20:04:04,12,MTP045,STP177,I,F,95.68,2.92,57.2707,14.8277,36
16902,2,2021-09-06,20:41:45,06,MTP045,STP177,E,F,95.69,9.398333333333333,-58.7569,102.8322,36
16904,1,2021-09-06,23:59:55,05,MTP045,STP177,I,F,95.75,2.8755555555555556,57.5612,-43.2312,36
16904,2,2021-09-07,00:37:43,04,MTP045,STP177,E,F,95.76,9.416944444444443,-58.8609,45.6927,36
16907,1,2021-09-07,05:53:23,09,MTP045,STP177,I,F,95.86,2.788611111111111,58.2419,-130.5446,36
16907,2,2021-09-07,06:31:29,09,MTP045,STP177,E,F,95.87,9.450277777777776,-58.9081,-39.8935,36
16909,1,2021-09-07,09:49:11,13,MTP045,STP177,I,F,95.94,2.7280555555555557,58.6029,171.1652,36
16909,2,2021-09-07,10:27:22,13,MTP045,STP177,E,F,95.95,9.447777777777778,-58.8991,-97.3302,36
16913,1,2021-09-07,17:40:40,11,MTP045,STP177,I,F,96.08,2.618055555555556,59.0873,54.7904,36
16913,2,2021-09-07,18:19:02,12,MTP045,STP177,E,F,96.09,9.46888888888889,-59.1523,148.217,36
16915,1,2021-09-07,21:36:30,09,MTP045,STP177,I,F,96.15,2.5605555555555553,59.3957,-3.4572,36
16915,2,2021-09-07,22:14:58,05,MTP045,STP177,E,F,96.17,9.466944444444444,-59.1458,90.7759,36
16919,1,2021-09-08,05:28:01,06,MTP045,STP177,I,F,96.3,2.4561111111111114,59.9299,-119.7612,36
16919,2,2021-09-08,06:06:42,11,MTP045,STP177,E,F,96.31,9.500555555555556,-59.3261,-23.5083,36
16923,1,2021-09-08,13:19:36,04,MTP045,STP177,I,F,96.45,2.3274999999999997,60.5394,123.5535,36
16923,2,2021-09-08,13:58:32,09,MTP045,STP177,E,F,96.46,9.523888888888889,-59.4525,-137.9696,36
16925,1,2021-09-08,17:15:18,12,MTP045,STP177,I,F,96.52,2.2744444444444443,60.7769,65.4067,36
16925,2,2021-09-08,17:54:19,06,MTP045,STP177,E,F,96.53,9.537222222222223,-59.5229,164.8554,36
16927,1,2021-09-08,21:11:04,05,MTP045,STP177,I,F,96.59,2.2083333333333335,61.0605,7.0432,36
16927,2,2021-09-08,21:50:12,04,MTP045,STP177,E,F,96.6,9.532222222222224,-59.5018,107.3796,36
16930,1,2021-09-09,03:44:04,11,MTP045,STP177,E,F,96.71,9.558611111111112,-59.639,21.6704,36
16932,1,2021-09-09,07:39:51,12,MTP045,STP177,E,F,96.79,9.55388888888889,-59.6205,-35.774,36
16936,1,2021-09-09,14:52:09,09,MTP045,STP177,I,F,96.92,1.9391666666666667,62.0992,104.8068,36
16938,1,2021-09-09,18:47:48,05,MTP045,STP177,I,F,96.99,1.8688888888888888,62.3391,46.4155,36
16943,1,2021-09-10,05:17:13,06,MTP045,STP177,E,F,97.19,9.615555555555556,-59.9411,9.4547,36
16945,1,2021-09-10,09:13:01,11,MTP045,STP177,E,F,97.26,9.605277777777777,-59.8986,-48.0752,36
16948,1,2021-09-10,15:06:55,04,MTP045,STP177,E,F,97.37,9.62888888888889,-60.0158,-133.8394,36
16952,1,2021-09-10,22:18:23,09,MTP045,STP177,I,F,97.5,1.4219444444444445,63.6182,-1.9357,36
16954,1,2021-09-11,02:14:14,12,MTP045,STP177,I,F,97.58,1.358888888888889,63.7653,-60.2702,36
16956,1,2021-09-11,06:10:00,06,MTP045,STP177,I,F,97.65,1.3030555555555556,63.8904,-118.476,36
16962,1,2021-09-11,18:37:58,09,MTP045,STP178,E,F,97.88,9.69,-60.201,-174.679,36
16964,1,2021-09-11,22:33:49,13,MTP045,STP178,E,F,97.95,9.680833333333332,-60.1649,127.7937,36
16969,1,2021-09-12,07:42:38,09,MTP045,STP178,I,F,98.12,0.8647222222222222,64.7842,-137.991,36
16971,1,2021-09-12,11:38:27,13,MTP045,STP178,I,F,98.2,0.7833333333333333,64.892,163.4026,36
16974,1,2021-09-12,18:13:06,06,MTP045,STP178,E,F,98.32,9.710833333333333,-60.455,-158.7182,36
16976,1,2021-09-12,22:08:53,05,MTP045,STP178,E,F,98.39,9.699166666666667,-60.4092,143.7342,36
16978,1,2021-09-13,02:04:52,04,MTP045,STP178,E,F,98.47,9.70722222222222,-60.4503,86.43,36
16983,1,2021-09-13,11:13:18,11,MTP045,STP178,I,F,98.64,0.3838888888888889,65.1625,173.1307,36
16987,1,2021-09-13,19:04:54,12,MTP045,STP178,I,F,98.78,0.2569444444444444,65.2338,56.4679,36
16989,1,2021-09-13,23:00:44,09,MTP045,STP178,I,F,98.85,0.18361111111111109,65.2632,-2.017,36
16992,1,2021-09-14,05:35:53,05,MTP045,STP178,E,F,98.98,9.750833333333333,-60.6799,45.336,36
16994,1,2021-09-14,09:31:37,06,MTP045,STP178,E,F,99.05,9.741666666666665,-60.6466,-12.1634,36
16998,1,2021-09-14,16:41:57,11,MTP045,STP178,I,F,99.18,23.88277777777778,65.3023,95.2414,36
17000,1,2021-09-14,20:37:39,04,MTP045,STP178,I,F,99.26,23.819444444444443,65.2938,36.9367,36
17003,1,2021-09-15,03:13:04,09,MTP045,STP178,E,F,99.38,9.753055555555555,-60.7233,89.7219,36
17005,1,2021-09-15,07:08:54,12,MTP045,STP178,E,F,99.45,9.769444444444446,-60.7988,32.5787,36
17007,1,2021-09-15,11:04:41,06,MTP045,STP178,E,F,99.53,9.758333333333333,-60.7587,-24.9595,36
17010,1,2021-09-15,16:16:52,05,MTP045,STP178,I,F,99.62,23.482777777777777,65.1461,104.9447,36
17012,1,2021-09-15,20:12:35,04,MTP045,STP178,I,F,99.7,23.425555555555558,65.1049,46.7255,36
17014,1,2021-09-16,00:08:25,11,MTP045,STP178,I,F,99.77,23.351944444444445,65.0428,-11.7624,36
17017,1,2021-09-16,06:44:04,09,MTP045,STP178,E,F,99.89,9.79111111111111,-60.8013,48.5473,36
17019,1,2021-09-16,10:39:50,13,MTP045,STP178,E,F,99.97,9.781666666666668,-60.7694,-8.9588,36
17023,1,2021-09-16,17:49:40,09,MTP045,STP178,I,F,100.1,23.059722222222224,64.8285,85.6165,36
17025,1,2021-09-16,21:45:23,13,MTP045,STP178,I,F,100.17,22.998611111111114,64.7433,27.344,36
17030,1,2021-09-17,08:17:03,12,MTP045,STP178,E,F,100.37,9.792777777777777,-60.9801,35.5481,36
17032,1,2021-09-17,12:12:50,09,MTP045,STP178,E,F,100.44,9.779444444444445,-60.9312,-22.0234,36
17034,1,2021-09-17,16:08:45,05,MTP045,STP178,E,F,100.52,9.781944444444445,-60.9482,-79.3947,36
17037,1,2021-09-17,21:20:26,06,MTP045,STP178,I,F,100.61,22.648888888888887,64.0164,37.7667,36
17039,1,2021-09-18,01:16:17,11,MTP045,STP178,I,F,100.69,22.580277777777777,63.8691,-20.6532,36
17041,1,2021-09-18,05:12:12,04,MTP045,STP178,I,F,100.76,22.52472222222222,63.7443,-78.8946,36
17044,1,2021-09-18,11:47:57,09,MTP045,STP178,E,F,100.88,9.785277777777777,-60.9977,-6.2836,36
17051,1,2021-09-19,01:33:25,06,MTP045,STP179,E,F,101.14,9.78138888888889,-61.0074,152.7922,36
17054,1,2021-09-19,06:45:11,05,MTP045,STP179,I,F,101.24,22.16222222222222,62.7788,-97.3553,36
17056,1,2021-09-19,10:40:56,04,MTP045,STP179,I,F,101.31,22.11277777777778,62.6257,-155.4669,36
17059,1,2021-09-19,17:16:54,11,MTP045,STP179,E,F,101.43,9.783333333333333,-61.0455,-76.7603,36
17061,1,2021-09-19,21:12:43,12,MTP045,STP179,E,F,101.51,9.792222222222222,-61.0903,-134.0085,36
17063,1,2021-09-20,01:08:32,09,MTP045,STP179,E,F,101.58,9.780277777777778,-61.0481,168.4325,36
17066,1,2021-09-20,06:20:16,05,MTP045,STP179,I,F,101.68,21.843333333333334,61.6879,-86.4806,36
17068,1,2021-09-20,10:16:03,06,MTP045,STP179,I,F,101.75,21.799444444444447,61.5195,-144.5112,36
17070,1,2021-09-20,14:11:54,11,MTP045,STP179,I,F,101.83,21.741111111111113,61.2845,157.2216,36
17076,1,2021-09-21,02:41:40,09,MTP045,STP179,E,F,102.06,9.774166666666668,-60.9458,155.2764,36
17078,1,2021-09-21,06:37:37,13,MTP045,STP179,E,F,102.13,9.778055555555556,-60.9706,97.9245,36
17081,1,2021-09-21,11:49:03,09,MTP045,STP179,I,F,102.23,21.473333333333333,60.2244,-162.4325,36
17085,1,2021-09-21,19:40:50,13,MTP045,STP179,I,F,102.38,21.3775,59.7457,81.33,36
17088,1,2021-09-22,02:16:43,04,MTP045,STP179,E,F,102.5,9.758611111111112,-61.0569,170.7145,36
17090,1,2021-09-22,06:12:41,09,MTP045,STP179,E,F,102.57,9.756388888888889,-61.0568,113.2651,36
17092,1,2021-09-22,10:08:31,12,MTP045,STP179,E,F,102.65,9.765277777777778,-61.1026,56.013,36
17095,1,2021-09-22,15:20:08,06,MTP045,STP179,I,F,102.75,21.163055555555555,58.4243,151.1484,36
17099,1,2021-09-22,23:11:52,05,MTP045,STP179,I,F,102.89,21.085833333333333,57.9582,35.2059,36
17101,1,2021-09-23,03:07:46,04,MTP045,STP179,I,F,102.97,21.03638888888889,57.643,-22.9404,36
17104,1,2021-09-23,09:43:38,11,MTP045,STP179,E,F,103.09,9.747777777777777,-61.08,71.4045,36
17106,1,2021-09-23,13:39:25,12,MTP045,STP179,E,F,103.16,9.735277777777776,-61.0349,13.8414,36
17110,1,2021-09-23,20:49:14,09,MTP045,STP179,I,F,103.3,20.856944444444444,56.4259,76.0781,36
17112,1,2021-09-24,00:44:59,05,MTP045,STP179,I,F,103.37,20.821666666666665,56.1698,18.1828,36
17115,1,2021-09-24,07:20:50,06,MTP045,STP179,E,F,103.5,9.718055555555555,-61.0007,115.3051,36
17117,1,2021-09-24,11:16:40,11,MTP045,STP179,E,F,103.57,9.722222222222223,-61.0285,57.9834,36
17121,1,2021-09-24,19:08:23,04,MTP045,STP179,E,F,103.72,9.704444444444444,-60.9687,-57.0712,36
17124,1,2021-09-25,00:20:16,09,MTP045,STP179,I,F,103.82,20.59638888888889,54.3912,30.4174,36
17126,1,2021-09-25,04:16:11,12,MTP045,STP179,I,F,103.89,20.552500000000002,54.0119,-27.6483,36
17128,1,2021-09-25,08:12:06,06,MTP045,STP179,I,F,103.96,20.51861111111111,53.7139,-85.563,36
17134,1,2021-09-25,20:41:27,09,MTP045,STP180,E,F,104.2,9.67861111111111,-60.7858,-70.5024,36
17136,1,2021-09-26,00:37:14,13,MTP045,STP180,E,F,104.27,9.680277777777777,-60.8022,-127.8552,36
17139,1,2021-09-26,05:49:26,09,MTP045,STP180,I,F,104.37,20.317777777777778,51.9685,-44.2562,36
17141,1,2021-09-26,09:45:19,13,MTP045,STP180,I,F,104.44,20.289166666666667,51.677,-102.0875,36
17146,1,2021-09-26,20:16:32,06,MTP045,STP180,E,F,104.64,9.641388888888889,-60.8074,-55.3982,36
17148,1,2021-09-27,00:12:22,05,MTP045,STP180,E,F,104.72,9.640833333333333,-60.8149,-112.7937,36
17150,1,2021-09-27,04:08:08,04,MTP045,STP180,E,F,104.79,9.629722222222222,-60.774,-170.3297,36
17153,1,2021-09-27,09:20:44,11,MTP045,STP180,I,F,104.89,20.101111111111113,49.4465,-89.328,36
17155,1,2021-09-27,13:16:33,12,MTP045,STP180,I,F,104.96,20.07472222222222,49.1399,-147.1042,36
17157,1,2021-09-27,17:12:28,09,MTP045,STP180,I,F,105.04,20.039444444444445,48.7133,154.9613,36
17163,1,2021-09-28,05:41:15,05,MTP045,STP180,E,F,105.27,9.5825,-60.6213,175.9041,36
17165,1,2021-09-28,09:37:13,06,MTP045,STP180,E,F,105.34,9.577777777777778,-60.6074,118.4112,36
17168,1,2021-09-28,14:49:55,11,MTP045,STP180,I,F,105.44,19.879444444444445,46.6667,-163.1513,36
17170,1,2021-09-28,18:45:52,04,MTP045,STP180,I,F,105.52,19.84611111111111,46.212,138.9367,36
17173,1,2021-09-29,01:20:35,09,MTP045,STP180,E,F,105.64,9.553055555555556,-60.532,-111.5114,36
17175,1,2021-09-29,05:16:23,12,MTP045,STP180,E,F,105.71,9.53888888888889,-60.4748,-169.0991,36
17177,1,2021-09-29,09:12:22,06,MTP045,STP180,E,F,105.79,9.527222222222223,-60.4289,133.3021,36
17180,1,2021-09-29,14:25:26,05,MTP045,STP180,I,F,105.89,19.70777777777778,44.2156,-150.1691,36
17182,1,2021-09-29,18:21:21,04,MTP045,STP180,I,F,105.96,19.677222222222223,43.7495,151.9672,36
17187,1,2021-09-30,04:11:06,11,MTP045,STP180,I,F,106.15,19.613333333333333,42.7441,7.5015,36
17190,1,2021-09-30,10:45:33,09,MTP045,STP180,E,F,106.27,9.470555555555556,-60.0848,119.3776,36
17192,1,2021-09-30,14:41:20,13,MTP045,STP180,E,F,106.34,9.464722222222221,-60.0661,61.914,36
17195,1,2021-09-30,19:54:51,09,MTP045,STP180,I,F,106.44,19.495555555555555,40.9786,136.0914,36
17197,1,2021-09-30,23:50:47,13,MTP045,STP180,I,F,106.52,19.474166666666665,40.605,78.3555,36
17200,1,2021-10-01,06:24:42,12,MTP045,STP180,E,F,106.64,9.423055555555555,-60.0317,-168.2594,36
17202,1,2021-10-01,10:20:41,09,MTP045,STP180,E,F,106.72,9.409166666666668,-59.9712,134.1076,36
17204,1,2021-10-01,14:16:32,05,MTP045,STP180,E,F,106.79,9.406666666666666,-59.9689,76.6815,36
17207,1,2021-10-01,19:30:29,06,MTP045,STP180,I,F,106.89,19.34861111111111,38.0983,149.4172,36
17211,1,2021-10-02,03:22:18,11,MTP045,STP180,I,F,107.04,19.304722222222225,37.2476,33.9463,36
17213,1,2021-10-02,07:18:16,04,MTP045,STP180,I,F,107.11,19.275555555555556,36.6674,-23.9106,36
17473,1,2021-10-23,17:12:04,09,MTP046,STP184,E,P,116.93,6.253055555555555,-8.4495,-162.1485,36
17476,1,2021-10-23,18:38:10,09,MTP046,STP184,I,P,116.96,15.870833333333334,-51.7764,-38.8305,36
17479,1,2021-10-24,00:32:10,05,MTP046,STP184,I,P,117.08,15.818333333333333,-52.5927,-125.7617,36
17479,2,2021-10-24,01:04:11,04,MTP046,STP184,E,P,117.09,6.202777777777778,-6.9472,82.2116,36
17481,1,2021-10-24,04:28:07,11,MTP046,STP184,I,P,117.15,15.791666666666666,-52.9132,176.4249,36
17481,2,2021-10-24,05:00:15,12,MTP046,STP184,E,P,117.16,6.181666666666667,-6.1954,24.4571,36
17483,1,2021-10-24,08:56:23,09,MTP046,STP184,E,P,117.24,6.157500000000001,-5.3186,-33.3701,36
17486,1,2021-10-24,14:17:59,06,MTP046,STP184,I,P,117.34,15.719166666666666,-53.7524,31.8038,36
17486,2,2021-10-24,14:50:25,04,MTP046,STP184,E,P,117.35,6.123333333333333,-4.0811,-120.0278,36
17488,1,2021-10-24,18:13:59,05,MTP046,STP184,I,P,117.42,15.695833333333333,-54.0194,-25.9758,36
17488,2,2021-10-24,18:46:34,12,MTP046,STP184,E,P,117.43,6.097777777777777,-3.1558,-177.8721,36
17490,1,2021-10-24,22:10:02,11,MTP046,STP184,I,P,117.49,15.66,-54.4089,-83.9531,36
17490,2,2021-10-24,22:42:43,06,MTP046,STP184,E,P,117.5,6.073611111111111,-2.2737,124.3002,36
17493,1,2021-10-25,04:03:53,09,MTP046,STP184,I,P,117.61,15.620000000000001,-54.841,-170.6545,36
17493,2,2021-10-25,04:36:43,05,MTP046,STP184,E,P,117.62,6.0424999999999995,-1.1267,37.6907,36
17495,1,2021-10-25,07:59:53,04,MTP046,STP184,I,P,117.68,15.59388888888889,-55.1162,131.5276,36
17495,2,2021-10-25,08:32:53,11,MTP046,STP184,E,P,117.69,6.0183333333333335,-0.2342,-20.1405,36
17498,1,2021-10-25,13:53:40,13,MTP046,STP184,I,P,117.8,15.554444444444446,-55.3616,44.8471,36
17498,2,2021-10-25,14:26:58,13,MTP046,STP184,E,P,117.81,5.986666666666666,1.2211,-106.7742,36
17500,1,2021-10-25,17:49:36,09,MTP046,STP184,I,P,117.87,15.536666666666667,-55.5518,-12.832,36
17500,2,2021-10-25,18:23:02,09,MTP046,STP184,E,P,117.89,5.965277777777778,2.0141,-164.5386,36
17502,1,2021-10-25,21:45:42,09,MTP046,STP184,I,P,117.95,15.504722222222222,-56.0299,-70.7583,36
17502,2,2021-10-25,22:19:09,12,MTP046,STP184,E,P,117.96,5.938888888888889,2.6958,137.6108,36
17504,1,2021-10-26,01:41:32,06,MTP046,STP184,I,P,118.03,15.479444444444445,-56.2811,-128.5298,36
17504,2,2021-10-26,02:15:07,04,MTP046,STP184,E,P,118.04,5.917777777777778,3.4774,79.8753,36
17506,1,2021-10-26,05:37:29,05,MTP046,STP184,I,P,118.1,15.453055555555554,-56.5368,173.6608,36
17506,2,2021-10-26,06:11:11,12,MTP046,STP184,E,P,118.11,5.897777777777777,4.2171,22.1323,36
17509,1,2021-10-26,11:31:24,11,MTP046,STP184,I,P,118.22,15.421944444444444,-56.8406,87.0734,36
17509,2,2021-10-26,12:05:20,06,MTP046,STP184,E,P,118.23,5.862777777777778,5.5114,-64.5696,36
17511,1,2021-10-26,15:27:17,09,MTP046,STP184,I,P,118.29,15.384444444444444,-57.1789,29.1147,36
17511,2,2021-10-26,16:01:18,05,MTP046,STP184,E,P,118.3,5.842777777777777,6.2507,-122.2897,36
17513,1,2021-10-26,19:23:14,04,MTP046,STP184,I,P,118.37,15.376666666666667,-57.2665,-28.4173,36
17513,2,2021-10-26,19:57:24,11,MTP046,STP184,E,P,118.38,5.821944444444444,7.0216,179.9463,36
17516,1,2021-10-27,01:17:12,12,MTP046,STP184,I,P,118.48,15.322222222222223,-57.7442,-115.3648,36
17518,1,2021-10-27,05:13:03,09,MTP046,STP184,I,P,118.56,15.311111111111112,-57.8566,-172.924,36
17518,2,2021-10-27,05:47:32,06,MTP046,STP184,E,P,118.57,5.7675,9.0192,35.5305,36
17521,1,2021-10-27,11:06:56,13,MTP046,STP184,I,P,118.68,15.279722222222222,-57.981,100.4946,36
17521,2,2021-10-27,11:41:43,13,MTP046,STP184,E,P,118.69,5.7375,10.4041,-51.1037,36
17523,1,2021-10-27,15:02:46,09,MTP046,STP184,I,P,118.75,15.254444444444445,-58.1998,42.7281,36
17523,2,2021-10-27,15:37:40,09,MTP046,STP184,E,P,118.76,5.718333333333334,11.1084,-108.8078,36
17526,1,2021-10-27,20:56:46,04,MTP046,STP184,I,P,118.87,15.225555555555555,-58.605,-43.8429,36
17528,1,2021-10-28,00:52:43,05,MTP046,STP184,I,P,118.94,15.186111111111112,-58.9192,-101.8519,36
17530,1,2021-10-28,04:48:30,12,MTP046,STP184,I,P,119.02,15.180277777777777,-58.9843,-159.3158,36
17530,2,2021-10-28,05:23:44,11,MTP046,STP184,E,P,119.03,5.643333333333333,13.5204,49.0589,36
17533,1,2021-10-28,11:17:52,06,MTP046,STP184,E,P,119.15,5.611666666666666,14.6536,-37.5924,36
17535,1,2021-10-28,14:38:19,09,MTP046,STP184,I,P,119.21,15.120000000000001,-59.4694,56.2586,36
17535,2,2021-10-28,15:13:52,05,MTP046,STP184,E,P,119.22,5.588888888888889,15.4596,-95.3601,36
17537,1,2021-10-28,18:34:12,04,MTP046,STP184,I,P,119.29,15.105555555555556,-59.5913,-1.356,36
17537,2,2021-10-28,19:09:52,11,MTP046,STP184,E,P,119.3,5.569722222222222,16.1325,-153.0739,36
17540,1,2021-10-29,00:28:12,12,MTP046,STP184,I,P,119.4,15.06388888888889,-59.9078,-88.1188,36
17540,2,2021-10-29,01:04:02,09,MTP046,STP184,E,P,119.41,5.535555555555556,17.3266,120.2316,36
17542,1,2021-10-29,04:23:57,06,MTP046,STP184,I,P,119.48,15.060833333333335,-59.9517,-145.5343,36
17542,2,2021-10-29,04:59:56,04,MTP046,STP184,E,P,119.49,5.516944444444444,17.9674,62.5526,36
17545,1,2021-10-29,10:54:05,13,MTP046,STP184,E,P,119.6,5.490555555555556,19.1598,-24.0203,36
17547,1,2021-10-29,14:13:42,13,MTP046,STP184,I,P,119.67,15.006944444444445,-60.2148,70.1491,36
17547,2,2021-10-29,14:50:04,09,MTP046,STP184,E,P,119.68,5.4686111111111115,19.9122,-81.7748,36
17550,1,2021-10-29,20:07:34,05,MTP046,STP184,I,P,119.78,14.984444444444444,-60.5386,-16.2971,36
17550,2,2021-10-29,20:44:00,12,MTP046,STP184,E,P,119.8,5.4366666666666665,20.7035,-168.3769,36
17552,1,2021-10-30,00:03:33,11,MTP046,STP184,I,P,119.86,14.961666666666666,-60.7047,-74.0609,36
17552,2,2021-10-30,00:40:06,06,MTP046,STP184,E,P,119.87,5.414444444444444,21.4468,133.8389,36
17554,1,2021-10-30,03:59:21,09,MTP046,STP184,I,P,119.94,14.944722222222222,-60.8313,-131.691,36
17554,2,2021-10-30,04:36:01,04,MTP046,STP184,E,P,119.95,5.394166666666667,22.1147,76.1304,36
17557,1,2021-10-30,09:53:16,05,MTP046,STP184,I,P,120.05,14.918055555555554,-61.0287,141.7869,36
17557,2,2021-10-30,10:30:06,11,MTP046,STP184,E,P,120.06,5.364999999999999,23.0787,-10.4718,36
17562,1,2021-10-30,19:42:50,09,MTP047,STP185,I,F,120.24,14.889444444444443,-61.1117,-2.102,36
17562,2,2021-10-30,20:20:03,09,MTP047,STP185,E,F,120.26,5.319166666666667,24.8389,-154.7145,36
17564,1,2021-10-30,23:38:52,05,MTP047,STP185,I,F,120.32,14.8675,-61.4077,-59.8709,36
17567,1,2021-10-31,05:32:35,04,MTP047,STP185,I,F,120.44,14.841666666666667,-61.5897,-146.3266,36
17567,2,2021-10-31,06:09:57,11,MTP047,STP185,E,F,120.45,5.263888888888889,26.2987,60.915,36
17569,1,2021-10-31,09:28:32,12,MTP047,STP185,I,F,120.51,14.824444444444444,-61.7112,155.9989,36
17569,2,2021-10-31,10:06:00,09,MTP047,STP185,E,F,120.52,5.244722222222222,26.898,3.1859,36
17571,1,2021-10-31,13:24:23,06,MTP047,STP185,I,F,120.59,14.81861111111111,-61.766,98.5219,36
17571,2,2021-10-31,14:01:59,04,MTP047,STP185,E,F,120.6,5.2225,27.5715,-54.5682,36
17574,1,2021-10-31,19:18:05,13,MTP047,STP185,I,F,120.7,14.793055555555556,-61.8021,12.072,36
17574,2,2021-10-31,19:55:55,13,MTP047,STP185,E,F,120.72,5.197222222222223,28.6095,-141.0715,36
17576,1,2021-10-31,23:14:06,05,MTP047,STP185,I,F,120.78,14.78277777777778,-62.0213,-45.5117,36
17578,1,2021-11-01,03:09:59,12,MTP047,STP185,I,F,120.86,14.755,-62.1972,-103.3309,36
17581,1,2021-11-01,09:03:45,11,MTP047,STP185,I,F,120.97,14.747499999999999,-62.2708,170.4719,36
17581,2,2021-11-01,09:41:51,06,MTP047,STP185,E,F,120.99,5.121666666666666,30.5658,16.8166,36
17583,1,2021-11-01,12:59:40,09,MTP047,STP185,I,F,121.05,14.7325,-62.3727,112.843,36
17583,2,2021-11-01,13:37:52,05,MTP047,STP185,E,F,121.06,5.098055555555555,31.2402,-40.9696,36
17586,1,2021-11-01,18:53:20,09,MTP047,STP185,I,F,121.16,14.710277777777778,-62.3847,26.4513,36
17586,2,2021-11-01,19:31:46,09,MTP047,STP185,E,F,121.18,5.072777777777778,32.2186,-127.4629,36
17588,1,2021-11-01,22:49:20,04,MTP047,STP185,I,F,121.24,14.705277777777777,-62.5721,-31.0525,36
17591,1,2021-11-02,04:43:06,11,MTP047,STP185,I,F,121.36,14.675833333333333,-62.758,-117.5797,36
17593,1,2021-11-02,08:38:56,12,MTP047,STP185,I,F,121.43,14.67861111111111,-62.7652,-174.9221,36
17593,2,2021-11-02,09:17:37,09,MTP047,STP185,E,F,121.45,4.997222222222223,34.0379,30.4414,36
17597,1,2021-11-02,16:30:40,06,MTP047,STP185,I,F,121.59,14.651111111111112,-62.9506,69.8721,36
17597,2,2021-11-02,17:09:32,04,MTP047,STP185,E,F,121.6,4.953055555555555,35.1986,-85.0503,36
17600,1,2021-11-02,22:24:26,13,MTP047,STP185,I,F,121.7,14.645555555555555,-62.8736,-16.292,36
17600,2,2021-11-02,23:03:29,13,MTP047,STP185,E,F,121.72,4.929444444444445,36.0744,-171.5381,36
17602,1,2021-11-03,02:20:26,05,MTP047,STP185,I,F,121.78,14.624444444444444,-63.1384,-74.0356,36
17602,2,2021-11-03,02:59:30,12,MTP047,STP185,E,F,121.79,4.898888888888888,36.5876,130.577,36
17604,1,2021-11-03,06:16:13,11,MTP047,STP185,I,F,121.86,14.612499999999999,-63.2199,-131.5904,36
17604,2,2021-11-03,06:55:20,06,MTP047,STP185,E,F,121.87,4.880277777777779,37.0606,72.9104,36
17607,1,2021-11-03,12:49:21,09,MTP047,STP185,E,F,121.99,4.848333333333333,37.8468,-13.7129,36
17609,1,2021-11-03,16:45:15,05,MTP047,STP185,E,F,122.06,4.825555555555555,38.401,-71.4604,36
17612,1,2021-11-03,21:59:41,04,MTP047,STP185,I,F,122.17,14.582777777777778,-63.4527,-1.6129,36
17615,1,2021-11-04,03:53:34,11,MTP047,STP185,I,F,122.28,14.554722222222223,-63.6198,-88.1453,36
17618,1,2021-11-04,10:26:57,12,MTP047,STP185,E,F,122.41,4.731388888888889,40.6014,28.7796,36
17622,1,2021-11-04,18:18:50,09,MTP047,STP185,E,F,122.56,4.6825,41.6832,-86.7803,36
17624,1,2021-11-04,22:14:45,09,MTP047,STP185,E,F,122.64,4.669722222222222,42.2062,-144.3822,36
17628,1,2021-11-05,05:26:35,09,MTP047,STP185,I,F,122.78,14.504722222222222,-63.8623,-101.9354,36
17630,1,2021-11-05,09:22:26,06,MTP047,STP185,I,F,122.86,14.513055555555555,-63.9809,-159.1999,36
17632,1,2021-11-05,13:18:22,04,MTP047,STP185,I,F,122.94,14.503333333333334,-64.0472,143.2437,36
17637,1,2021-11-05,23:48:14,05,MTP047,STP185,E,F,123.14,4.516666666666667,45.1123,-159.8247,36
17639,1,2021-11-06,03:44:15,12,MTP047,STP185,E,F,123.22,4.488611111111111,45.6489,142.3227,36
17642,1,2021-11-06,08:57:32,11,MTP047,STP185,I,F,123.32,14.48,-64.2649,-144.038,36
17644,1,2021-11-06,12:53:28,06,MTP047,STP185,I,F,123.4,14.476111111111111,-64.3056,158.4914,36
17649,1,2021-11-06,23:23:45,05,MTP047,STP186,E,F,123.61,4.372222222222222,47.7858,-146.4382,36
17652,1,2021-11-07,05:17:43,04,MTP047,STP186,E,F,123.72,4.3311111111111105,48.4923,126.8123,36
17654,1,2021-11-07,09:13:34,13,MTP047,STP186,E,F,123.8,4.313611111111111,49.0023,69.1594,36
17657,1,2021-11-07,14:26:32,13,MTP047,STP186,I,F,123.9,14.445833333333333,-64.453,144.9883,36
17659,1,2021-11-07,18:22:24,11,MTP047,STP186,I,F,123.98,14.438333333333334,-64.6417,87.481,36
17661,1,2021-11-07,22:18:13,12,MTP047,STP186,I,F,124.06,14.43888888888889,-64.6625,30.1056,36
17664,1,2021-11-08,04:53:11,09,MTP047,STP186,E,F,124.19,4.1786111111111115,50.9521,140.0914,36
17666,1,2021-11-08,08:48:59,06,MTP047,STP186,E,F,124.26,4.154722222222222,51.3173,82.3556,36
17669,1,2021-11-08,14:01:45,04,MTP047,STP186,I,F,124.37,14.433333333333334,-64.7772,160.4302,36
17671,1,2021-11-08,17:57:35,05,MTP047,STP186,I,F,124.44,14.425833333333333,-64.8332,102.9274,36
17674,1,2021-11-09,00:32:37,12,MTP047,STP186,E,F,124.57,4.051111111111111,52.8198,-148.8168,36
17677,1,2021-11-09,06:26:35,11,MTP047,STP186,E,F,124.69,4.001388888888889,53.4941,124.2998,36
17679,1,2021-11-09,10:22:24,09,MTP047,STP186,E,F,124.77,3.9855555555555555,53.9075,66.6819,36
17682,1,2021-11-09,15:34:49,09,MTP047,STP186,I,F,124.87,14.41638888888889,-64.8693,147.1246,36
17684,1,2021-11-09,19:30:38,06,MTP047,STP186,I,F,124.95,14.416666666666666,-65.0238,89.7422,36
17686,1,2021-11-09,23:26:28,09,MTP047,STP186,I,F,125.03,14.422777777777776,-65.0214,32.4473,36
17691,1,2021-11-10,09:57:45,05,MTP047,STP186,E,F,125.23,3.8027777777777776,55.9862,79.5322,36
17693,1,2021-11-10,13:53:42,04,MTP047,STP186,E,F,125.31,3.7775,56.2813,21.7421,36
17696,1,2021-11-10,19:05:50,11,MTP047,STP186,I,F,125.42,14.421111111111111,-65.1466,105.4452,36
17698,1,2021-11-10,23:01:38,12,MTP047,STP186,I,F,125.49,14.422222222222222,-65.166,48.0785,36
17701,1,2021-11-11,05:37:19,09,MTP047,STP186,E,F,125.62,3.6469444444444443,57.7051,150.1661,36
17704,1,2021-11-11,11:31:01,06,MTP047,STP186,E,F,125.74,3.6033333333333335,58.1564,63.4456,36
17706,1,2021-11-11,15:27:03,13,MTP047,STP186,E,F,125.82,3.576388888888889,58.6014,5.6051,36
17709,1,2021-11-11,20:38:51,13,MTP047,STP186,I,F,125.92,14.418333333333333,-65.1821,92.3629,36
17712,1,2021-11-12,02:32:44,04,MTP047,STP186,I,F,126.04,14.444166666666668,-65.242,6.6387,36
17715,1,2021-11-12,08:26:33,05,MTP047,STP186,I,F,126.15,14.431944444444444,-65.3305,-79.6418,36
17718,1,2021-11-12,15:02:18,12,MTP047,STP186,E,F,126.29,3.366111111111111,60.3725,18.0679,36
17720,1,2021-11-12,18:58:12,11,MTP047,STP186,E,F,126.36,3.3227777777777776,60.733,-39.9842,36
17724,1,2021-11-13,02:07:51,06,MTP047,STP186,I,F,126.51,14.461666666666666,-65.3146,22.5489,36
17727,1,2021-11-13,08:01:43,09,MTP047,STP186,I,F,126.62,14.451944444444443,-65.3932,-63.7049,36
17733,1,2021-11-13,20:31:23,05,MTP047,STP187,E,F,126.87,3.0741666666666667,62.6366,-56.7907,36
17735,1,2021-11-14,00:27:10,04,MTP047,STP187,E,F,126.95,3.0419444444444443,62.8673,-114.6503,36
17737,1,2021-11-14,04:23:08,09,MTP047,STP187,E,F,127.03,3.0097222222222224,63.241,-172.552,36
17740,1,2021-11-14,09:34:45,09,MTP047,STP187,I,F,127.13,14.46861111111111,-65.3492,-76.4946,36
17742,1,2021-11-14,13:30:37,11,MTP047,STP187,I,F,127.21,14.496666666666666,-65.3871,-133.47,36
17744,1,2021-11-14,17:26:33,12,MTP047,STP187,I,F,127.29,14.501944444444444,-65.3894,169.1982,36
17747,1,2021-11-15,00:02:23,09,MTP047,STP187,E,F,127.42,2.786111111111111,64.4839,-102.8626,36
17749,1,2021-11-15,03:58:17,06,MTP047,STP187,E,F,127.5,2.745277777777778,64.7192,-160.8732,36
17752,1,2021-11-15,09:09:56,04,MTP047,STP187,I,F,127.6,14.514166666666666,-65.4381,-60.181,36
17754,1,2021-11-15,13:05:44,05,MTP047,STP187,I,F,127.68,14.530277777777778,-65.3927,-117.317,36
17757,1,2021-11-15,19:41:46,12,MTP047,STP187,E,F,127.81,2.554722222222222,65.7273,-33.3202,36
17759,1,2021-11-15,23:37:32,11,MTP047,STP187,E,F,127.89,2.5075,65.9585,-91.3974,36
17764,1,2021-11-16,09:27:20,13,MTP047,STP187,E,F,128.08,2.3905555555555553,66.6378,123.3298,36
17767,1,2021-11-16,14:38:49,13,MTP047,STP187,I,F,128.19,14.564722222222223,-65.2694,-129.8528,36
17769,1,2021-11-16,18:34:45,06,MTP047,STP187,I,F,128.26,14.585,-65.3399,173.041,36
17771,1,2021-11-16,22:30:32,09,MTP047,STP187,I,F,128.34,14.581666666666667,-65.3816,115.6148,36
17776,1,2021-11-17,09:02:24,05,MTP047,STP187,E,F,128.55,2.068888888888889,67.7952,134.1686,36
17778,1,2021-11-17,12:58:09,04,MTP047,STP187,E,F,128.63,2.0141666666666667,67.989,75.9821,36
17781,1,2021-11-17,18:09:55,11,MTP047,STP187,I,F,128.73,14.638055555555555,-65.253,-170.5292,36
17783,1,2021-11-17,22:05:44,12,MTP047,STP187,I,F,128.81,14.636111111111111,-65.2891,132.0583,36
17788,1,2021-11-18,08:37:30,09,MTP047,STP187,E,F,129.02,1.726388888888889,68.8969,144.6852,36
17791,1,2021-11-18,14:31:10,06,MTP047,STP187,E,F,129.14,1.6402777777777777,69.1365,57.3326,36
17793,1,2021-11-18,18:27:07,09,MTP047,STP187,E,F,129.22,1.587777777777778,69.3973,-0.8728,36
17796,1,2021-11-18,23:38:47,09,MTP047,STP187,I,F,129.32,14.680833333333332,-65.1112,119.6866,36
17799,1,2021-11-19,05:32:38,04,MTP047,STP187,I,F,129.44,14.729166666666666,-65.056,34.3046,36
17802,1,2021-11-19,11:26:29,05,MTP047,STP187,I,F,129.56,14.731388888888889,-65.0863,-51.7675,36
17805,1,2021-11-19,18:02:07,12,MTP047,STP187,E,F,129.69,1.1919444444444445,70.1556,8.8708,36
17807,1,2021-11-19,21:58:00,11,MTP047,STP187,E,F,129.77,1.111388888888889,70.2985,-49.7363,36
17810,1,2021-11-20,03:09:52,06,MTP047,STP187,I,F,129.87,14.78361111111111,-64.9331,79.4567,36
17812,1,2021-11-20,07:05:50,09,MTP047,STP187,I,F,129.95,14.80388888888889,-64.8557,22.343,36
17818,1,2021-11-20,19:35:03,05,MTP047,STP188,E,F,130.2,0.7330555555555556,70.8651,-11.035,36
17820,1,2021-11-20,23:30:53,04,MTP047,STP188,E,F,130.28,0.6447222222222222,70.9629,-69.7441,36
17823,1,2021-11-21,05:24:37,13,MTP047,STP188,E,F,130.4,0.5561111111111111,71.1734,-157.1493,36
17827,1,2021-11-21,12:34:47,13,MTP047,STP188,I,F,130.54,14.865833333333333,-64.5959,-47.1809,36
17829,1,2021-11-21,16:30:39,11,MTP047,STP188,I,F,130.62,14.907222222222222,-64.5435,-103.9547,36
17831,1,2021-11-21,20:26:37,12,MTP047,STP188,I,F,130.7,14.925555555555555,-64.4704,-161.0995,36
17834,1,2021-11-22,03:01:38,09,MTP047,STP188,E,F,130.83,0.12416666666666668,71.3664,-119.2397,36
17836,1,2021-11-22,06:57:29,06,MTP047,STP188,E,F,130.91,0.05388888888888889,71.3971,-177.6871,36
17839,1,2021-11-22,12:10:04,04,MTP047,STP188,I,F,131.02,14.968055555555555,-64.3468,-30.0371,36
17841,1,2021-11-22,16:05:52,05,MTP047,STP188,I,F,131.1,14.991944444444444,-64.2375,-87.0577,36
17844,1,2021-11-22,22:40:51,12,MTP047,STP188,E,F,131.23,23.738055555555558,71.4516,-51.9791,36
17846,1,2021-11-23,02:36:34,11,MTP047,STP188,E,F,131.31,23.651944444444442,71.4439,-110.6303,36
17848,1,2021-11-23,06:32:25,09,MTP047,STP188,E,F,131.39,23.587777777777777,71.549,-168.9844,36
17852,1,2021-11-23,13:43:09,09,MTP047,STP188,I,F,131.53,15.043888888888889,-63.943,-41.9566,36
17855,1,2021-11-23,19:37:04,06,MTP047,STP188,I,F,131.65,15.1075,-63.746,-127.1218,36
17857,1,2021-11-23,23:32:55,09,MTP047,STP188,I,F,131.73,15.111388888888888,-63.7518,175.5464,36
17860,1,2021-11-24,06:07:15,05,MTP047,STP188,E,F,131.86,23.107222222222223,71.2037,-160.475,36
17863,1,2021-11-24,12:01:03,04,MTP047,STP188,E,F,131.98,22.985555555555557,71.098,111.6075,36
17866,1,2021-11-24,17:14:18,11,MTP047,STP188,I,F,132.09,15.193055555555556,-63.3637,-81.5043,36
17868,1,2021-11-24,21:10:15,12,MTP047,STP188,I,F,132.17,15.214444444444444,-63.2514,-138.5994,36
17870,1,2021-11-25,01:06:06,09,MTP047,STP188,I,F,132.24,15.222222222222223,-63.2316,164.1234,36
17872,1,2021-11-25,05:01:53,06,MTP047,STP188,I,F,132.32,15.239166666666666,-63.1467,107.006,36
17874,1,2021-11-25,08:57:49,13,MTP047,STP188,I,F,132.4,15.24611111111111,-62.9739,49.6977,36
17878,1,2021-11-25,17:29:31,13,MTP047,STP188,E,F,132.58,22.412499999999998,70.4557,32.6756,36
17880,1,2021-11-25,21:25:22,04,MTP047,STP188,E,F,132.65,22.343055555555555,70.2122,-25.7567,36
17884,1,2021-11-26,05:16:52,05,MTP047,STP188,E,F,132.81,22.183611111111112,69.89,-142.882,36
17887,1,2021-11-26,10:31:07,12,MTP047,STP188,I,F,132.92,15.385555555555555,-62.3364,38.681,36
17889,1,2021-11-26,14:26:59,11,MTP047,STP188,I,F,133.0,15.39472222222222,-62.2997,-18.5753,36
17892,1,2021-11-26,21:00:08,06,MTP047,STP188,E,F,133.13,21.911388888888887,69.2493,-16.4976,36
17894,1,2021-11-27,00:55:55,09,MTP047,STP188,E,F,133.21,21.81861111111111,68.9873,-75.2647,36
17897,1,2021-11-27,06:10:25,09,MTP047,STP188,I,F,133.32,15.458333333333332,-61.7742,112.8031,36
17897,2,2021-11-27,06:49:33,09,MTP047,STP188,E,F,133.33,21.71638888888889,68.8202,-162.8451,36
17899,1,2021-11-27,10:06:28,05,MTP047,STP188,I,F,133.4,15.509722222222223,-61.5602,56.1332,36
17904,1,2021-11-27,19:56:08,13,MTP048,STP189,I,F,133.6,15.542777777777777,-61.201,-86.8599,36
17904,2,2021-11-27,20:34:51,13,MTP048,STP189,E,F,133.61,21.492222222222225,68.0897,-7.0358,36
17906,1,2021-11-27,23:52:08,04,MTP048,STP189,I,F,133.67,15.582222222222223,-61.0683,-143.6917,36
17906,2,2021-11-28,00:30:37,11,MTP048,STP189,E,F,133.69,21.410833333333333,67.6473,-65.6267,36
17909,1,2021-11-28,05:45:52,12,MTP048,STP189,I,F,133.79,15.608333333333333,-60.8937,130.6202,36
17909,2,2021-11-28,06:24:12,09,MTP048,STP189,E,F,133.81,21.322499999999998,67.307,-152.9926,36
17911,1,2021-11-28,09:41:50,07,MTP048,STP189,I,F,133.87,15.639444444444443,-60.6506,73.6682,36
17911,2,2021-11-28,10:20:02,05,MTP048,STP189,E,F,133.89,21.2625,67.0618,148.7195,36
17913,1,2021-11-28,13:37:47,11,MTP048,STP189,I,F,133.95,15.650277777777777,-60.5873,16.4173,36
17913,2,2021-11-28,14:15:52,04,MTP048,STP189,E,F,133.97,21.196666666666665,66.777,90.3467,36
17916,1,2021-11-28,19:31:31,09,MTP048,STP189,I,F,134.07,15.665555555555557,-60.3264,-69.4321,36
17916,2,2021-11-28,20:09:30,09,MTP048,STP189,E,F,134.09,21.108055555555556,66.5231,2.962,36
17918,1,2021-11-28,23:27:34,09,MTP048,STP189,I,F,134.15,15.714166666666666,-60.0839,-126.1406,36
17918,2,2021-11-29,00:05:18,12,MTP048,STP189,E,F,134.17,21.040833333333335,66.0508,-55.4228,36
17920,1,2021-11-29,03:23:24,05,MTP048,STP189,I,F,134.23,15.723611111111111,-60.0295,176.6137,36
17920,2,2021-11-29,04:01:00,07,MTP048,STP189,E,F,134.25,20.97222222222222,65.7008,-113.8084,36
17923,1,2021-11-29,09:17:16,04,MTP048,STP189,I,F,134.35,15.771666666666668,-59.6171,91.2232,36
17923,2,2021-11-29,09:54:39,11,MTP048,STP189,E,F,134.37,20.894444444444446,65.2955,158.972,36
17925,1,2021-11-29,13:13:16,12,MTP048,STP189,I,F,134.43,15.791666666666666,-59.4523,34.0978,36
17925,2,2021-11-29,13:50:30,09,MTP048,STP189,E,F,134.45,20.841666666666665,65.0046,100.7863,36
17929,1,2021-11-29,21:04:59,13,MTP048,STP189,I,F,134.59,15.821388888888889,-59.0409,-80.2448,36
17929,2,2021-11-29,21:42:01,13,MTP048,STP189,E,F,134.6,20.729999999999997,64.5096,-15.6235,36
17931,1,2021-11-30,01:00:59,07,MTP048,STP189,I,F,134.67,15.862499999999999,-58.8336,-137.0568,36
17931,2,2021-11-30,01:37:44,05,MTP048,STP189,E,F,134.68,20.66,63.9008,-74.033,36
17935,1,2021-11-30,08:52:45,11,MTP048,STP189,I,F,134.83,15.911666666666667,-58.3778,108.8852,36
17935,2,2021-11-30,09:29:11,04,MTP048,STP189,E,F,134.84,20.559166666666666,63.2322,169.7339,36
17937,1,2021-11-30,12:48:47,09,MTP048,STP189,I,F,134.91,15.936944444444444,-58.1353,51.8269,36
17939,1,2021-11-30,16:44:38,12,MTP048,STP189,I,F,134.99,15.95,-58.0253,-5.3674,36
17942,1,2021-11-30,22:38:33,09,MTP048,STP189,I,F,135.11,15.981944444444444,-57.5235,-91.0093,36
17942,2,2021-11-30,23:14:24,09,MTP048,STP189,E,F,135.12,20.37138888888889,62.0065,-33.8892,36
17944,1,2021-12-01,02:34:29,05,MTP048,STP189,I,F,135.19,16.015555555555554,-57.3607,-147.9182,36
17944,2,2021-12-01,03:10:05,07,MTP048,STP189,E,F,135.2,20.31638888888889,61.3773,-92.07,36
17947,1,2021-12-01,08:28:20,04,MTP048,STP189,I,F,135.31,16.06138888888889,-56.8648,126.6647,36
17947,2,2021-12-01,09:03:37,11,MTP048,STP189,E,F,135.32,20.246666666666666,60.7865,-179.1402,36
17950,1,2021-12-01,14:22:19,12,MTP048,STP189,I,F,135.43,16.093333333333334,-56.5248,41.0053,36
17950,2,2021-12-01,14:57:19,09,MTP048,STP189,E,F,135.44,20.177500000000002,60.1639,93.7508,36
17953,1,2021-12-01,20:16:09,07,MTP048,STP189,I,F,135.55,16.1375,-56.0137,-44.4319,36
17953,2,2021-12-01,20:50:48,05,MTP048,STP189,E,F,135.56,20.104722222222225,59.4684,6.6421,36
17956,1,2021-12-02,02:10:05,13,MTP048,STP189,I,F,135.67,16.15361111111111,-55.657,-130.3173,36
17956,2,2021-12-02,02:44:29,13,MTP048,STP189,E,F,135.68,20.019444444444442,58.7853,-80.7006,36
17959,1,2021-12-02,08:03:59,11,MTP048,STP189,I,F,135.79,16.21527777777778,-55.0855,144.492,36
17959,2,2021-12-02,08:37:55,04,MTP048,STP189,E,F,135.8,19.95638888888889,57.9142,-167.6504,36
17962,1,2021-12-02,13:58:03,09,MTP048,STP189,I,F,135.91,16.25888888888889,-54.5262,58.9892,36
17965,1,2021-12-02,19:51:50,12,MTP048,STP189,I,F,136.03,16.289166666666667,-54.1465,-26.647,36
17965,2,2021-12-02,20:25:04,05,MTP048,STP189,E,F,136.04,19.825833333333332,56.3918,18.3178,36
17967,1,2021-12-02,23:47:57,07,MTP048,STP189,I,F,136.11,16.33277777777778,-53.5273,-83.447,36
17967,2,2021-12-03,00:20:50,04,MTP048,STP189,E,F,136.12,19.781944444444445,55.8398,-39.7139,36
17970,1,2021-12-03,05:41:44,09,MTP048,STP189,I,F,136.23,16.33611111111111,-53.3179,-169.483,36
17970,2,2021-12-03,06:14:22,09,MTP048,STP189,E,F,136.24,19.706666666666667,55.0508,-126.87,36
17972,1,2021-12-03,09:37:46,11,MTP048,STP189,I,F,136.31,16.397222222222222,-52.6163,133.9937,36
17972,2,2021-12-03,10:09:58,12,MTP048,STP189,E,F,136.32,19.66861111111111,54.3106,175.232,36
17975,1,2021-12-03,15:31:49,09,MTP048,STP189,I,F,136.43,16.434444444444445,-52.0628,48.4,36
17975,2,2021-12-03,16:03:35,07,MTP048,STP189,E,F,136.45,19.608055555555556,53.4321,88.2717,36
17978,1,2021-12-03,21:25:44,05,MTP048,STP189,I,F,136.55,16.481944444444444,-51.3189,-37.0108,36
17978,2,2021-12-03,21:57:00,11,MTP048,STP189,E,F,136.57,19.544444444444448,52.4547,1.318,36
17981,1,2021-12-04,03:19:49,04,MTP048,STP189,I,F,136.68,16.526666666666667,-50.5882,-122.5012,36
17981,2,2021-12-04,03:50:34,09,MTP048,STP189,E,F,136.69,19.47972222222222,51.4032,-85.6881,36
17984,1,2021-12-04,09:13:38,13,MTP048,STP189,I,F,136.8,16.548611111111114,-50.0131,151.7282,36
17984,2,2021-12-04,09:44:01,13,MTP048,STP189,E,F,136.81,19.415555555555553,50.5377,-172.6579,36
17986,1,2021-12-04,17:35:20,04,MTP048,STP190,E,F,136.97,19.34,48.9139,71.5198,36
17991,1,2021-12-04,22:59:51,11,MTP048,STP190,I,F,137.08,16.68027777777778,-47.8198,-47.3422,36
17991,2,2021-12-04,23:28:42,12,MTP048,STP190,E,F,137.09,19.278055555555554,47.695,-15.3989,36
17994,1,2021-12-05,04:53:55,09,MTP048,STP190,I,F,137.2,16.72111111111111,-47.0243,-132.8883,36
17994,2,2021-12-05,05:22:08,07,MTP048,STP190,E,F,137.21,19.211666666666666,46.3085,-102.3943,36
17996,1,2021-12-05,08:49:52,05,MTP048,STP190,I,F,137.28,16.751666666666665,-46.3994,170.1538,36
17996,2,2021-12-05,09:17:40,11,MTP048,STP190,E,F,137.29,19.17361111111111,45.473,-160.2825,36
18001,1,2021-12-05,18:39:58,09,MTP048,STP190,I,F,137.48,16.805555555555557,-45.0215,27.3679,36
18003,1,2021-12-05,22:36:11,04,MTP048,STP190,I,F,137.56,16.87,-43.7915,-29.1451,36
18003,2,2021-12-05,23:02:15,09,MTP048,STP190,E,F,137.57,19.040000000000003,42.3053,-2.9408,36
18006,1,2021-12-06,04:30:25,12,MTP048,STP190,I,F,137.68,16.9225,-42.527,-114.5556,36
18006,2,2021-12-06,04:55:38,05,MTP048,STP190,E,F,137.69,18.9775,40.6699,-89.8707,36
18009,1,2021-12-06,10:24:31,07,MTP048,STP190,I,F,137.8,16.97611111111111,-41.1755,160.0814,36
18009,2,2021-12-06,10:48:48,04,MTP048,STP190,E,F,137.81,18.913888888888888,38.904,-176.7621,36
18013,1,2021-12-06,18:16:50,11,MTP048,STP190,I,F,137.97,17.039444444444445,-39.488,46.0993,36
18013,2,2021-12-06,18:39:57,12,MTP048,STP190,E,F,137.97,18.83888888888889,36.6916,67.4678,36
18017,1,2021-12-07,02:09:13,13,MTP048,STP190,I,F,138.13,17.109722222222224,-37.1831,-67.796,36
18017,2,2021-12-07,02:30:56,09,MTP048,STP190,E,F,138.13,18.7525,34.2479,-48.4383,36
18019,1,2021-12-07,06:05:26,09,MTP048,STP190,I,F,138.21,17.157777777777778,-36.0184,-124.5543,36
18019,2,2021-12-07,06:26:15,07,MTP048,STP190,E,F,138.21,18.709444444444443,32.4583,-106.3452,36
18022,1,2021-12-07,11:59:52,05,MTP048,STP190,I,F,138.33,17.231666666666666,-33.635,150.3031,36
18022,2,2021-12-07,12:19:13,11,MTP048,STP190,E,F,138.34,18.639444444444443,29.9495,166.7132,36
18025,1,2021-12-07,17:54:20,04,MTP048,STP190,I,F,138.45,17.28666666666667,-31.762,64.8758,36
18025,2,2021-12-07,18:12:25,09,MTP048,STP190,E,F,138.46,18.578888888888887,27.6668,79.859,36
18035,1,2021-12-08,13:36:57,12,MTP048,STP190,I,F,138.86,17.569166666666668,-20.5574,141.337,36
18054,1,2021-12-10,02:04:59,11,MTP048,STP190,C,F,139.61,5.9719444444444445,1.5958,154.9479,36
18269,1,2021-12-27,18:26:26,09,MTP049,STP193,I,F,148.49,5.352222222222222,37.4749,69.9052,36
18269,2,2021-12-27,18:46:23,09,MTP049,STP193,E,F,148.49,6.5125,-29.3098,82.4496,36
18271,1,2021-12-27,22:22:02,11,MTP049,STP193,I,F,148.57,5.319444444444445,38.4854,12.0817,36
18271,2,2021-12-27,22:42:30,12,MTP049,STP193,E,F,148.58,6.518055555555556,-30.0825,25.0807,36
18274,1,2021-12-28,04:15:12,09,MTP049,STP193,I,F,148.69,5.266388888888889,40.6581,-74.6528,36
18274,2,2021-12-28,04:36:56,07,MTP049,STP193,E,F,148.7,6.5633333333333335,-32.3237,-60.4902,36
18276,1,2021-12-28,08:10:35,05,MTP049,STP193,I,F,148.78,5.231388888888889,42.0172,-132.4564,36
18276,2,2021-12-28,08:33:01,04,MTP049,STP193,E,F,148.79,6.583333333333333,-33.3048,-117.6383,36
18282,1,2021-12-28,19:56:55,12,MTP049,STP193,I,F,149.03,5.118055555555555,46.0786,53.962,36
18282,2,2021-12-28,20:21:30,11,MTP049,STP193,E,F,149.04,6.656388888888889,-36.7041,71.0587,36
18284,1,2021-12-28,23:52:29,13,MTP049,STP193,I,F,149.11,5.089722222222222,47.3748,-3.7804,36
18284,2,2021-12-29,00:17:46,13,MTP049,STP193,E,F,149.12,6.690833333333334,-37.798,14.0806,36
18287,1,2021-12-29,05:45:51,07,MTP049,STP193,I,F,149.24,5.039444444444444,48.6317,-90.5248,36
18287,2,2021-12-29,06:11:52,09,MTP049,STP193,E,F,149.25,6.713333333333334,-39.204,-71.7431,36
18292,1,2021-12-29,15:34:46,04,MTP049,STP193,I,F,149.45,4.948333333333333,51.2884,124.8056,36
18292,2,2021-12-29,16:02:06,05,MTP049,STP193,E,F,149.45,6.7625,-41.2675,145.3667,36
18296,1,2021-12-29,23:25:56,11,MTP049,STP193,I,F,149.61,4.883611111111111,53.0367,9.1825,36
18296,2,2021-12-29,23:54:07,12,MTP049,STP193,E,F,149.62,6.793888888888889,-42.5559,30.975,36
18298,1,2021-12-30,03:21:34,09,MTP049,STP193,I,F,149.7,4.85,53.8938,-48.6632,36
18298,2,2021-12-30,03:50:14,07,MTP049,STP193,E,F,149.71,6.815277777777777,-43.391,-26.1578,36
18300,1,2021-12-30,07:38:30,11,MTP049,STP193,C,F,149.79,5.655833333333334,-21.5929,-99.0978,36
18302,1,2021-12-30,11:12:39,09,MTP049,STP193,I,F,149.86,4.777222222222222,55.9262,-164.3836,36
18302,2,2021-12-30,11:42:16,09,MTP049,STP193,E,F,149.87,6.862222222222222,-44.7711,-140.3185,36
18305,1,2021-12-30,17:36:21,05,MTP049,STP193,E,F,150.0,6.883333333333333,-45.9277,133.8359,36
18309,1,2021-12-31,00:57:28,04,MTP049,STP193,I,F,150.16,4.650833333333334,58.3427,-6.9926,36
18309,2,2021-12-31,01:28:18,12,MTP049,STP193,E,F,150.17,6.9077777777777785,-46.8515,19.3598,36
18313,1,2021-12-31,08:48:43,11,MTP049,STP193,I,F,150.32,4.580277777777778,59.7055,-122.7242,36
18313,2,2021-12-31,09:20:11,07,MTP049,STP193,E,F,150.34,6.9383333333333335,-47.9373,-95.013,36
18318,1,2021-12-31,19:10:14,09,MTP049,STP193,E,F,150.55,6.985555555555556,-49.5068,122.1155,36
18320,1,2021-12-31,22:33:30,13,MTP049,STP193,I,F,150.62,4.443611111111111,62.3032,34.5279,36
18320,2,2021-12-31,23:06:12,13,MTP049,STP193,E,F,150.63,7.008055555555556,-49.8732,65.0358,36
18324,1,2022-01-01,06:25:01,04,MTP049,STP193,I,F,150.79,4.373333333333333,63.1529,-81.2654,36
18324,2,2022-01-01,06:58:10,05,MTP049,STP193,E,F,150.8,7.029166666666667,-50.9381,-49.4939,36
18327,1,2022-01-01,12:18:30,11,MTP049,STP193,I,F,150.91,4.303333333333333,64.143,-168.3324,36
18330,1,2022-01-01,18:46:02,11,MTP049,STP194,E,F,151.05,7.072777777777778,-52.2966,138.9059,36
18332,1,2022-01-01,22:07:40,12,MTP049,STP194,I,F,151.12,4.191666666666667,65.5978,46.6267,36
18332,2,2022-01-01,22:41:51,09,MTP049,STP194,E,F,151.13,7.078333333333333,-52.5174,81.6092,36
18336,1,2022-01-02,05:59:09,09,MTP049,STP194,I,F,151.29,4.118888888888889,66.7063,-69.1943,36
18336,2,2022-01-02,06:33:54,09,MTP049,STP194,E,F,151.3,7.126388888888888,-53.5253,-32.5372,36
18338,1,2022-01-02,09:54:50,07,MTP049,STP194,I,F,151.37,4.069999999999999,67.034,-127.2801,36
18338,2,2022-01-02,10:29:42,05,MTP049,STP194,E,F,151.39,7.1194444444444445,-53.7507,-90.0223,36
18343,1,2022-01-02,19:44:09,04,MTP049,STP194,I,F,151.59,3.9511111111111115,68.2684,87.5354,36
18343,2,2022-01-02,20:19:35,12,MTP049,STP194,E,F,151.6,7.160555555555556,-54.8948,127.0528,36
18345,1,2022-01-02,23:39:50,11,MTP049,STP194,I,F,151.67,3.893611111111111,68.8094,29.3223,36
18345,2,2022-01-03,00:15:27,07,MTP049,STP194,E,F,151.68,7.164444444444444,-55.0596,69.717,36
18349,1,2022-01-03,07:31:20,09,MTP049,STP194,I,F,151.84,3.8049999999999997,69.6162,-86.7393,36
18349,2,2022-01-03,08:07:21,04,MTP049,STP194,E,F,151.85,7.196944444444445,-55.9253,-44.6272,36
18354,1,2022-01-03,17:20:38,13,MTP049,STP194,I,F,152.05,3.6625,70.944,127.7218,36
18354,2,2022-01-03,17:57:13,13,MTP049,STP194,E,F,152.06,7.243611111111111,-56.7929,172.5345,36
18356,1,2022-01-03,21:16:20,05,MTP049,STP194,I,F,152.13,3.6125000000000003,71.1357,69.6158,36
18356,2,2022-01-03,21:52:58,11,MTP049,STP194,E,F,152.15,7.236944444444444,-57.034,115.0717,36
18359,1,2022-01-04,03:46:56,12,MTP049,STP194,E,F,152.27,7.2525,-57.4591,29.1682,36
18361,1,2022-01-04,07:05:46,09,MTP049,STP194,I,F,152.34,3.470277777777778,72.1118,-75.9475,36
18361,2,2022-01-04,07:42:51,07,MTP049,STP194,E,F,152.36,7.271388888888889,-57.9111,-27.9548,36
18363,1,2022-01-04,11:01:26,05,MTP049,STP194,I,F,152.43,3.4077777777777776,72.5031,-134.2347,36
18363,2,2022-01-04,11:38:39,04,MTP049,STP194,E,F,152.44,7.274166666666667,-58.0422,-85.2899,36
18366,1,2022-01-04,16:55:06,09,MTP049,STP194,I,F,152.56,3.308333333333333,73.2493,138.2152,36
18366,2,2022-01-04,17:32:40,09,MTP049,STP194,E,F,152.57,7.316388888888889,-58.667,-170.8064,36
18368,1,2022-01-04,20:50:49,12,MTP049,STP194,I,F,152.64,3.2483333333333335,73.4172,79.958,36
18368,2,2022-01-04,21:28:27,11,MTP049,STP194,E,F,152.65,7.313611111111111,-58.9756,131.777,36
18371,1,2022-01-05,03:22:18,07,MTP049,STP194,E,F,152.78,7.320277777777777,-59.2118,45.7744,36
18373,1,2022-01-05,06:40:15,09,MTP049,STP194,I,F,152.85,3.081944444444445,74.26,-65.9699,36
18373,2,2022-01-05,07:18:14,04,MTP049,STP194,E,F,152.86,7.339722222222222,-59.6399,-11.3456,36
18376,1,2022-01-05,12:33:49,05,MTP049,STP194,I,F,152.98,2.9708333333333337,74.762,-153.6726,36
18376,2,2022-01-05,13:11:57,11,MTP049,STP194,E,F,152.99,7.346111111111111,-59.8664,-97.3203,36
18379,1,2022-01-05,18:27:29,13,MTP049,STP194,I,F,153.11,2.8511111111111114,75.4035,118.4726,36
18379,2,2022-01-05,19:05:57,13,MTP049,STP194,E,F,153.12,7.391111111111112,-60.4786,177.2134,36
18381,1,2022-01-05,22:23:10,12,MTP049,STP194,I,F,153.19,2.7705555555555557,75.5646,59.9137,36
18381,2,2022-01-05,23:01:41,09,MTP049,STP194,E,F,153.2,7.383333333333334,-60.6975,119.7325,36
18384,1,2022-01-06,04:16:56,07,MTP049,STP194,I,F,153.32,2.658611111111111,75.972,-27.8502,36
18384,2,2022-01-06,04:55:37,05,MTP049,STP194,E,F,153.33,7.395277777777778,-61.0067,33.7862,36
18386,1,2022-01-06,08:12:39,04,MTP049,STP194,I,F,153.4,2.576944444444444,76.2465,-86.4365,36
18386,2,2022-01-06,08:51:29,12,MTP049,STP194,E,F,153.42,7.412777777777778,-61.3718,-23.3454,36
18388,1,2022-01-06,12:08:23,11,MTP049,STP194,I,F,153.49,2.5011111111111113,76.4912,-144.9363,36
18388,2,2022-01-06,12:47:17,07,MTP049,STP194,E,F,153.5,7.415277777777778,-61.4828,-80.6884,36
18391,1,2022-01-06,18:02:03,09,MTP049,STP194,I,F,153.61,2.338888888888889,77.085,126.5677,36
18391,2,2022-01-06,18:41:15,09,MTP049,STP194,E,F,153.63,7.456666666666667,-61.9808,-166.2021,36
18393,1,2022-01-06,22:36:59,09,MTP049,STP194,E,F,153.71,7.448888888888889,-62.2007,136.3196,36
18396,1,2022-01-07,03:51:30,04,MTP049,STP194,I,F,153.83,2.1208333333333336,77.5133,-20.1342,36
18398,1,2022-01-07,07:47:17,05,MTP049,STP194,I,F,153.91,2.0341666666666667,77.7164,-78.8111,36
18401,1,2022-01-07,14:20:28,11,MTP049,STP194,E,F,154.05,7.4816666666666665,-62.9903,-92.772,36
18403,1,2022-01-07,18:16:25,12,MTP049,STP194,E,F,154.14,7.496388888888889,-63.2793,-149.9673,36
18404,1,2022-01-07,20:01:33,12,MTP049,STP194,C,F,154.17,3.8408333333333333,-19.6432,129.6153,36
18405,1,2022-01-07,22:12:16,09,MTP049,STP194,E,F,154.22,7.514444444444444,-63.6146,152.9148,36
18408,1,2022-01-08,03:26:09,07,MTP049,STP194,I,F,154.34,1.4961111111111112,78.7047,-13.7404,36
18410,1,2022-01-08,07:21:58,05,MTP049,STP194,I,F,154.42,1.393888888888889,78.8567,-72.6597,36
18412,1,2022-01-08,11:17:37,13,MTP049,STP194,I,F,154.51,1.2633333333333334,79.1421,-131.9596,36
18417,1,2022-01-08,21:47:33,13,MTP049,STP195,E,F,154.73,7.594722222222222,-64.8777,169.7226,36
18419,1,2022-01-09,01:43:16,11,MTP049,STP195,E,F,154.82,7.575833333333333,-64.9545,112.083,36
18422,1,2022-01-09,06:56:42,12,MTP049,STP195,I,F,154.93,0.6644444444444445,79.6198,-67.8571,36
18424,1,2022-01-09,10:52:26,09,MTP049,STP195,I,F,155.02,0.5602777777777779,79.6982,-126.783,36
18428,1,2022-01-09,19:24:49,07,MTP049,STP195,E,F,155.2,7.62388888888889,-65.8885,-145.5086,36
18432,1,2022-01-10,03:16:27,05,MTP049,STP195,E,F,155.37,7.6372222222222215,-66.1904,99.9238,36
18434,1,2022-01-10,07:12:25,04,MTP049,STP195,E,F,155.46,7.650277777777778,-66.418,42.6999,36
18437,1,2022-01-10,12:25:08,11,MTP049,STP195,I,F,155.57,23.729166666666664,79.9996,-152.2122,36
18441,1,2022-01-10,20:16:49,12,MTP049,STP195,I,F,155.74,23.445833333333333,79.9876,88.7576,36
18443,1,2022-01-11,00:12:31,09,MTP049,STP195,I,F,155.83,23.308333333333334,80.0768,29.3437,36
18446,1,2022-01-11,06:47:38,09,MTP049,STP195,E,F,155.97,7.726111111111111,-67.4597,59.4624,36
18448,1,2022-01-11,10:43:28,09,MTP049,STP195,E,F,156.06,7.725833333333333,-67.7632,2.074,36
18456,1,2022-01-12,01:45:19,07,MTP049,STP195,I,F,156.38,22.540555555555557,79.6099,4.8399,36
18458,1,2022-01-12,05:41:13,05,MTP049,STP195,I,F,156.47,22.4175,79.5081,-54.4084,36
18461,1,2022-01-12,12:16:31,04,MTP049,STP195,E,F,156.61,7.788611111111111,-68.8592,-10.0342,36
18464,1,2022-01-12,18:10:16,11,MTP049,STP195,E,F,156.74,7.7908333333333335,-68.9815,-96.0828,36
18467,1,2022-01-13,00:04:05,12,MTP049,STP195,E,F,156.87,7.8175,-69.3459,178.2253,36
18470,1,2022-01-13,05:16:06,09,MTP049,STP195,I,F,156.98,21.788611111111113,78.792,-48.1369,36
18472,1,2022-01-13,09:11:58,07,MTP049,STP195,I,F,157.07,21.70111111111111,78.6644,-106.8423,36
18474,1,2022-01-13,13:07:42,13,MTP049,STP195,I,F,157.15,21.593888888888888,78.621,-165.8181,36
18477,1,2022-01-13,19:43:24,13,MTP049,STP195,E,F,157.3,7.875277777777778,-69.9918,-107.8803,36
18481,1,2022-01-14,03:34:59,05,MTP049,STP195,E,F,157.47,7.879444444444445,-70.3844,137.427,36
18484,1,2022-01-14,08:46:56,04,MTP049,STP195,I,F,157.58,21.185277777777777,77.6939,-98.8916,36
18486,1,2022-01-14,12:42:42,11,MTP049,STP195,I,F,157.67,21.1225,77.5576,-157.2047,36
18487,1,2022-01-14,15:08:33,11,MTP049,STP195,C,F,157.72,2.3758333333333335,-43.5597,-113.8992,36
18489,1,2022-01-14,19:18:26,12,MTP049,STP195,E,F,157.81,7.915277777777778,-70.9591,-91.6104,36
18492,1,2022-01-15,01:12:13,09,MTP049,STP195,E,F,157.94,7.942777777777778,-71.2853,-177.2876,36
18494,1,2022-01-15,05:08:00,07,MTP049,STP195,E,F,158.03,7.940277777777778,-71.3303,125.3006,36
18497,1,2022-01-15,10:19:49,05,MTP049,STP195,I,F,158.14,20.72138888888889,76.4503,-118.8566,36
18503,1,2022-01-15,22:07:19,11,MTP049,STP196,I,F,158.4,20.53388888888889,75.8117,66.1669,36
18505,1,2022-01-16,02:03:01,09,MTP049,STP196,I,F,158.49,20.455555555555556,75.6796,7.6419,36
18508,1,2022-01-16,08:39:04,09,MTP049,STP196,E,F,158.63,8.034444444444444,-72.3009,84.9519,36
18510,1,2022-01-16,12:34:51,12,MTP049,STP196,E,F,158.72,8.0375,-72.5979,27.6229,36
18514,1,2022-01-16,19:44:21,09,MTP049,STP196,I,F,158.87,20.22694444444444,74.5401,105.9472,36
18516,1,2022-01-16,23:40:13,07,MTP049,STP196,I,F,158.96,20.186944444444446,74.3627,47.9514,36
18519,1,2022-01-17,06:16:05,05,MTP049,STP196,E,F,159.11,8.074722222222222,-73.1453,129.9405,36
18521,1,2022-01-17,10:12:01,04,MTP049,STP196,E,F,159.19,8.09,-73.3141,72.7625,36
18524,1,2022-01-17,16:05:42,11,MTP049,STP196,E,F,159.32,8.109722222222222,-73.5401,-13.0066,36
18528,1,2022-01-17,23:15:17,12,MTP049,STP196,I,F,159.48,19.914166666666667,72.8893,59.5274,36
18530,1,2022-01-18,03:11:01,09,MTP049,STP196,I,F,159.57,19.879444444444445,72.6862,1.6419,36
18532,1,2022-01-18,07:06:52,13,MTP049,STP196,I,F,159.65,19.80638888888889,72.3889,-56.8441,36
18537,1,2022-01-18,17:38:41,13,MTP049,STP196,E,F,159.88,8.203333333333333,-74.331,-24.6324,36
18539,1,2022-01-18,21:34:33,07,MTP049,STP196,E,F,159.97,8.196388888888889,-74.5488,-82.1321,36
18545,1,2022-01-19,08:39:59,05,MTP049,STP196,I,F,160.22,19.595555555555553,70.6405,-73.0645,36
18547,1,2022-01-19,12:35:52,04,MTP049,STP196,I,F,160.3,19.5675,70.4174,-130.8868,36
18550,1,2022-01-19,19:11:37,11,MTP049,STP196,E,F,160.45,8.267222222222223,-75.2867,-36.6938,36
18552,1,2022-01-19,23:07:32,12,MTP049,STP196,E,F,160.53,8.28361111111111,-75.4363,-93.8512,36
18554,1,2022-01-20,03:03:19,09,MTP049,STP196,E,F,160.62,8.309444444444445,-75.6333,-150.837,36
18557,1,2022-01-20,08:15:05,07,MTP049,STP196,I,F,160.74,19.411944444444444,68.9886,-60.1654,36
18558,1,2022-01-20,10:41:10,12,MTP049,STP196,C,F,160.79,23.40972222222222,-53.9268,-35.7462,36
18561,1,2022-01-20,16:06:47,05,MTP049,STP196,I,F,160.91,19.363055555555558,68.5138,-175.6821,36
18563,1,2022-01-20,20:02:37,09,MTP049,STP196,I,F,161.0,19.311111111111114,68.1792,126.1559,36
18569,1,2022-01-21,08:32:08,09,MTP049,STP196,E,F,161.27,8.4225,-76.4421,140.4436,36
18571,1,2022-01-21,12:27:59,04,MTP049,STP196,E,F,161.36,8.434444444444445,-76.7385,83.2298,36
18574,1,2022-01-21,17:39:53,11,MTP049,STP196,I,F,161.48,19.19611111111111,66.5894,168.7578,36
18576,1,2022-01-21,21:35:47,12,MTP049,STP196,I,F,161.56,19.16777777777778,66.2062,110.9326,36
18579,1,2022-01-22,04:11:16,09,MTP049,STP196,E,F,161.71,8.508055555555556,-77.2873,-145.1997,36
18581,1,2022-01-22,08:07:02,07,MTP049,STP196,E,F,161.8,8.514166666666666,-77.3694,157.524,36
18583,1,2022-01-22,12:02:59,05,MTP049,STP196,E,F,161.88,8.533333333333333,-77.5038,100.3937,36
18587,1,2022-01-22,19:54:37,09,MTP050,STP197,E,F,162.06,8.586944444444445,-77.6523,-13.564,36
18589,1,2022-01-22,23:50:28,12,MTP050,STP197,E,F,162.14,8.591944444444445,-77.9024,-70.8804,36
18594,1,2022-01-23,08:58:38,09,MTP050,STP197,I,F,162.35,18.977777777777778,63.3689,-48.4826,36
18596,1,2022-01-23,12:54:34,07,MTP050,STP197,I,F,162.43,18.959166666666665,63.0512,-106.1727,36
18599,1,2022-01-23,18:48:18,05,MTP050,STP197,I,F,162.57,18.933333333333334,62.6077,167.3669,36
18604,1,2022-01-24,05:19:08,04,MTP050,STP197,E,F,162.8,8.7725,-78.938,-138.5482,36
18607,1,2022-01-24,11:12:54,11,MTP050,STP197,E,F,162.93,8.785277777777777,-79.0566,135.5606,36
18609,1,2022-01-24,15:08:44,09,MTP050,STP197,E,F,163.02,8.843611111111112,-79.2866,79.0445,36
18615,1,2022-01-25,02:15:27,12,MTP050,STP197,I,F,163.27,18.794722222222223,59.8099,66.0805,36
18617,1,2022-01-25,06:11:13,09,MTP050,STP197,I,F,163.35,18.767777777777777,59.5695,8.3067,36
18620,1,2022-01-25,12:45:49,13,MTP050,STP197,E,F,163.5,8.977500000000001,-79.7861,125.4327,36
18623,1,2022-01-25,18:39:27,05,MTP050,STP197,E,F,163.63,9.037777777777778,-80.1706,40.2854,36
18626,1,2022-01-25,23:52:49,07,MTP050,STP197,I,F,163.75,18.709166666666665,57.7161,109.0997,36
18628,1,2022-01-26,03:48:45,11,MTP050,STP197,I,F,163.83,18.696944444444444,57.4222,51.5116,36
18630,1,2022-01-26,07:44:33,04,MTP050,STP197,I,F,163.92,18.683333333333334,57.0525,-6.0735,36
18633,1,2022-01-26,14:18:39,12,MTP050,STP197,E,F,164.07,9.200555555555555,-80.79,115.7882,36
18635,1,2022-01-26,18:14:24,09,MTP050,STP197,E,F,164.16,9.262777777777778,-80.967,59.3531,36
18637,1,2022-01-26,22:10:11,07,MTP050,STP197,E,F,164.24,9.28277777777778,-81.0547,2.2812,36
18640,1,2022-01-27,03:24:10,05,MTP050,STP197,I,F,164.36,18.614722222222223,55.036,65.8554,36
18642,1,2022-01-27,07:19:56,13,MTP050,STP197,I,F,164.45,18.591666666666665,54.7635,8.1429,36
18645,1,2022-01-27,13:53:35,09,MTP050,STP197,E,F,164.6,9.451388888888888,-81.4124,135.249,36
18647,1,2022-01-27,17:49:19,04,MTP050,STP197,E,F,164.68,9.551666666666668,-81.7639,79.3908,36
18650,1,2022-01-27,23:03:41,11,MTP050,STP197,I,F,164.8,18.55,52.8516,137.8703,36
18654,1,2022-01-28,07:34:38,09,MTP050,STP197,E,F,164.99,9.735555555555555,-82.1898,-118.6761,36
18656,1,2022-01-28,10:51:28,12,MTP050,STP197,I,F,165.07,18.514166666666668,51.5106,-34.892,36
18656,2,2022-01-28,11:30:29,05,MTP050,STP197,E,F,165.08,9.734444444444444,-82.2318,-176.0846,36
18659,1,2022-01-28,16:45:20,09,MTP050,STP197,I,F,165.2,18.488333333333333,51.0048,-121.3898,36
18659,2,2022-01-28,17:24:18,13,MTP050,STP197,E,F,165.21,9.86888888888889,-82.3395,99.8389,36
18661,1,2022-01-28,20:41:15,07,MTP050,STP197,I,F,165.29,18.4875,50.4568,-178.8083,36
18661,2,2022-01-28,21:20:00,11,MTP050,STP197,E,F,165.3,9.914444444444445,-82.5666,43.1694,36
18664,1,2022-01-29,03:13:47,04,MTP050,STP197,E,F,165.43,10.027777777777779,-82.7565,-41.218,36
18667,1,2022-01-29,08:29:01,12,MTP050,STP197,I,F,165.55,18.455277777777777,49.0834,8.4847,36
18667,2,2022-01-29,09:07:24,09,MTP050,STP197,E,F,165.56,10.160277777777779,-82.9522,-125.28,36
18669,1,2022-01-29,12:25:03,07,MTP050,STP197,I,F,165.64,18.441388888888888,48.3962,-49.159,36
18673,1,2022-01-29,20:16:50,13,MTP050,STP198,I,F,165.82,18.41361111111111,47.6728,-164.3765,36
18673,2,2022-01-29,20:54:56,09,MTP050,STP198,E,F,165.83,10.363055555555555,-83.1303,65.596,36
18676,1,2022-01-30,02:48:40,12,MTP050,STP198,E,F,165.96,10.504722222222222,-83.4182,-18.3555,36
18680,1,2022-01-30,10:02:41,09,MTP050,STP198,I,F,166.12,18.38722222222222,45.7255,-5.7269,36
18680,2,2022-01-30,10:40:11,07,MTP050,STP198,E,F,166.14,10.70722222222222,-83.6268,-130.054,36
18682,1,2022-01-30,13:58:44,05,MTP050,STP198,I,F,166.21,18.375555555555557,45.0709,-63.3378,36
18682,2,2022-01-30,14:36:06,04,MTP050,STP198,E,F,166.23,10.771666666666668,-83.702,173.5103,36
18685,1,2022-01-30,19:52:35,11,MTP050,STP198,I,F,166.35,18.363611111111112,44.4314,-149.6238,36
18685,2,2022-01-30,20:29:45,09,MTP050,STP198,E,F,166.36,10.987777777777778,-83.865,90.6963,36
18689,1,2022-01-31,04:21:27,13,MTP050,STP198,E,F,166.54,11.160277777777779,-83.8947,-21.4919,36
18691,1,2022-01-31,08:17:08,12,MTP050,STP198,E,F,166.62,11.38861111111111,-84.1133,-75.4201,36
18694,1,2022-01-31,13:34:29,05,MTP050,STP198,I,F,166.74,18.31972222222222,41.6977,-48.6754,36
18694,2,2022-01-31,14:10:54,07,MTP050,STP198,E,F,166.76,11.48611111111111,-84.1911,-160.0401,36
18697,1,2022-01-31,19:28:27,11,MTP050,STP198,I,F,166.88,18.306944444444444,40.8723,-134.9983,36
18697,2,2022-01-31,20:04:34,04,MTP050,STP198,E,F,166.89,11.805555555555557,-84.2913,118.6921,36
18700,1,2022-02-01,01:22:23,12,MTP050,STP198,I,F,167.01,18.293333333333337,39.9085,138.6723,36
18700,2,2022-02-01,01:58:16,09,MTP050,STP198,E,F,167.02,11.980555555555556,-84.3539,35.253,36
18704,1,2022-02-01,09:14:14,09,MTP050,STP198,I,F,167.19,18.26972222222222,38.9697,23.5037,36
18704,2,2022-02-01,09:49:52,09,MTP050,STP198,E,F,167.2,12.183333333333334,-84.3108,-76.4616,36
18706,1,2022-02-01,13:10:21,07,MTP050,STP198,I,F,167.28,18.26722222222222,37.9702,-33.9872,36
18706,2,2022-02-01,13:45:38,05,MTP050,STP198,E,F,167.29,12.4025,-84.4342,-130.5422,36
18710,1,2022-02-01,21:02:18,04,MTP050,STP198,I,F,167.45,18.251944444444444,36.779,-149.0597,36
18710,2,2022-02-01,21:37:12,11,MTP050,STP198,E,F,167.47,12.789722222222222,-84.4208,120.5168,36
18712,1,2022-02-02,00:58:19,09,MTP050,STP198,I,F,167.54,18.242222222222225,35.9514,153.3659,36
18712,2,2022-02-02,01:33:00,12,MTP050,STP198,E,F,167.56,12.910555555555556,-84.419,64.9538,36
18715,1,2022-02-02,06:52:24,05,MTP050,STP198,I,F,167.68,18.230833333333333,34.9779,67.0366,36
18715,2,2022-02-02,07:26:45,07,MTP050,STP198,E,F,167.69,13.156666666666666,-84.3772,-17.4316,36
18719,1,2022-02-02,14:44:21,13,MTP050,STP198,I,F,167.85,18.20638888888889,33.5935,-48.1691,36
18719,2,2022-02-02,15:18:22,13,MTP050,STP198,E,F,167.87,13.308611111111112,-84.2637,-129.9141,36
18721,1,2022-02-02,18:40:26,11,MTP050,STP198,I,F,167.94,18.206944444444442,32.7817,-105.6117,36
18721,2,2022-02-02,19:14:05,04,MTP050,STP198,E,F,167.96,13.744444444444444,-84.1463,179.2671,36
18723,1,2022-02-02,22:36:24,12,MTP050,STP198,I,F,168.03,18.198888888888888,32.0192,-163.1468,36
18723,2,2022-02-02,23:09:49,09,MTP050,STP198,E,F,168.04,13.8225,-84.128,123.0738,36
18726,1,2022-02-03,05:03:33,07,MTP050,STP198,E,F,168.18,14.06861111111111,-83.979,40.6935,36
18728,1,2022-02-03,08:59:17,05,MTP050,STP198,E,F,168.27,14.261666666666667,-83.8283,-13.7739,36
18731,1,2022-02-03,14:20:32,09,MTP050,STP198,I,F,168.39,18.160277777777775,28.8661,-33.4625,36
18731,2,2022-02-03,14:53:01,09,MTP050,STP198,E,F,168.4,14.298333333333334,-83.7219,-99.2969,36
18733,1,2022-02-03,18:16:42,04,MTP050,STP198,I,F,168.48,18.160555555555554,27.9062,-90.9258,36
18733,2,2022-02-03,18:48:46,11,MTP050,STP198,E,F,168.49,14.661944444444444,-83.447,-151.2072,36
18736,1,2022-02-04,00:10:43,09,MTP050,STP198,I,F,168.61,18.149166666666666,26.5694,-177.2418,36
18736,2,2022-02-04,00:42:20,12,MTP050,STP198,E,F,168.62,14.862777777777778,-83.2141,125.7722,36
18738,1,2022-02-04,04:06:50,05,MTP050,STP198,I,F,168.7,18.141944444444444,25.7031,125.1994,36
18738,2,2022-02-04,04:38:09,07,MTP050,STP198,E,F,168.71,15.017777777777779,-82.9969,70.7172,36
18740,1,2022-02-04,08:02:55,11,MTP050,STP198,I,F,168.79,18.135277777777777,24.8995,67.6539,36
18740,2,2022-02-04,08:33:56,04,MTP050,STP198,E,F,168.8,15.134722222222221,-82.8266,15.0951,36
18743,1,2022-02-04,13:56:55,13,MTP050,STP198,I,F,168.92,18.11722222222222,23.6009,-18.7601,36
18743,2,2022-02-04,14:27:36,13,MTP050,STP198,E,F,168.93,15.187222222222223,-82.6384,-70.1741,36
18745,1,2022-02-04,17:53:10,12,MTP050,STP198,I,F,169.01,18.116666666666667,22.4017,-76.2564,36
18745,2,2022-02-04,18:23:22,09,MTP050,STP198,E,F,169.02,15.451388888888888,-82.2548,-123.5822,36
18747,1,2022-02-04,21:49:11,07,MTP050,STP198,I,F,169.1,18.110277777777778,21.5612,-133.7803,36
18747,2,2022-02-04,22:19:03,05,MTP050,STP198,E,F,169.11,15.595277777777778,-81.928,-178.7729,36
18750,1,2022-02-05,03:43:23,04,MTP050,STP198,I,F,169.24,18.098888888888887,19.8854,139.8603,36
18750,2,2022-02-05,04:12:41,11,MTP050,STP198,E,F,169.25,15.755,-81.5354,97.5727,36
18752,1,2022-02-05,07:39:32,09,MTP050,STP198,I,F,169.32,18.092222222222222,18.9362,82.3009,36
18752,2,2022-02-05,08:08:28,12,MTP050,STP198,E,F,169.34,15.859444444444444,-81.2441,41.7665,36
18755,1,2022-02-05,17:29:50,09,MTP050,STP199,I,F,169.55,18.06722222222222,16.2451,-61.7115,36
18755,2,2022-02-05,17:57:55,09,MTP050,STP199,E,F,169.56,16.0025,-80.6552,-99.5202,36
18759,1,2022-02-05,21:26:01,12,MTP050,STP199,I,F,169.64,18.06722222222222,14.9702,-119.1851,36
18759,2,2022-02-05,21:53:30,09,MTP050,STP199,E,F,169.65,16.224999999999998,-79.9314,-153.5063,36
18762,1,2022-02-06,03:20:17,07,MTP050,STP199,I,F,169.77,18.055833333333332,13.0035,154.4401,36
18762,2,2022-02-06,03:47:05,05,MTP050,STP199,E,F,169.78,16.344444444444445,-79.4016,122.2485,36
18764,1,2022-02-06,07:42:53,04,MTP050,STP199,E,F,169.87,16.41583333333333,-79.0534,65.9443,36
18766,1,2022-02-06,11:38:30,11,MTP050,STP199,E,F,169.96,16.505555555555556,-78.5434,9.9585,36
18769,1,2022-02-06,17:06:57,13,MTP050,STP199,I,F,170.09,18.024444444444445,8.6762,-47.1839,36
18769,2,2022-02-06,17:32:17,13,MTP050,STP199,E,F,170.09,16.518055555555556,-78.3121,-75.9423,36
18771,1,2022-02-06,21:03:13,09,MTP050,STP199,I,F,170.18,18.024444444444445,7.2329,-104.6744,36
18771,2,2022-02-06,21:27:48,11,MTP050,STP199,E,F,170.18,16.698333333333334,-77.2479,-130.5482,36
18773,1,2022-02-07,00:59:26,05,MTP050,STP199,I,F,170.26,18.016666666666666,5.6707,-162.2688,36
18773,2,2022-02-07,01:23:27,07,MTP050,STP199,E,F,170.27,16.746666666666666,-76.9013,172.8364,36
18775,1,2022-02-07,04:55:44,12,MTP050,STP199,I,F,170.35,18.00888888888889,4.1367,140.1176,36
18775,2,2022-02-07,05:19:11,04,MTP050,STP199,E,F,170.36,16.816111111111113,-76.3052,116.5181,36
18777,1,2022-02-07,08:52:00,12,MTP050,STP199,I,F,170.44,18.0025,2.7763,82.5267,36
18777,2,2022-02-07,09:14:55,09,MTP050,STP199,E,F,170.45,16.87,-75.8179,59.9662,36
18780,1,2022-02-07,14:46:15,09,MTP050,STP199,I,F,170.58,17.985,0.6859,-3.9303,36
18780,2,2022-02-07,15:08:23,09,MTP050,STP199,E,F,170.59,16.913055555555555,-75.1006,-25.3982,36
18782,1,2022-02-07,18:42:51,07,MTP050,STP199,I,F,170.67,17.981666666666666,-1.6211,-61.5538,36
18782,2,2022-02-07,19:04:00,05,MTP050,STP199,E,F,170.68,17.029999999999998,-73.9962,-80.9756,36
18785,1,2022-02-08,00:37:17,04,MTP050,STP199,I,F,170.8,17.970555555555553,-4.1254,-147.9642,36
18785,2,2022-02-08,00:57:24,11,MTP050,STP199,E,F,170.81,17.108055555555556,-72.9242,-165.7949,36
18787,1,2022-02-08,04:33:43,09,MTP050,STP199,I,F,170.89,17.961388888888887,-6.1885,154.3645,36
18787,2,2022-02-08,04:52:59,12,MTP050,STP199,E,F,170.9,17.16638888888889,-71.9818,137.7521,36
18789,1,2022-02-08,08:30:09,05,MTP050,STP199,I,F,170.98,17.953055555555554,-8.0353,96.7112,36
18789,2,2022-02-08,08:48:41,07,MTP050,STP199,E,F,170.99,17.20861111111111,-71.2648,81.0342,36
18900,1,2022-02-17,08:12:46,05,MTP050,STP200,C,F,175.95,18.385555555555555,73.748,-166.0889,36
18952,1,2022-02-21,14:36:02,10,MTP051,STP201,C,F,178.33,18.03388888888889,39.0393,133.8274,36
18983,1,2022-02-24,04:23:05,13,MTP051,STP201,I,F,179.78,6.054444444444444,-63.9439,132.1285,36
18983,2,2022-02-24,04:42:02,13,MTP051,STP201,E,F,179.78,6.0183333333333335,1.1775,126.9765,36
18985,1,2022-02-24,08:18:43,09,MTP051,STP201,I,F,179.87,6.032777777777778,-64.4876,74.4742,36
18985,2,2022-02-24,08:38:10,07,MTP051,STP201,E,F,179.88,6.010833333333333,2.4988,69.4099,36
18988,1,2022-02-24,14:12:16,05,MTP051,STP201,I,F,180.01,6.025555555555555,-65.6204,-11.6619,36
18988,2,2022-02-24,14:32:49,04,MTP051,STP201,E,F,180.01,6.011111111111111,5.1698,-16.878,36
18990,1,2022-02-24,18:07:51,11,MTP051,STP201,I,F,180.1,6.020555555555555,-66.4844,-69.0597,36
18990,2,2022-02-24,18:29:09,12,MTP051,STP201,E,F,180.11,6.011388888888889,7.0119,-74.3765,36
18992,1,2022-02-24,22:03:28,07,MTP051,STP201,I,F,180.19,6.014722222222222,-67.0895,-126.4777,36
18992,2,2022-02-24,22:25:23,09,MTP051,STP201,E,F,180.2,6.0119444444444445,8.5841,-131.8523,36
18996,1,2022-02-25,05:54:46,09,MTP051,STP201,I,F,180.38,6.022777777777778,-68.8751,118.9663,36
18998,1,2022-02-25,09:50:26,04,MTP051,STP201,I,F,180.47,5.995277777777778,-69.3029,61.2099,36
18998,2,2022-02-25,10:14:15,05,MTP051,STP201,E,F,180.48,6.014444444444444,13.2074,55.7066,36
19000,1,2022-02-25,13:46:15,12,MTP051,STP201,I,F,180.56,5.9880555555555555,-69.7786,3.7226,36
19000,2,2022-02-25,14:10:34,11,MTP051,STP201,E,F,180.57,6.015555555555555,14.6059,-1.7802,36
19003,1,2022-02-25,19:39:46,09,MTP051,STP201,I,F,180.7,5.976111111111111,-70.5645,-82.4735,36
19003,2,2022-02-25,20:04:54,07,MTP051,STP201,E,F,180.71,6.0175,16.8185,-87.9675,36
19005,1,2022-02-25,23:35:25,05,MTP051,STP201,I,F,180.79,5.967222222222222,-71.2921,-139.943,36
19005,2,2022-02-26,00:01:04,04,MTP051,STP201,E,F,180.8,6.018888888888889,17.9779,-145.4104,36
19008,1,2022-02-26,05:29:01,13,MTP051,STP201,I,F,180.93,5.976944444444444,-72.2738,134.1621,36
19008,2,2022-02-26,05:55:37,09,MTP051,STP201,E,F,180.94,6.029444444444445,20.4108,128.4807,36
19010,1,2022-02-26,09:24:43,11,MTP051,STP201,I,F,181.02,5.943611111111111,-72.5601,76.3093,36
19010,2,2022-02-26,09:51:36,12,MTP051,STP201,E,F,181.03,6.023333333333333,21.2765,70.9658,36
19014,1,2022-02-26,17:16:16,09,MTP051,STP202,I,F,181.21,5.921944444444445,-73.5166,-38.7478,36
19014,2,2022-02-26,17:44:01,07,MTP051,STP202,E,F,181.22,6.027222222222222,23.5957,-43.9249,36
19016,1,2022-02-26,21:11:58,05,MTP051,STP202,I,F,181.3,5.911388888888889,-73.8095,-96.2563,36
19016,2,2022-02-26,21:40:05,04,MTP051,STP202,E,F,181.31,6.029166666666667,24.6667,-101.3326,36
19018,1,2022-02-27,01:07:40,11,MTP051,STP202,I,F,181.39,5.897777777777777,-74.4886,-153.8119,36
19018,2,2022-02-27,01:36:13,12,MTP051,STP202,E,F,181.4,6.0313888888888885,25.6245,-158.7555,36
19021,1,2022-02-27,07:01:18,09,MTP051,STP202,I,F,181.53,5.906666666666667,-75.1534,120.2756,36
19023,1,2022-02-27,10:57:03,07,MTP051,STP202,I,F,181.62,5.865555555555555,-75.391,62.297,36
19023,2,2022-02-27,11:26:32,09,MTP051,STP202,E,F,181.64,6.0375,28.2779,57.7019,36
19025,1,2022-02-27,14:52:53,04,MTP051,STP202,I,F,181.72,5.851111111111111,-75.8035,4.6972,36
19025,2,2022-02-27,15:22:44,05,MTP051,STP202,E,F,181.73,6.040277777777778,29.2619,0.27,36
19028,1,2022-02-27,20:46:29,12,MTP051,STP202,I,F,181.86,5.829722222222222,-76.2618,-81.6634,36
19028,2,2022-02-27,21:16:51,11,MTP051,STP202,E,F,181.87,6.044444444444444,30.8061,-85.8285,36
19030,1,2022-02-28,00:42:12,09,MTP051,STP202,I,F,181.95,5.810833333333333,-76.8147,-139.297,36
19030,2,2022-02-28,01:12:54,07,MTP051,STP202,E,F,181.96,6.0472222222222225,31.5688,-143.2238,36
19033,1,2022-02-28,06:35:55,09,MTP051,STP202,I,F,182.09,5.8175,-77.4206,134.7371,36
19033,2,2022-02-28,07:07:14,09,MTP051,STP202,E,F,182.1,6.061388888888889,33.3681,130.7718,36
19035,1,2022-02-28,10:31:36,05,MTP051,STP202,I,F,182.18,5.766388888888889,-77.7068,76.6181,36
19035,2,2022-02-28,11:03:07,04,MTP051,STP202,E,F,182.19,6.0552777777777775,33.8929,73.2855,36
19038,1,2022-02-28,16:25:23,11,MTP051,STP202,I,F,182.32,5.738333333333333,-78.1411,-9.8794,36
19038,2,2022-02-28,16:57:19,12,MTP051,STP202,E,F,182.33,6.06,35.1451,-12.8228,36
19040,1,2022-02-28,20:21:07,07,MTP051,STP202,I,F,182.41,5.7186111111111115,-78.4346,-67.5338,36
19040,2,2022-02-28,20:53:20,09,MTP051,STP202,E,F,182.43,6.063888888888889,36.0308,-70.1956,36
19043,1,2022-03-01,02:14:45,04,MTP051,STP202,I,F,182.55,5.683055555555556,-79.007,-154.115,36
19043,2,2022-03-01,02:47:23,05,MTP051,STP202,E,F,182.57,6.068888888888889,37.1359,-156.2667,36
19046,1,2022-03-01,08:08:25,13,MTP051,STP202,I,F,182.69,5.684722222222223,-79.5679,119.8596,36
19049,1,2022-03-01,14:02:08,12,MTP051,STP202,I,F,182.83,5.609166666666666,-79.9096,32.6569,36
19049,2,2022-03-01,14:35:33,11,MTP051,STP202,E,F,182.84,6.0808333333333335,39.4377,31.5991,36
19051,1,2022-03-01,17:57:57,09,MTP051,STP202,I,F,182.92,5.581666666666666,-80.2044,-25.136,36
19051,2,2022-03-01,18:31:39,07,MTP051,STP202,E,F,182.94,6.085,40.2535,-25.7792,36
19055,1,2022-03-02,01:49:29,05,MTP051,STP202,I,F,183.11,5.5225,-80.7706,-140.752,36
19055,2,2022-03-02,02:23:35,04,MTP051,STP202,E,F,183.12,6.093333333333333,41.5155,-140.4897,36
19057,1,2022-03-02,05:45:21,11,MTP051,STP202,I,F,183.2,5.4863888888888885,-81.1131,161.3188,36
19057,2,2022-03-02,06:19:42,12,MTP051,STP202,E,F,183.22,6.098055555555555,42.3016,162.1308,36
19061,1,2022-03-02,13:36:50,09,MTP051,STP202,I,F,183.39,5.463333333333334,-81.7152,46.2507,36
19061,2,2022-03-02,14:11:43,13,MTP051,STP202,E,F,183.4,6.118055555555555,43.7378,47.5789,36
19063,1,2022-03-02,17:32:43,07,MTP051,STP202,I,F,183.48,5.377777777777777,-81.9147,-12.4277,36
19063,2,2022-03-02,18:07:44,09,MTP051,STP202,E,F,183.5,6.112222222222222,44.245,-9.9343,36
19065,1,2022-03-02,20:31:43,07,MTP051,STP202,C,F,183.55,15.45861111111111,73.795,95.2284,36
19066,1,2022-03-02,23:26:21,04,MTP051,STP202,I,F,183.62,5.328055555555555,-82.1653,-99.2198,36
19066,2,2022-03-03,00:01:40,05,MTP051,STP202,E,F,183.64,6.119722222222221,45.2256,-95.9373,36
19068,1,2022-03-03,03:22:09,12,MTP051,STP202,I,F,183.72,5.264444444444444,-82.6247,-157.5495,36
19068,2,2022-03-03,03:57:40,11,MTP051,STP202,E,F,183.73,6.1241666666666665,45.6898,-153.2902,36
19070,1,2022-03-03,07:18:04,09,MTP051,STP202,I,F,183.81,5.230555555555556,-82.7453,144.5418,36
19070,2,2022-03-03,07:53:45,07,MTP051,STP202,E,F,183.82,6.130277777777778,46.4442,149.3546,36
19074,1,2022-03-03,15:09:36,13,MTP051,STP202,I,F,184.0,5.173888888888889,-83.3775,28.9633,36
19074,2,2022-03-03,15:45:44,09,MTP051,STP202,E,F,184.01,6.152222222222223,47.6424,34.8407,36
19076,1,2022-03-03,19:05:28,05,MTP051,STP202,I,F,184.09,5.0616666666666665,-83.5369,-30.1129,36
19076,2,2022-03-03,19:41:43,04,MTP051,STP202,E,F,184.1,6.146666666666667,48.1397,-22.6587,36
19080,1,2022-03-04,02:56:59,11,MTP051,STP202,I,F,184.28,4.918055555555556,-84.0879,-146.9954,36
19080,2,2022-03-04,03:33:36,12,MTP051,STP202,E,F,184.29,6.1577777777777785,49.1507,-137.3078,36
19083,1,2022-03-04,08:50:49,07,MTP051,STP202,I,F,184.42,4.839166666666666,-84.2783,125.7285,36
19085,1,2022-03-04,12:46:30,09,MTP051,STP202,I,F,184.51,4.735833333333334,-84.6071,66.8319,36
19085,2,2022-03-04,13:23:30,04,MTP051,STP202,E,F,184.53,6.173055555555556,50.4862,79.39,36
19089,1,2022-03-04,20:38:11,09,MTP051,STP202,I,F,184.7,4.627222222222223,-85.1043,-49.5648,36
19089,2,2022-03-04,21:15:36,13,MTP051,STP202,E,F,184.71,6.1994444444444445,51.7698,-35.0827,36
19091,1,2022-03-05,00:33:58,05,MTP051,STP202,I,F,184.79,4.487222222222222,-85.1462,-109.037,36
19091,2,2022-03-05,01:11:25,12,MTP051,STP202,E,F,184.81,6.192777777777778,52.0202,-92.5637,36
19094,1,2022-03-05,06:27:46,11,MTP051,STP202,I,F,184.93,4.265833333333333,-85.5927,161.5566,36
19096,1,2022-03-05,10:23:35,09,MTP051,STP202,I,F,185.03,4.1930555555555555,-85.6698,103.0892,36
19100,1,2022-03-05,18:15:16,09,MTP051,STP203,I,F,185.21,3.891111111111111,-86.0852,-16.2041,36
19100,2,2022-03-05,18:53:20,07,MTP051,STP203,E,F,185.23,6.224444444444445,54.165,9.5294,36
19103,1,2022-03-06,00:08:52,13,MTP051,STP203,I,F,185.35,3.7344444444444447,-86.4175,-104.5929,36
19103,2,2022-03-06,00:47:13,09,MTP051,STP203,E,F,185.37,6.249444444444444,54.9636,-76.1983,36
19106,1,2022-03-06,06:02:42,05,MTP051,STP203,I,F,185.49,3.3316666666666666,-86.6206,163.273,36
19108,1,2022-03-06,09:58:32,04,MTP051,STP203,I,F,185.59,3.2080555555555557,-86.6844,104.0372,36
19111,1,2022-03-06,15:52:14,11,MTP051,STP203,I,F,185.73,2.830833333333333,-86.9183,12.3199,36
19111,2,2022-03-06,16:30:58,12,MTP051,STP203,E,F,185.74,6.266388888888889,56.5024,54.4275,36
19113,1,2022-03-06,19:48:05,07,MTP051,STP203,I,F,185.82,2.5280555555555555,-87.0674,-49.6078,36
19113,2,2022-03-06,20:26:59,09,MTP051,STP203,E,F,185.84,6.275833333333333,57.0432,-2.8571,36
19116,1,2022-03-07,01:41:42,09,MTP051,STP203,I,F,185.96,2.2266666666666666,-87.2897,-140.1713,36
19116,2,2022-03-07,02:20:50,13,MTP051,STP203,E,F,185.98,6.303055555555555,57.7105,-88.5466,36
19118,1,2022-03-07,05:37:37,04,MTP051,STP203,I,F,186.06,1.7738888888888888,-87.3007,155.6381,36
19118,2,2022-03-07,06:16:46,05,MTP051,STP203,E,F,186.07,6.296388888888889,57.9622,-146.0533,36
19121,1,2022-03-07,11:31:21,12,MTP051,STP203,I,F,186.2,1.3775,-87.3567,63.6253,36
19123,1,2022-03-07,15:27:10,11,MTP051,STP203,I,F,186.29,1.0180555555555555,-87.3949,0.8533,36
19125,1,2022-03-07,19:23:04,09,MTP051,STP203,I,F,186.39,0.7016666666666667,-87.4033,-61.2902,36
19129,1,2022-03-08,03:54:18,07,MTP051,STP203,E,F,186.59,6.346666666666667,60.0296,-101.0068,36
19132,1,2022-03-08,09:48:17,05,MTP051,STP203,E,F,186.73,6.362777777777778,60.6633,173.106,36
19134,1,2022-03-08,13:44:06,04,MTP051,STP203,E,F,186.82,6.3725,61.0031,115.8759,36
19137,1,2022-03-08,18:58:00,11,MTP051,STP203,I,F,186.95,22.817777777777778,-87.0688,-73.8214,36
19139,1,2022-03-08,22:53:47,13,MTP051,STP203,I,F,187.04,22.530555555555555,-87.0644,-135.4991,36
19143,1,2022-03-09,07:25:50,09,MTP051,STP203,E,F,187.25,6.436388888888889,62.5465,-141.4974,36
19145,1,2022-03-09,11:21:43,12,MTP051,STP203,E,F,187.34,6.431388888888889,62.8685,161.033,36
19148,1,2022-03-09,16:35:03,07,MTP051,STP203,I,F,187.47,21.7,-86.3478,-46.1735,36
19150,1,2022-03-09,20:30:57,09,MTP051,STP203,I,F,187.56,21.543333333333337,-86.189,-105.9233,36
19153,1,2022-03-10,02:24:36,04,MTP051,STP203,I,F,187.7,21.369444444444444,-85.9736,165.4244,36
19157,1,2022-03-10,10:57:09,05,MTP051,STP203,E,F,187.91,6.501388888888889,64.7006,177.6947,36
19159,1,2022-03-10,14:52:58,12,MTP051,STP203,E,F,188.0,6.514166666666667,65.0016,120.5058,36
19161,1,2022-03-10,18:48:57,11,MTP051,STP203,E,F,188.1,6.525555555555555,65.2323,63.2589,36
19167,1,2022-03-11,05:55:29,09,MTP051,STP203,I,F,188.37,20.58861111111111,-84.6048,112.0332,36
19170,1,2022-03-11,11:49:17,09,MTP051,STP203,I,F,188.51,20.436944444444446,-84.4057,23.6735,36
19174,1,2022-03-11,20:22:19,13,MTP051,STP203,E,F,188.71,6.633333333333333,67.0576,51.7919,36
19178,1,2022-03-12,04:13:59,07,MTP051,STP203,E,F,188.9,6.642499999999999,67.5599,-62.832,36
19181,1,2022-03-12,09:26:27,05,MTP051,STP203,I,F,189.03,20.154999999999998,-83.1635,63.8295,36
19186,1,2022-03-12,19:16:03,09,MTP051,STP204,I,F,189.26,20.045555555555556,-82.6466,-81.2668,36
19188,1,2022-03-12,23:11:56,07,MTP051,STP204,I,F,189.36,20.013055555555557,-82.4621,-139.148,36
19194,1,2022-03-13,11:41:13,05,MTP051,STP204,E,F,189.66,6.771111111111111,69.5658,-160.0858,36
19197,1,2022-03-13,17:34:56,04,MTP051,STP204,E,F,189.8,6.794444444444444,69.8531,114.2007,36
19199,1,2022-03-13,21:30:55,11,MTP051,STP204,E,F,189.9,6.8116666666666665,70.0741,57.0423,36
19205,1,2022-03-14,08:36:37,12,MTP051,STP204,I,F,190.17,19.717777777777776,-80.5323,88.667,36
19208,1,2022-03-14,14:30:22,13,MTP051,STP204,I,F,190.31,19.6575,-80.337,1.6914,36
19211,1,2022-03-14,21:06:13,09,MTP051,STP204,E,F,190.47,6.945833333333334,71.3583,74.6998,36
19214,1,2022-03-15,03:00:00,07,MTP051,STP204,E,F,190.61,6.957222222222223,71.7726,-11.2029,36
19217,1,2022-03-15,08:11:44,09,MTP051,STP204,I,F,190.74,19.576666666666668,-79.176,102.2377,36
19219,1,2022-03-15,12:07:40,04,MTP051,STP204,I,F,190.83,19.561111111111114,-78.9803,44.6021,36
19222,1,2022-03-15,18:01:20,05,MTP051,STP204,I,F,190.97,19.529444444444444,-78.6216,-41.9225,36
19225,1,2022-03-16,00:37:20,12,MTP051,STP204,E,F,191.13,7.069444444444445,72.8064,34.8287,36
19228,1,2022-03-16,06:31:03,11,MTP051,STP204,E,F,191.28,7.099722222222222,73.0454,-50.7802,36
19230,1,2022-03-16,10:26:59,09,MTP051,STP204,E,F,191.37,7.1211111111111105,73.2167,-107.8634,36
19233,1,2022-03-16,15:38:37,07,MTP051,STP204,I,F,191.5,19.435,-77.3584,1.0219,36
19235,1,2022-03-16,19:34:25,09,MTP051,STP204,I,F,191.59,19.380277777777778,-77.0955,-57.1677,36
19239,1,2022-03-17,04:08:26,13,MTP051,STP204,E,F,191.8,7.2625,74.1038,-4.0001,36
19241,1,2022-03-17,08:04:12,05,MTP051,STP204,E,F,191.9,7.251666666666667,74.1954,-61.5251,36
19247,1,2022-03-17,19:09:35,04,MTP051,STP204,I,F,192.17,19.31888888888889,-75.5546,-42.4111,36
19250,1,2022-03-18,01:03:27,11,MTP051,STP204,I,F,192.31,19.297222222222224,-75.1658,-128.83,36
19253,1,2022-03-18,06:57:10,12,MTP051,STP204,I,F,192.45,19.279444444444444,-74.8065,144.8432,36
19257,1,2022-03-18,15:31:13,07,MTP051,STP204,E,F,192.66,7.469722222222222,75.552,-157.3758,36
19261,1,2022-03-18,23:22:57,09,MTP051,STP204,E,F,192.85,7.516666666666667,75.7634,88.5515,36
19264,1,2022-03-19,05:16:41,04,MTP051,STP204,E,F,193.0,7.571666666666666,76.0749,3.3132,36
19267,1,2022-03-19,10:28:16,05,MTP051,STP204,I,F,193.12,19.18638888888889,-72.8756,101.725,36
19271,1,2022-03-19,19:02:13,09,MTP052,STP205,E,F,193.33,7.703611111111111,76.4942,164.439,36
19273,1,2022-03-19,22:58:07,07,MTP052,STP205,E,F,193.43,7.694444444444445,76.5896,106.9016,36
19276,1,2022-03-20,04:09:44,05,MTP052,STP205,I,F,193.55,19.141666666666666,-71.7131,-157.2042,36
19278,1,2022-03-20,08:05:33,04,MTP052,STP205,I,F,193.65,19.129444444444445,-71.4072,145.2344,36
19281,1,2022-03-20,13:59:28,11,MTP052,STP205,I,F,193.79,19.112222222222222,-70.9624,58.8691,36
19286,1,2022-03-21,00:31:13,12,MTP052,STP205,E,F,194.05,7.910833333333334,77.4366,97.1424,36
19288,1,2022-03-21,04:27:03,09,MTP052,STP205,E,F,194.15,7.961944444444445,77.6487,40.5276,36
19290,1,2022-03-21,08:22:51,05,MTP052,STP205,E,F,194.24,7.985833333333334,77.7028,-16.4808,36
19294,1,2022-03-21,15:32:44,07,MTP052,STP205,I,F,194.42,19.047222222222224,-69.0581,44.8461,36
19297,1,2022-03-21,21:26:25,09,MTP052,STP205,I,F,194.56,19.014722222222222,-68.6636,-41.6937,36
19300,1,2022-03-22,04:02:17,13,MTP052,STP205,E,F,194.72,8.207777777777777,78.2354,59.8875,36
19302,1,2022-03-22,07:58:02,11,MTP052,STP205,E,F,194.82,8.210833333333333,78.3775,2.5766,36
19306,1,2022-03-22,15:08:02,04,MTP052,STP205,I,F,195.0,18.990555555555556,-67.2028,59.6536,36
19310,1,2022-03-22,22:59:46,09,MTP052,STP205,I,F,195.19,18.970555555555553,-66.5208,-55.4224,36
19312,1,2022-03-23,02:55:42,12,MTP052,STP205,I,F,195.28,18.9625,-66.2156,-112.9454,36
19315,1,2022-03-23,09:31:06,07,MTP052,STP205,E,F,195.45,8.457777777777777,78.9575,-6.7179,36
19318,1,2022-03-23,15:24:57,05,MTP052,STP205,E,F,195.59,8.526111111111112,79.1129,-91.781,36
19321,1,2022-03-23,21:18:39,04,MTP052,STP205,E,F,195.74,8.59138888888889,79.2463,-176.8597,36
19326,1,2022-03-24,06:26:56,11,MTP052,STP205,I,F,195.96,18.903333333333332,-63.9091,-155.5786,36
19328,1,2022-03-24,10:22:45,13,MTP052,STP205,I,F,196.06,18.879166666666666,-63.598,146.6844,36
19333,1,2022-03-24,20:53:46,09,MTP052,STP205,E,F,196.31,8.889999999999999,79.6501,-156.6786,36
19335,1,2022-03-25,00:49:40,12,MTP052,STP205,E,F,196.41,8.877777777777778,79.7173,145.7441,36
19338,1,2022-03-25,06:02:23,09,MTP052,STP205,I,F,196.54,18.85138888888889,-61.7265,-140.7339,36
19340,1,2022-03-25,09:58:11,05,MTP052,STP205,I,F,196.64,18.84361111111111,-61.3711,161.7763,36
19344,1,2022-03-25,17:50:08,07,MTP052,STP205,I,F,196.83,18.827222222222222,-60.6204,46.7074,36
19348,1,2022-03-26,02:22:42,11,MTP052,STP205,E,F,197.04,9.185,80.1426,137.366,36
19350,1,2022-03-26,06:18:32,04,MTP052,STP205,E,F,197.14,9.270000000000001,80.2804,81.2658,36
19352,1,2022-03-26,10:14:19,09,MTP052,STP205,E,F,197.23,9.295277777777777,80.2827,24.2769,36
19357,1,2022-03-26,19:23:31,07,MTP052,STP206,I,F,197.46,18.775,-58.0919,32.8554,36
19360,1,2022-03-27,01:17:24,09,MTP052,STP206,I,F,197.6,18.746944444444445,-57.4185,-53.6633,36
19363,1,2022-03-27,07:51:35,13,MTP052,STP206,E,F,197.77,9.580555555555556,80.4284,72.9361,36
19365,1,2022-03-27,11:47:20,05,MTP052,STP206,E,F,197.86,9.594444444444445,80.5409,15.7868,36
19368,1,2022-03-27,17:01:09,04,MTP052,STP206,I,F,197.99,18.7275,-55.6765,76.4299,36
19370,1,2022-03-27,20:56:59,11,MTP052,STP206,I,F,198.09,18.72222222222222,-55.3418,18.9736,36
19372,1,2022-03-28,00:52:57,12,MTP052,STP206,I,F,198.19,18.710555555555555,-54.7738,-38.6073,36
19375,1,2022-03-28,07:26:37,09,MTP052,STP206,E,F,198.35,9.876111111111111,80.7607,93.0957,36
19377,1,2022-03-28,11:22:23,05,MTP052,STP206,E,F,198.44,9.904444444444445,80.7563,36.1608,36
19379,1,2022-03-28,15:18:17,07,MTP052,STP206,E,F,198.54,9.941666666666666,80.7639,-20.674,36
19384,1,2022-03-29,00:28:34,11,MTP052,STP206,I,F,198.77,18.661666666666665,-51.9921,-23.7567,36
19386,1,2022-03-29,04:24:35,13,MTP052,STP206,I,F,198.87,18.6425,-51.5531,-81.4654,36
19386,2,2022-03-29,05:03:52,09,MTP052,STP206,E,F,198.88,10.102222222222222,80.6968,140.8722,36
19390,1,2022-03-29,12:16:23,04,MTP052,STP206,I,F,199.06,18.6375,-50.5386,163.6716,36
19390,2,2022-03-29,12:55:25,09,MTP052,STP206,E,F,199.08,10.203055555555554,80.8586,27.6597,36
19392,1,2022-03-29,16:51:18,12,MTP052,STP206,E,F,199.17,10.269444444444446,80.8921,-28.7357,36
19396,1,2022-03-30,00:04:15,07,MTP052,STP206,I,F,199.35,18.61277777777778,-49.0208,-8.9164,36
19396,2,2022-03-30,00:42:57,05,MTP052,STP206,E,F,199.37,10.351111111111111,80.8961,-142.2551,36
19398,1,2022-03-30,04:00:19,04,MTP052,STP206,I,F,199.45,18.602500000000003,-48.403,-66.5059,36
19398,2,2022-03-30,04:38:51,11,MTP052,STP206,E,F,199.47,10.408611111111112,80.9138,161.2119,36
19400,1,2022-03-30,07:56:12,09,MTP052,STP206,I,F,199.55,18.58722222222222,-48.0852,-124.1226,36
19400,2,2022-03-30,08:34:44,13,MTP052,STP206,E,F,199.56,10.48861111111111,80.8316,105.0241,36
19403,1,2022-03-30,13:50:09,12,MTP052,STP206,I,F,199.69,18.581666666666667,-47.0711,149.6806,36
19403,2,2022-03-30,14:28:24,09,MTP052,STP206,E,F,199.71,10.532222222222224,80.9294,19.6308,36
19405,1,2022-03-30,18:24:21,05,MTP052,STP206,E,F,199.81,10.564444444444446,80.9173,-37.2866,36
19407,1,2022-03-30,21:42:07,07,MTP052,STP206,I,F,199.89,18.566944444444445,-46.077,34.6323,36
19410,1,2022-03-31,03:36:08,11,MTP052,STP206,I,F,200.03,18.55138888888889,-45.0901,-51.7291,36
19410,2,2022-03-31,04:13:56,04,MTP052,STP206,E,F,200.05,10.676944444444445,80.9117,-179.0445,36
19412,1,2022-03-31,07:32:03,13,MTP052,STP206,I,F,200.13,18.53666666666667,-44.7384,-109.3486,36
19412,2,2022-03-31,08:09:50,09,MTP052,STP206,E,F,200.15,10.753055555555555,80.8155,124.7024,36
19415,1,2022-03-31,13:26:00,09,MTP052,STP206,I,F,200.28,18.53111111111111,-43.6862,164.456,36
19415,2,2022-03-31,14:03:30,12,MTP052,STP206,E,F,200.29,10.805555555555557,80.9109,39.4521,36
19417,1,2022-03-31,17:59:24,07,MTP052,STP206,E,F,200.39,10.856388888888889,80.9073,-17.1783,36
19420,1,2022-03-31,23:15:56,05,MTP052,STP206,I,F,200.52,18.511388888888888,-42.2875,20.6309,36
19420,2,2022-03-31,23:53:03,04,MTP052,STP206,E,F,200.54,10.978055555555555,80.929,-101.3934,36
19422,1,2022-04-01,03:12:00,11,MTP052,STP206,I,F,200.62,18.499722222222225,-41.5199,-36.9738,36
19422,2,2022-04-01,03:48:59,12,MTP052,STP206,E,F,200.63,10.949166666666667,80.8693,-159.228,36
19424,1,2022-04-01,07:07:59,09,MTP052,STP206,I,F,200.72,18.484166666666667,-41.0652,-94.6229,36
19424,2,2022-04-01,07:44:54,13,MTP052,STP206,E,F,200.73,11.017222222222223,80.7578,144.3928,36
19427,1,2022-04-01,13:01:58,09,MTP052,STP206,I,F,200.86,18.47722222222222,-39.9157,179.1571,36
19427,2,2022-04-01,13:38:33,05,MTP052,STP206,E,F,200.88,11.075555555555555,80.8464,59.2281,36
19430,1,2022-04-01,19:32:23,07,MTP052,STP206,E,F,201.03,11.158611111111112,80.8322,-25.6084,36
19433,1,2022-04-02,00:49:58,11,MTP052,STP206,I,F,201.16,18.450833333333332,-37.9698,6.5076,36
19433,2,2022-04-02,01:26:02,04,MTP052,STP206,E,F,201.17,11.25361111111111,80.8194,-110.223,36
19437,1,2022-04-02,08:42:05,09,MTP052,STP206,I,F,201.35,18.432222222222222,-36.5764,-108.6317,36
19437,2,2022-04-02,09:17:48,12,MTP052,STP206,E,F,201.37,11.361388888888888,80.7864,136.6141,36
19439,1,2022-04-02,16:34:03,13,MTP052,STP207,I,F,201.55,18.404999999999998,-35.1986,136.1347,36
19439,2,2022-04-02,17:09:30,09,MTP052,STP207,E,F,201.56,11.363888888888889,80.5957,21.8907,36
19444,1,2022-04-02,23:03:13,07,MTP052,STP207,E,F,201.71,11.471111111111112,80.688,-62.554,36
19446,1,2022-04-03,02:59:01,05,MTP052,STP207,E,F,201.81,11.489722222222222,80.6545,-119.6431,36
19449,1,2022-04-03,08:18:16,04,MTP052,STP207,I,F,201.94,18.37388888888889,-32.0934,-94.0512,36
19449,2,2022-04-03,08:52:50,11,MTP052,STP207,E,F,201.95,11.601388888888888,80.6276,155.9518,36
19451,1,2022-04-03,12:14:13,12,MTP052,STP207,I,F,202.04,18.364444444444445,-31.355,-151.598,36
19451,2,2022-04-03,12:48:38,09,MTP052,STP207,E,F,202.05,11.598611111111111,80.5875,98.5428,36
19453,1,2022-04-03,16:10:15,09,MTP052,STP207,I,F,202.14,18.34611111111111,-30.5911,150.7039,36
19453,2,2022-04-03,16:44:31,13,MTP052,STP207,E,F,202.15,11.59888888888889,80.437,41.1557,36
19456,1,2022-04-03,22:04:25,05,MTP052,STP207,I,F,202.28,18.33972222222222,-29.3674,64.4404,36
19456,2,2022-04-03,22:38:17,07,MTP052,STP207,E,F,202.3,11.703055555555554,80.5126,-43.348,36
19459,1,2022-04-04,03:58:28,11,MTP052,STP207,I,F,202.43,18.323055555555555,-28.0415,-21.9419,36
19459,2,2022-04-04,04:32:00,04,MTP052,STP207,E,F,202.44,11.737222222222222,80.4599,-128.8917,36
19461,1,2022-04-04,07:54:35,09,MTP052,STP207,I,F,202.53,18.31277777777778,-27.196,-79.5431,36
19461,2,2022-04-04,08:27:54,12,MTP052,STP207,E,F,202.54,11.798055555555555,80.4299,174.6311,36
19464,1,2022-04-04,13:48:36,07,MTP052,STP207,I,F,202.68,18.29638888888889,-25.8701,-165.9166,36
19464,2,2022-04-04,14:21:34,05,MTP052,STP207,E,F,202.69,11.853333333333333,80.3775,89.4186,36
19466,1,2022-04-04,17:44:39,13,MTP052,STP207,I,F,202.77,18.279722222222222,-25.1471,136.4028,36
19466,2,2022-04-04,18:17:30,09,MTP052,STP207,E,F,202.79,11.8275,80.225,31.6301,36
19469,1,2022-04-05,00:11:10,04,MTP052,STP207,E,F,202.93,11.988055555555555,80.2869,-52.0028,36
19471,1,2022-04-05,03:34:55,11,MTP052,STP207,I,F,203.02,18.2575,-22.6453,-7.5336,36
19471,2,2022-04-05,04:06:59,12,MTP052,STP207,E,F,203.03,11.979722222222222,80.2478,-109.5048,36
19474,1,2022-04-05,09:29:07,09,MTP052,STP207,I,F,203.17,18.24138888888889,-21.2783,-93.9495,36
19474,2,2022-04-05,10:00:49,05,MTP052,STP207,E,F,203.18,12.075555555555555,80.1876,165.8549,36
19476,1,2022-04-05,13:25:10,07,MTP052,STP207,I,F,203.26,18.229166666666664,-20.27,-151.5576,36
19476,2,2022-04-05,13:56:36,11,MTP052,STP207,E,F,203.28,12.072222222222223,80.1488,108.4389,36
19478,1,2022-04-05,17:21:14,09,MTP052,STP207,I,F,203.36,18.211666666666666,-19.4395,150.7465,36
19478,2,2022-04-05,17:52:30,13,MTP052,STP207,E,F,203.38,12.050555555555556,80.0,50.7233,36
19481,1,2022-04-05,23:15:29,04,MTP052,STP207,I,F,203.51,18.20138888888889,-17.8987,64.4075,36
19481,2,2022-04-05,23:46:13,09,MTP052,STP207,E,F,203.52,12.19111111111111,80.041,-33.2228,36
19483,1,2022-04-06,03:11:32,12,MTP052,STP207,I,F,203.61,18.188333333333333,-16.8067,6.7869,36
19483,2,2022-04-06,03:41:59,07,MTP052,STP207,E,F,203.62,12.214722222222221,79.9988,-90.2284,36
19485,1,2022-04-06,07:07:47,05,MTP052,STP207,I,F,203.71,18.174722222222222,-15.6422,-50.8953,36
19485,2,2022-04-06,07:37:56,04,MTP052,STP207,E,F,203.72,12.20861111111111,79.9607,-147.7234,36
19488,1,2022-04-06,13:01:56,11,MTP052,STP207,I,F,203.85,18.15583333333333,-14.0411,-137.3397,36
19488,2,2022-04-06,13:31:36,09,MTP052,STP207,E,F,203.87,12.315555555555557,79.8833,127.8389,36
19490,1,2022-04-06,16:58:00,13,MTP052,STP207,I,F,203.95,18.1375,-13.1297,164.9549,36
19490,2,2022-04-06,17:27:33,09,MTP052,STP207,E,F,203.97,12.210277777777778,79.7524,68.858,36
19491,1,2022-04-06,18:56:11,12,MTP052,STP207,I,F,204.0,18.135555555555555,-12.3134,136.1714,36
19491,2,2022-04-06,19:25:25,05,MTP052,STP207,E,F,204.01,12.311388888888889,79.8257,41.6993,36
19493,1,2022-04-06,22:52:21,07,MTP052,STP207,I,F,204.1,18.12472222222222,-11.3724,78.5533,36
19493,2,2022-04-06,23:21:16,11,MTP052,STP207,E,F,204.11,12.37138888888889,79.7727,-14.7812,36
19495,1,2022-04-07,02:48:26,04,MTP052,STP207,I,F,204.2,18.110833333333336,-10.1968,20.9112,36
19495,2,2022-04-07,03:17:01,09,MTP052,STP207,E,F,204.21,12.418055555555554,79.721,-71.4333,36
19498,1,2022-04-07,08:42:52,12,MTP052,STP207,I,F,204.35,18.086944444444445,-8.1858,-65.6745,36
19498,2,2022-04-07,09:10:54,07,MTP052,STP207,E,F,204.36,12.435,79.6574,-157.2731,36
19500,1,2022-04-07,12:38:51,09,MTP052,STP207,I,F,204.45,18.07138888888889,-7.4834,-123.3228,36
19500,2,2022-04-07,13:06:44,13,MTP052,STP207,E,F,204.46,12.423055555555555,79.5107,145.1674,36
19502,1,2022-04-07,16:35:09,05,MTP052,STP207,I,F,204.54,18.058055555555555,-5.7391,178.992,36
19502,2,2022-04-07,17:02:28,04,MTP052,STP207,E,F,204.56,12.516111111111112,79.5523,89.2162,36
19505,1,2022-04-07,22:29:29,11,MTP052,STP207,I,F,204.69,18.03805555555556,-4.0567,92.4889,36
19505,2,2022-04-07,22:56:19,12,MTP052,STP207,E,F,204.7,12.534444444444444,79.4869,3.4037,36
19507,1,2022-04-08,02:52:01,09,MTP052,STP207,E,F,204.8,12.632222222222223,79.4072,-52.4718,36
19509,1,2022-04-08,06:21:54,05,MTP052,STP207,I,F,204.89,18.004444444444445,-1.2684,-22.9494,36
19509,2,2022-04-08,06:47:58,07,MTP052,STP207,E,F,204.9,12.550277777777778,79.4027,-111.1053,36
19512,1,2022-04-08,12:16:10,13,MTP052,STP207,I,F,205.04,17.97694444444444,0.3816,-109.55,36
19512,2,2022-04-08,12:41:47,09,MTP052,STP207,E,F,205.05,12.594722222222222,79.2139,163.484,36
19514,1,2022-04-08,16:12:29,11,MTP052,STP207,I,F,205.14,17.961944444444445,2.2123,-167.2648,36
19514,2,2022-04-08,16:37:31,04,MTP052,STP207,E,F,205.15,12.649166666666666,79.2622,106.9525,36
19517,1,2022-04-08,22:31:20,09,MTP052,STP207,E,F,205.3,12.725,79.1654,22.0122,36
19519,1,2022-04-09,02:27:05,12,MTP052,STP207,E,F,205.39,12.790555555555555,79.0894,-34.3586,36
19522,1,2022-04-09,07:57:37,07,MTP052,STP207,I,F,205.53,17.889166666666664,7.9693,-38.2915,36
19522,2,2022-04-09,08:20:57,05,MTP052,STP207,E,F,205.54,12.736666666666666,79.061,-121.2599,36
19524,1,2022-04-09,11:53:48,09,MTP052,STP207,I,F,205.63,17.866666666666667,9.1139,-96.0928,36
19527,1,2022-04-09,17:48:19,07,MTP052,STP208,I,F,205.78,17.83611111111111,11.9731,177.2033,36
19527,2,2022-04-09,18:10:25,05,MTP052,STP208,E,F,205.79,12.888333333333334,78.8701,97.6137,36
19530,1,2022-04-09,23:42:48,04,MTP052,STP208,I,F,205.93,17.806944444444444,14.0894,90.5301,36
19530,2,2022-04-10,00:04:15,11,MTP052,STP208,E,F,205.94,12.907222222222222,78.7981,11.8111,36
19532,1,2022-04-10,03:39:03,12,MTP052,STP208,I,F,206.03,17.783055555555556,15.7991,32.6926,36
19532,2,2022-04-10,03:59:56,09,MTP052,STP208,E,F,206.04,13.004722222222222,78.6867,-44.0609,36
19534,1,2022-04-10,07:35:28,05,MTP052,STP208,I,F,206.13,17.7575,17.5691,-25.2061,36
19534,2,2022-04-10,07:55:56,07,MTP052,STP208,E,F,206.13,12.8825,78.736,-103.3118,36
19537,1,2022-04-10,13:29:54,13,MTP052,STP208,I,F,206.27,17.717499999999998,19.7242,-112.0353,36
19539,1,2022-04-10,17:26:22,11,MTP052,STP208,I,F,206.37,17.690277777777776,22.034,-169.9721,36
19539,2,2022-04-10,17:45:26,04,MTP052,STP208,E,F,206.38,13.006666666666666,78.5462,115.1394,36
19542,1,2022-04-10,23:39:14,09,MTP052,STP208,E,F,206.53,13.073333333333332,78.4321,30.062,36
19562,1,2022-04-12,14:01:29,12,MTP052,STP208,C,F,207.5,22.343333333333334,-77.3121,-30.9753,36
19617,1,2022-04-17,02:01:04,06,MTP053,STP209,C,F,210.23,3.5705555555555555,-69.669,-88.9037,36
19656,1,2022-04-20,08:01:37,13,MTP053,STP209,E,F,212.21,6.520277777777777,29.1783,-103.3075,36
19658,1,2022-04-20,11:38:04,05,MTP053,STP209,I,P,212.3,13.551944444444445,75.5539,-50.4814,36
19658,2,2022-04-20,11:57:51,04,MTP053,STP209,E,P,212.31,6.486111111111112,27.8676,-161.2866,36
19661,1,2022-04-20,17:31:59,11,MTP053,STP209,I,P,212.45,13.466666666666667,75.6232,-137.8624,36
19663,1,2022-04-20,21:27:39,12,MTP053,STP209,I,P,212.55,13.554444444444446,75.4506,166.1265,36
19663,2,2022-04-20,21:48:44,09,MTP053,STP209,E,P,212.56,6.403333333333333,23.4686,53.731,36
19665,1,2022-04-21,01:23:32,07,MTP053,STP209,I,P,212.65,13.557222222222222,75.4064,108.7833,36
19665,2,2022-04-21,01:45:04,04,MTP053,STP209,E,P,212.66,6.377777777777777,22.0273,-4.148,36
19668,1,2022-04-21,07:39:39,13,MTP053,STP209,E,F,212.81,6.335,19.1608,-91.0458,36
19670,1,2022-04-21,11:13:00,05,MTP053,STP209,I,P,212.9,13.634444444444444,75.1805,-33.4598,36
19670,2,2022-04-21,11:35:49,12,MTP053,STP209,E,P,212.91,6.306111111111111,17.9233,-148.9349,36
19672,1,2022-04-21,15:08:55,11,MTP053,STP209,I,P,213.0,13.649166666666666,75.1151,-90.6268,36
19675,1,2022-04-21,21:02:36,07,MTP053,STP209,I,P,213.15,13.648055555555555,75.057,-176.684,36
19675,2,2022-04-21,21:26:33,09,MTP053,STP209,E,P,213.16,6.24,14.0035,66.3675,36
19677,1,2022-04-22,00:58:28,05,MTP053,STP209,I,P,213.25,13.668888888888889,74.9811,126.2497,36
19677,2,2022-04-22,01:22:49,07,MTP053,STP209,E,P,213.26,6.2186111111111115,12.7155,8.5737,36
19680,1,2022-04-22,06:52:09,09,MTP053,STP209,I,F,213.4,13.732222222222223,74.6845,41.1576,36
19680,2,2022-04-22,07:17:20,09,MTP053,STP209,E,F,213.41,6.184444444444445,10.1632,-78.1845,36
19682,1,2022-04-22,10:48:01,11,MTP053,STP209,I,P,213.5,13.685,74.8525,-16.9274,36
19682,2,2022-04-22,11:13:26,12,MTP053,STP209,E,P,213.51,6.158888888888889,9.0643,-136.0014,36
19685,1,2022-04-22,16:41:53,09,MTP053,STP209,I,P,213.65,13.686944444444444,74.7891,-102.9844,36
19685,2,2022-04-22,17:07:54,04,MTP053,STP209,E,P,213.66,6.123333333333333,6.8808,137.2333,36
19687,1,2022-04-22,20:37:38,04,MTP053,STP209,I,P,213.75,13.701944444444443,74.7219,-160.1072,36
19687,2,2022-04-22,21:04:03,05,MTP053,STP209,E,P,213.76,6.101388888888889,5.5318,79.4605,36
19689,1,2022-04-23,00:33:25,12,MTP053,STP209,I,P,213.85,13.744166666666667,74.6037,143.165,36
19689,2,2022-04-23,01:00:14,11,MTP053,STP209,E,P,213.87,6.081666666666666,4.3002,21.7018,36
19692,1,2022-04-23,06:27:08,13,MTP053,STP209,I,F,214.0,13.806666666666667,74.2987,58.0557,36
19692,2,2022-04-23,06:54:41,13,MTP053,STP209,E,F,214.02,6.052777777777778,2.0713,-64.9544,36
19694,1,2022-04-23,10:23:01,07,MTP053,STP209,I,P,214.1,13.732777777777779,74.525,-0.4375,36
19694,2,2022-04-23,10:50:43,09,MTP053,STP209,E,P,214.12,6.029722222222222,1.1229,-122.7185,36
19698,1,2022-04-23,18:14:48,05,MTP053,STP210,I,F,214.31,13.750833333333333,74.4104,-114.9316,36
19698,2,2022-04-23,18:43:13,04,MTP053,STP210,E,F,214.32,5.986944444444444,-1.4877,121.6928,36
19701,1,2022-04-24,00:08:26,11,MTP053,STP210,I,F,214.46,13.796111111111111,74.2618,159.7221,36
19701,2,2022-04-24,00:37:22,12,MTP053,STP210,E,F,214.47,5.958888888888889,-3.1625,35.1238,36
19703,1,2022-04-24,04:04:19,09,MTP053,STP210,I,F,214.56,13.807777777777778,74.1981,102.5128,36
19703,2,2022-04-24,04:33:34,07,MTP053,STP210,E,F,214.57,5.9413888888888895,-4.2109,-22.5999,36
19706,1,2022-04-24,09:57:57,09,MTP053,STP210,I,F,214.71,13.842500000000001,73.9432,17.0065,36
19706,2,2022-04-24,10:27:51,09,MTP053,STP210,E,F,214.72,5.91388888888889,-6.2877,-109.196,36
19708,1,2022-04-24,13:53:50,04,MTP053,STP210,I,F,214.81,13.861388888888888,73.9871,-40.0895,36
19708,2,2022-04-24,14:23:54,05,MTP053,STP210,E,F,214.82,5.892777777777777,-7.0628,-166.9354,36
19710,1,2022-04-24,17:49:47,11,MTP053,STP210,I,F,214.91,13.828333333333333,74.016,-97.9867,36
19710,2,2022-04-24,18:20:08,12,MTP053,STP210,E,F,214.92,5.871944444444445,-8.276,135.282,36
19711,1,2022-04-24,19:47:41,07,MTP053,STP210,I,F,214.96,13.820555555555556,74.0118,-126.7839,36
19713,1,2022-04-24,23:43:24,09,MTP053,STP210,I,F,215.06,13.871944444444445,73.8643,176.6457,36
19713,2,2022-04-25,00:14:12,05,MTP053,STP210,E,F,215.07,5.845277777777778,-9.7839,48.7538,36
19715,1,2022-04-25,03:39:13,13,MTP053,STP210,I,F,215.16,13.920277777777777,73.5935,120.0027,36
19715,2,2022-04-25,04:10:27,13,MTP053,STP210,E,F,215.17,5.832222222222222,-10.961,-8.9177,36
19718,1,2022-04-25,10:04:34,04,MTP053,STP210,E,F,215.32,5.797777777777777,-12.4335,-95.577,36
19720,1,2022-04-25,13:28:49,11,MTP053,STP210,I,F,215.41,13.918888888888889,73.6206,-23.447,36
19720,2,2022-04-25,14:00:37,12,MTP053,STP210,E,F,215.43,5.782222222222222,-13.2689,-153.2312,36
19722,1,2022-04-25,17:24:46,09,MTP053,STP210,I,F,215.51,13.910277777777779,73.5994,-80.9725,36
19725,1,2022-04-25,23:18:25,07,MTP053,STP210,I,F,215.66,13.921666666666667,73.5136,-166.833,36
19725,2,2022-04-25,23:50:53,04,MTP053,STP210,E,F,215.68,5.733888888888889,-15.8397,62.4534,36
19727,1,2022-04-26,03:14:15,09,MTP053,STP210,I,F,215.76,13.956666666666665,73.2678,136.3236,36
19727,2,2022-04-26,03:47:04,09,MTP053,STP210,E,F,215.78,5.7225,-16.843,4.8266,36
19730,1,2022-04-26,09:41:06,05,MTP053,STP210,E,F,215.93,5.690555555555556,-18.0448,-81.7722,36
19732,1,2022-04-26,13:03:51,12,MTP053,STP210,I,F,216.02,13.946111111111112,73.3168,-7.2611,36
19732,2,2022-04-26,13:37:08,11,MTP053,STP210,E,F,216.03,5.673055555555556,-18.9077,-139.451,36
19735,1,2022-04-26,18:57:43,07,MTP053,STP210,I,F,216.17,13.942777777777778,73.2644,-93.3969,36
19735,2,2022-04-26,19:31:21,09,MTP053,STP210,E,F,216.18,5.6436111111111105,-20.3545,133.9366,36
19737,1,2022-04-26,22:53:28,05,MTP053,STP210,I,F,216.27,13.95611111111111,73.1928,-150.54,36
19737,2,2022-04-26,23:27:18,04,MTP053,STP210,E,F,216.28,5.626666666666667,-21.1604,76.2863,36
19739,1,2022-04-27,02:49:13,13,MTP053,STP210,I,F,216.37,14.0175,72.8792,153.0284,36
19739,2,2022-04-27,03:23:25,13,MTP053,STP210,E,F,216.38,5.616388888888888,-22.0296,18.694,36
19742,1,2022-04-27,08:43:05,11,MTP053,STP210,I,F,216.52,13.992222222222221,73.007,66.5658,36
19742,2,2022-04-27,09:17:29,12,MTP053,STP210,E,F,216.53,5.582777777777777,-23.1861,-67.9406,36
19744,1,2022-04-27,12:38:52,09,MTP053,STP210,I,F,216.62,13.987499999999999,72.9783,9.1354,36
19744,2,2022-04-27,13:13:28,07,MTP053,STP210,E,F,216.64,5.5649999999999995,-23.9852,-125.6157,36
19746,1,2022-04-27,16:34:45,04,MTP053,STP210,I,F,216.72,14.024166666666668,72.8482,-47.6908,36
19749,1,2022-04-27,22:28:30,05,MTP053,STP210,I,F,216.87,14.000277777777777,72.8466,-134.1054,36
19749,2,2022-04-27,23:03:35,12,MTP053,STP210,E,F,216.89,5.5183333333333335,-26.0237,90.132,36
19751,1,2022-04-28,02:24:13,09,MTP053,STP210,I,F,216.97,14.05888888888889,72.5324,169.4341,36
19751,2,2022-04-28,02:59:40,09,MTP053,STP210,E,F,216.99,5.506944444444445,-26.8815,32.5314,36
19754,1,2022-04-28,08:18:06,11,MTP053,STP210,I,F,217.13,14.034166666666666,72.6618,82.9789,36
19754,2,2022-04-28,08:53:39,07,MTP053,STP210,E,F,217.14,5.475555555555555,-27.7989,-54.051,36
19756,1,2022-04-28,12:13:53,09,MTP053,STP210,I,F,217.23,14.027222222222223,72.6392,25.5199,36
19756,2,2022-04-28,12:49:37,05,MTP053,STP210,E,F,217.24,5.456388888888889,-28.5713,-111.7387,36
19759,1,2022-04-28,18:07:40,04,MTP053,STP210,I,F,217.38,14.071944444444444,72.4648,-59.8753,36
19761,1,2022-04-28,22:03:30,11,MTP053,STP210,I,F,217.48,14.054722222222223,72.469,-117.5017,36
19763,1,2022-04-29,01:59:12,13,MTP053,STP210,I,F,217.58,14.1025,72.1756,-174.1218,36
19763,2,2022-04-29,02:35:42,13,MTP053,STP210,E,F,217.6,5.398055555555556,-31.1774,46.4358,36
19766,1,2022-04-29,07:53:07,12,MTP053,STP210,I,F,217.73,14.0825,72.2963,99.4864,36
19766,2,2022-04-29,08:29:42,09,MTP053,STP210,E,F,217.75,5.366111111111111,-31.9966,-40.1577,36
19769,1,2022-04-29,14:23:37,07,MTP053,STP210,E,F,217.9,5.338333333333333,-32.9893,-126.6676,36
19771,1,2022-04-29,17:42:40,04,MTP053,STP210,I,F,217.98,14.118611111111111,72.0993,-43.386,36
19774,1,2022-04-29,23:36:25,05,MTP053,STP210,I,F,218.14,14.096944444444444,72.0975,-129.7625,36
19774,2,2022-04-30,00:13:37,12,MTP053,STP210,E,F,218.15,5.2877777777777775,-34.7355,89.0498,36
19776,1,2022-04-30,04:09:38,09,MTP053,STP210,E,F,218.25,5.276944444444444,-35.4111,31.4736,36
19779,1,2022-04-30,09:25:59,11,MTP053,STP210,I,F,218.39,14.137777777777778,71.885,87.4341,36
19779,2,2022-04-30,10:03:37,07,MTP053,STP210,E,F,218.4,5.24,-36.2857,-55.1887,36
19781,1,2022-04-30,17:17:37,05,MTP053,STP211,I,F,218.59,14.17,71.7144,-26.8131,36
19781,2,2022-04-30,17:55:30,04,MTP053,STP211,E,F,218.61,5.204166666666667,-37.3878,-170.5166,36
19786,1,2022-04-30,23:11:25,11,MTP053,STP211,I,F,218.74,14.145555555555555,71.7229,-113.2407,36
19788,1,2022-05-01,03:07:11,12,MTP053,STP211,I,F,218.84,14.171944444444444,71.6081,-170.1996,36
19788,2,2022-05-01,03:45:23,09,MTP053,STP211,E,F,218.86,5.154444444444445,-38.8637,45.2456,36
19790,1,2022-05-01,07:03:03,09,MTP053,STP211,I,F,218.94,14.183055555555555,71.4061,132.5905,36
19790,2,2022-05-01,07:41:27,13,MTP053,STP211,E,F,218.96,5.142777777777778,-39.4948,-12.3548,36
19793,1,2022-05-01,13:35:18,07,MTP053,STP211,E,F,219.11,5.103888888888888,-40.2874,-99.0116,36
19795,1,2022-05-01,16:52:37,04,MTP053,STP211,I,F,219.2,14.203333333333333,71.3763,-10.5218,36
19795,2,2022-05-01,17:31:15,05,MTP053,STP211,E,F,219.21,5.085,-40.7968,-156.6961,36
19797,1,2022-05-01,20:48:33,12,MTP053,STP211,I,F,219.3,14.189444444444444,71.3773,-68.1248,36
19797,2,2022-05-01,21:27:18,11,MTP053,STP211,E,F,219.32,5.060277777777777,-41.4619,145.5146,36
19800,1,2022-05-02,02:42:12,07,MTP053,STP211,I,F,219.45,14.205833333333333,71.2682,-153.8995,36
19800,2,2022-05-02,03:21:05,09,MTP053,STP211,E,F,219.47,5.032222222222222,-42.1766,59.0338,36
19802,1,2022-05-02,06:38:02,13,MTP053,STP211,I,F,219.55,14.22888888888889,71.0285,149.0766,36
19802,2,2022-05-02,07:17:10,09,MTP053,STP211,E,F,219.57,5.019166666666667,-42.7872,1.4086,36
19805,1,2022-05-02,12:31:49,05,MTP053,STP211,I,F,219.7,14.212499999999999,71.1488,62.7681,36
19805,2,2022-05-02,13:11:00,04,MTP053,STP211,E,F,219.72,4.9783333333333335,-43.5131,-85.2765,36
19807,1,2022-05-02,16:27:37,11,MTP053,STP211,I,F,219.81,14.243333333333332,71.0149,5.8741,36
19807,2,2022-05-02,17:06:55,12,MTP053,STP211,E,F,219.82,4.96,-43.9382,-142.9378,36
19811,1,2022-05-03,00:19:22,09,MTP053,STP211,I,F,220.01,14.227222222222222,70.984,-109.122,36
19813,1,2022-05-03,04:15:10,07,MTP053,STP211,I,F,220.11,14.246666666666666,70.8843,-166.1895,36
19815,1,2022-05-03,08:11:04,04,MTP053,STP211,I,F,220.21,14.254166666666666,70.8217,136.5362,36
19819,1,2022-05-03,16:42:31,05,MTP053,STP211,E,F,220.43,4.826388888888888,-46.8795,-129.2904,36
19824,1,2022-05-04,02:32:19,12,MTP053,STP211,E,F,220.69,4.766388888888889,-48.0874,86.3368,36
19826,1,2022-05-04,06:28:16,11,MTP053,STP211,E,F,220.79,4.746666666666667,-48.4563,28.6469,36
19829,1,2022-05-04,11:41:51,09,MTP053,STP211,I,F,220.92,14.304444444444446,70.2494,95.7328,36
19831,1,2022-05-04,15:37:38,13,MTP053,STP211,I,F,221.02,14.308333333333334,70.1966,38.4383,36
19835,1,2022-05-05,00:10:00,07,MTP053,STP211,E,F,221.24,4.630555555555556,-50.5649,128.6352,36
19837,1,2022-05-05,04:05:48,09,MTP053,STP211,E,F,221.35,4.608333333333333,-50.9329,70.9428,36
19840,1,2022-05-05,09:19:02,05,MTP053,STP211,I,F,221.48,14.338055555555556,70.0507,140.6964,36
19842,1,2022-05-05,13:14:50,04,MTP053,STP211,I,F,221.58,14.333055555555555,70.0282,83.2621,36
19844,1,2022-05-05,17:10:37,11,MTP053,STP211,I,F,221.68,14.355277777777777,69.9132,26.2408,36
19847,1,2022-05-05,23:45:25,12,MTP053,STP211,E,F,221.85,4.478611111111111,-52.9745,142.0542,36
19849,1,2022-05-06,03:41:13,09,MTP053,STP211,E,F,221.96,4.452222222222223,-53.3596,84.2995,36
19851,1,2022-05-06,07:37:10,07,MTP053,STP211,E,F,222.06,4.428888888888889,-53.6838,26.5577,36
19855,1,2022-05-06,14:47:44,09,MTP053,STP211,I,F,222.24,14.3725,69.5018,70.975,36
19858,1,2022-05-06,20:41:31,13,MTP053,STP211,I,F,222.4,14.401944444444444,69.3382,-14.6445,36
19861,1,2022-05-07,03:16:38,04,MTP053,STP211,E,F,222.57,4.281944444444444,-55.6556,97.4434,36
19863,1,2022-05-07,07:12:31,05,MTP053,STP211,E,F,222.67,4.2572222222222225,-55.9494,39.6966,36
19869,1,2022-05-07,18:18:36,05,MTP053,STP212,I,F,222.96,14.431111111111111,69.1491,30.2816,36
19871,1,2022-05-07,22:14:31,04,MTP053,STP212,I,F,223.06,14.439722222222223,69.0781,-26.9768,36
19873,1,2022-05-08,02:10:21,11,MTP053,STP212,I,F,223.16,14.427777777777777,69.0832,-84.5219,36
19876,1,2022-05-08,08:45:47,12,MTP053,STP212,E,F,223.33,4.0575,-58.1969,23.7347,36
19878,1,2022-05-08,12:41:41,09,MTP053,STP212,E,F,223.43,4.021944444444444,-58.5642,-34.1798,36
19881,1,2022-05-08,18:35:26,07,MTP053,STP212,E,F,223.59,3.9747222222222223,-59.0267,-120.9359,36
19885,1,2022-05-09,01:45:22,09,MTP053,STP212,I,F,223.77,14.465277777777777,68.5706,-68.1553,36
19887,1,2022-05-09,05:41:07,13,MTP053,STP212,I,F,223.87,14.478333333333333,68.4806,-125.3053,36
19890,1,2022-05-09,12:16:55,05,MTP053,STP212,E,F,224.05,3.8166666666666664,-60.4723,-21.5095,36
19893,1,2022-05-09,18:10:40,04,MTP053,STP212,E,F,224.2,3.763333333333333,-60.9192,-108.3548,36
19896,1,2022-05-09,23:22:31,11,MTP053,STP212,I,F,224.33,14.5175,68.2868,-22.8985,36
19898,1,2022-05-10,03:18:19,12,MTP053,STP212,I,F,224.44,14.51,68.2785,-80.3721,36
19900,1,2022-05-10,07:14:08,09,MTP053,STP212,I,F,224.54,14.529444444444445,68.1607,-137.436,36
19903,1,2022-05-10,13:50:03,07,MTP053,STP212,E,F,224.71,3.5688888888888886,-62.4132,-38.1516,36
19905,1,2022-05-10,17:45:51,05,MTP053,STP212,E,F,224.81,3.531388888888889,-62.6762,-96.075,36
19907,1,2022-05-10,21:41:44,04,MTP053,STP212,E,F,224.91,3.493611111111111,-62.9304,-154.0164,36
19910,1,2022-05-11,02:53:21,09,MTP053,STP212,I,F,225.05,14.545277777777777,67.7643,-64.0404,36
19912,1,2022-05-11,06:49:06,13,MTP053,STP212,I,F,225.15,14.562777777777779,67.6526,-121.121,36
19915,1,2022-05-11,13:25:15,11,MTP053,STP212,E,F,225.32,3.3191666666666664,-64.0427,-26.1344,36
19917,1,2022-05-11,17:21:03,12,MTP053,STP212,E,F,225.42,3.2736111111111112,-64.3111,-84.1776,36
19920,1,2022-05-11,22:32:35,09,MTP053,STP212,I,F,225.56,14.602777777777778,67.4651,9.9839,36
19923,1,2022-05-12,04:26:21,07,MTP053,STP212,I,F,225.71,14.594444444444445,67.4433,-76.196,36
19925,1,2022-05-12,08:22:09,05,MTP053,STP212,I,F,225.81,14.615555555555556,67.3133,-133.2355,36
19929,1,2022-05-12,16:56:11,04,MTP053,STP212,E,F,226.04,2.991388888888889,-65.7912,-72.6337,36
19932,1,2022-05-12,22:49:56,11,MTP053,STP212,E,F,226.19,2.9255555555555555,-66.0885,-159.6666,36
19934,1,2022-05-13,02:45:53,12,MTP053,STP212,E,F,226.29,2.867777777777778,-66.3512,142.0759,36
19937,1,2022-05-13,07:57:11,09,MTP053,STP212,I,F,226.43,14.648055555555555,66.7983,-116.9441,36
19939,1,2022-05-13,11:53:06,13,MTP053,STP212,I,F,226.53,14.658888888888889,66.7095,-174.1615,36
19942,1,2022-05-13,18:29:10,09,MTP053,STP212,E,F,226.7,2.6574999999999998,-67.2012,-90.5241,36
19944,1,2022-05-13,22:25:02,07,MTP053,STP212,E,F,226.81,2.608888888888889,-67.3771,-148.6263,36
19948,1,2022-05-14,05:34:24,05,MTP053,STP212,I,F,226.99,14.684722222222222,66.558,-71.926,36
19950,1,2022-05-14,09:30:14,04,MTP053,STP212,I,F,227.09,14.705277777777777,66.4233,-128.9815,36
19955,1,2022-05-14,20:02:09,09,MTP054,STP213,E,F,227.37,2.3027777777777776,-68.504,-108.7287,36
19957,1,2022-05-14,23:58:00,04,MTP054,STP213,E,F,227.47,2.2283333333333335,-68.5928,-167.2114,36
19960,1,2022-05-15,05:09:31,11,MTP054,STP213,I,F,227.61,14.731111111111112,66.1084,-55.4429,36
19962,1,2022-05-15,09:05:18,12,MTP054,STP213,I,F,227.71,14.750277777777777,65.9776,-112.5085,36
19964,1,2022-05-15,13:01:13,09,MTP054,STP213,I,F,227.81,14.760833333333334,65.8876,-169.7343,36
19967,1,2022-05-15,19:37:09,07,MTP054,STP213,E,F,227.98,1.903611111111111,-69.397,-98.8976,36
19971,1,2022-05-16,03:28:52,05,MTP054,STP213,E,F,228.19,1.7674999999999998,-69.6774,144.3197,36
19973,1,2022-05-16,07:24:38,11,MTP054,STP213,E,F,228.29,1.6975,-69.81,85.9267,36
19976,1,2022-05-16,12:36:18,04,MTP054,STP213,I,F,228.43,14.809722222222224,65.4122,-153.203,36
19978,1,2022-05-16,16:32:07,09,MTP054,STP213,I,F,228.53,14.796944444444444,65.2968,149.2491,36
19982,1,2022-05-17,01:05:53,13,MTP054,STP213,E,F,228.75,1.4002777777777777,-70.3947,-176.6668,36
19984,1,2022-05-17,05:01:45,09,MTP054,STP213,E,F,228.86,1.3086111111111112,-70.4056,124.5875,36
19987,1,2022-05-17,10:13:25,12,MTP054,STP213,I,F,228.99,14.854166666666666,64.9708,-108.043,36
19989,1,2022-05-17,14:09:21,05,MTP054,STP213,I,F,229.09,14.864444444444445,64.8767,-165.2697,36
19991,1,2022-05-17,18:05:09,07,MTP054,STP213,I,F,229.2,14.859444444444444,64.8665,137.2972,36
19996,1,2022-05-18,04:36:38,04,MTP054,STP213,E,F,229.47,0.8505555555555555,-70.8429,133.5647,36
19999,1,2022-05-18,10:30:15,11,MTP054,STP213,E,F,229.63,0.7422222222222221,-70.9035,45.9283,36
20001,1,2022-05-18,14:26:09,12,MTP054,STP213,E,F,229.73,0.6625,-70.9416,-12.6449,36
20004,1,2022-05-18,19:38:09,09,MTP054,STP213,I,F,229.86,14.916666666666666,64.3074,125.2755,36
20006,1,2022-05-18,23:33:58,13,MTP054,STP213,I,F,229.97,14.926944444444445,64.0657,68.072,36
20009,1,2022-05-19,06:09:26,09,MTP054,STP213,E,F,230.14,0.34305555555555556,-71.1287,113.1245,36
20011,1,2022-05-19,10:05:07,07,MTP054,STP213,E,F,230.24,0.2586111111111111,-71.0179,54.5288,36
20014,1,2022-05-19,15:17:31,05,MTP054,STP213,I,F,230.38,14.981111111111112,63.7481,-160.6201,36
20016,1,2022-05-19,19:13:18,11,MTP054,STP213,I,F,230.48,14.974444444444444,63.7498,141.9294,36
20018,1,2022-05-19,23:09:09,04,MTP054,STP213,I,F,230.58,14.997499999999999,63.5747,84.9121,36
20021,1,2022-05-20,05:44:14,09,MTP054,STP213,E,F,230.76,23.841388888888886,-70.8954,121.4736,36
20025,1,2022-05-20,13:35:46,12,MTP054,STP213,E,F,230.96,23.685833333333335,-70.7929,4.4485,36
20027,1,2022-05-20,17:31:37,05,MTP054,STP213,E,F,231.06,23.58611111111111,-70.719,-54.4163,36
20031,1,2022-05-21,00:42:12,09,MTP054,STP213,I,F,231.25,15.051111111111112,62.8558,72.8255,36
20031,2,2022-05-21,01:23:11,13,MTP054,STP213,E,F,231.27,23.44361111111111,-70.6868,-171.2554,36
20033,1,2022-05-21,04:38:12,07,MTP054,STP213,I,F,231.36,15.074444444444444,62.8212,15.7771,36
20037,1,2022-05-21,12:29:51,04,MTP054,STP213,I,F,231.56,15.098333333333334,62.5927,-98.5831,36
20041,1,2022-05-21,20:21:35,04,MTP054,STP214,I,F,231.77,15.109166666666667,62.4491,146.8354,36
20041,2,2022-05-21,21:02:09,11,MTP054,STP214,E,F,231.79,23.022222222222222,-70.0197,-104.3338,36
20045,1,2022-05-22,04:13:24,12,MTP054,STP214,I,F,231.97,15.149444444444445,62.1067,32.6827,36
20047,1,2022-05-22,08:09:11,13,MTP054,STP214,I,F,232.08,15.131944444444445,62.0338,-24.9306,36
20047,2,2022-05-22,08:49:34,09,MTP054,STP214,E,F,232.09,22.796666666666667,-69.7249,80.2169,36
20051,1,2022-05-22,16:01:00,09,MTP054,STP214,I,F,232.28,15.188333333333334,61.7301,-138.8459,36
20051,2,2022-05-22,16:41:07,07,MTP054,STP214,E,F,232.3,22.63222222222222,-69.2664,-36.943,36
20054,1,2022-05-22,21:54:43,05,MTP054,STP214,I,F,232.44,15.187777777777779,61.679,135.1107,36
20054,2,2022-05-22,22:34:44,11,MTP054,STP214,E,F,232.45,22.515833333333333,-68.9937,-124.7014,36
20057,1,2022-05-23,03:48:37,04,MTP054,STP214,I,F,232.59,15.223611111111111,61.3718,49.572,36
20059,1,2022-05-23,07:44:30,09,MTP054,STP214,I,F,232.69,15.225,61.3241,-7.7791,36
20059,2,2022-05-23,08:24:14,12,MTP054,STP214,E,F,232.71,22.322777777777777,-68.4885,89.0197,36
20063,1,2022-05-23,15:36:11,09,MTP054,STP214,I,F,232.9,15.247777777777777,60.929,-122.1643,36
20063,2,2022-05-23,16:15:50,13,MTP054,STP214,E,F,232.92,22.192777777777778,-68.2215,-27.6331,36
20065,1,2022-05-23,19:32:05,05,MTP054,STP214,I,F,233.0,15.264166666666666,60.9307,-179.2983,36
20065,2,2022-05-23,20:11:32,07,MTP054,STP214,E,F,233.02,22.092777777777776,-67.7926,-86.4633,36
20069,1,2022-05-24,03:23:49,04,MTP054,STP214,I,F,233.21,15.301944444444445,60.5748,66.5303,36
20069,2,2022-05-24,04:03:02,11,MTP054,STP214,E,F,233.23,21.96222222222222,-67.3387,156.8931,36
20071,1,2022-05-24,07:19:43,12,MTP054,STP214,I,F,233.31,15.304166666666667,60.5206,9.1866,36
20071,2,2022-05-24,07:58:52,09,MTP054,STP214,E,F,233.33,21.893333333333334,-67.0851,98.5013,36
20074,1,2022-05-24,13:13:27,07,MTP054,STP214,I,F,233.47,15.330833333333333,60.2609,-76.4502,36
20074,2,2022-05-24,13:52:24,05,MTP054,STP214,E,F,233.49,21.78888888888889,-66.6796,10.9467,36
20076,1,2022-05-24,17:09:23,13,MTP054,STP214,I,F,233.57,15.335277777777778,60.0304,-133.7698,36
20076,2,2022-05-24,17:48:18,09,MTP054,STP214,E,F,233.59,21.725277777777777,-66.5468,-47.3864,36
20078,1,2022-05-24,21:05:15,11,MTP054,STP214,I,F,233.67,15.35,60.0381,169.0825,36
20078,2,2022-05-24,21:43:59,04,MTP054,STP214,E,F,233.69,21.641666666666666,-66.0648,-105.9601,36
20081,1,2022-05-25,02:59:05,09,MTP054,STP214,I,F,233.83,15.385833333333332,59.699,83.561,36
20081,2,2022-05-25,03:37:35,12,MTP054,STP214,E,F,233.85,21.546111111111113,-65.6265,166.6,36
20083,1,2022-05-25,06:55:02,05,MTP054,STP214,I,F,233.93,15.397222222222222,59.5711,26.3401,36
20083,2,2022-05-25,07:33:25,07,MTP054,STP214,E,F,233.95,21.48638888888889,-65.3378,108.3437,36
20085,1,2022-05-25,10:50:48,04,MTP054,STP214,I,F,234.04,15.398888888888889,59.5193,-30.9773,36
20085,2,2022-05-25,11:29:04,11,MTP054,STP214,E,F,234.05,21.416944444444447,-64.9919,49.984,36
20088,1,2022-05-25,16:44:40,09,MTP054,STP214,I,F,234.19,15.425277777777778,59.0851,-116.6515,36
20088,2,2022-05-25,17:22:48,13,MTP054,STP214,E,F,234.21,21.331944444444446,-64.679,-37.3267,36
20091,1,2022-05-25,22:38:27,12,MTP054,STP214,I,F,234.35,15.446666666666667,59.0143,157.6194,36
20091,2,2022-05-25,23:16:19,09,MTP054,STP214,E,F,234.36,21.227777777777778,-63.9632,-124.874,36
20095,1,2022-05-26,06:30:18,07,MTP054,STP214,I,F,234.55,15.489166666666666,58.5793,43.4877,36
20097,1,2022-05-26,11:03:32,05,MTP054,STP214,E,F,234.67,21.04527777777778,-62.8432,60.3751,36
20100,1,2022-05-26,16:20:03,11,MTP054,STP214,I,F,234.81,15.543055555555556,58.01,-99.1423,36
20100,2,2022-05-26,16:57:08,04,MTP054,STP214,E,F,234.83,20.95611111111111,-62.2458,-26.9678,36
20102,1,2022-05-26,20:15:54,13,MTP054,STP214,I,F,234.91,15.53138888888889,57.9104,-156.6818,36
20102,2,2022-05-26,20:52:56,09,MTP054,STP214,E,F,234.93,20.889722222222222,-61.9346,-85.3123,36
20104,1,2022-05-27,00:11:45,09,MTP054,STP214,I,F,235.02,15.559444444444445,57.7872,146.3733,36
20104,2,2022-05-27,00:48:34,12,MTP054,STP214,E,F,235.03,20.842777777777776,-61.4339,-143.329,36
20107,1,2022-05-27,06:05:42,05,MTP054,STP214,I,F,235.17,15.600277777777777,57.3527,60.8977,36
20109,1,2022-05-27,10:37:54,07,MTP054,STP214,E,F,235.29,20.697222222222223,-60.2994,71.1445,36
20111,1,2022-05-27,13:57:24,04,MTP054,STP214,I,F,235.38,15.627777777777778,57.0174,-53.4159,36
20111,2,2022-05-27,14:33:32,11,MTP054,STP214,E,F,235.39,20.64611111111111,-59.8721,13.0683,36
20115,1,2022-05-27,21:49:14,09,MTP054,STP214,I,F,235.58,15.645277777777777,56.6044,-167.9165,36
20115,2,2022-05-27,22:25:03,13,MTP054,STP214,E,F,235.6,20.52583333333333,-58.9826,-103.4195,36
20117,1,2022-05-28,01:45:07,12,MTP054,STP214,I,F,235.69,15.682222222222222,56.375,135.2656,36
20117,2,2022-05-28,02:20:41,09,MTP054,STP214,E,F,235.7,20.483055555555556,-58.4123,-161.3733,36
20121,1,2022-05-28,09:37:03,07,MTP054,STP214,I,F,235.89,15.7225,55.8928,21.0847,36
20121,2,2022-05-28,10:12:10,05,MTP054,STP214,E,F,235.91,20.375833333333333,-57.3619,82.3446,36
20127,1,2022-05-28,21:24:49,04,MTP054,STP215,I,F,236.21,15.790277777777778,55.0651,-150.0421,36
20127,2,2022-05-28,21:59:12,11,MTP054,STP215,E,F,236.22,20.213055555555556,-55.616,-92.0645,36
20130,1,2022-05-29,03:18:38,12,MTP054,STP215,I,F,236.36,15.826944444444445,54.6075,124.4506,36
20130,2,2022-05-29,03:52:39,09,MTP054,STP215,E,F,236.38,20.142777777777777,-54.7905,-179.087,36
20133,1,2022-05-29,09:12:34,13,MTP054,STP215,I,F,236.52,15.836111111111112,54.2702,38.5069,36
20133,2,2022-05-29,09:46:20,09,MTP054,STP215,E,F,236.53,20.073888888888888,-54.1277,93.8599,36
20136,1,2022-05-29,15:06:25,07,MTP054,STP215,I,F,236.67,15.889166666666666,53.7903,-46.7628,36
20139,1,2022-05-29,21:00:27,05,MTP054,STP215,I,F,236.83,15.931388888888888,53.2348,-132.238,36
20139,2,2022-05-29,21:33:15,11,MTP054,STP215,E,F,236.84,19.92027777777778,-51.9122,-80.3833,36
20141,1,2022-05-30,00:56:19,04,MTP054,STP215,I,F,236.93,15.946111111111112,53.0202,170.6171,36
20141,2,2022-05-30,01:28:50,09,MTP054,STP215,E,F,236.94,19.8725,-51.2325,-138.3979,36
20144,1,2022-05-30,06:50:18,12,MTP054,STP215,I,F,237.08,15.991944444444444,52.3998,85.2068,36
20144,2,2022-05-30,07:22:20,05,MTP054,STP215,E,F,237.1,19.80027777777778,-50.163,134.5406,36
20149,1,2022-05-30,16:40:06,09,MTP054,STP215,I,F,237.34,16.034722222222225,51.5733,-57.601,36
20149,2,2022-05-30,17:11:27,13,MTP054,STP215,E,F,237.36,19.689166666666665,-48.6033,-10.4131,36
20151,1,2022-05-30,20:36:13,07,MTP054,STP215,I,F,237.45,16.085833333333333,51.0506,-114.2624,36
20151,2,2022-05-30,21:07:03,04,MTP054,STP215,E,F,237.46,19.63361111111111,-47.4714,-68.5493,36
20155,1,2022-05-31,04:28:04,11,MTP054,STP215,I,F,237.65,16.136388888888888,50.2869,131.7313,36
20155,2,2022-05-31,04:58:11,12,MTP054,STP215,E,F,237.67,19.5425,-45.8591,175.4968,36
20157,1,2022-05-31,08:24:07,09,MTP054,STP215,I,F,237.76,16.163888888888888,49.8621,74.7303,36
20162,1,2022-05-31,18:14:08,07,MTP054,STP215,I,F,238.02,16.248333333333335,48.532,-67.5047,36
20162,2,2022-05-31,18:42:46,05,MTP054,STP215,E,F,238.03,19.38111111111111,-42.7354,-27.4806,36
20164,1,2022-05-31,22:10:05,13,MTP054,STP215,I,F,238.12,16.250833333333333,48.2521,-124.8512,36
20164,2,2022-05-31,22:38:27,09,MTP054,STP215,E,F,238.13,19.33361111111111,-41.9776,-85.5159,36
20167,1,2022-06-01,04:04:06,11,MTP054,STP215,I,F,238.28,16.31972222222222,47.3275,150.076,36
20167,2,2022-06-01,04:31:38,04,MTP054,STP215,E,F,238.29,19.263055555555557,-40.2223,-172.4708,36
20174,1,2022-06-01,17:50:18,09,MTP054,STP215,I,F,238.64,16.445555555555554,45.0979,-48.9832,36
20174,2,2022-06-01,18:15:58,12,MTP054,STP215,E,F,238.65,19.1,-36.4002,-15.4107,36
20176,1,2022-06-01,21:46:24,05,MTP054,STP215,I,F,238.74,16.47722222222222,44.5028,-105.9316,36
20176,2,2022-06-01,22:11:28,07,MTP054,STP215,E,F,238.75,19.044722222222223,-35.0198,-73.5152,36
20178,1,2022-06-02,01:42:23,04,MTP054,STP215,I,F,238.85,16.50611111111111,43.9428,-162.8917,36
20178,2,2022-06-02,02:06:54,11,MTP054,STP215,E,F,238.86,19.00027777777778,-33.8593,-131.4458,36
20181,1,2022-06-02,07:36:28,09,MTP054,STP215,I,F,239.0,16.55,42.8531,111.6476,36
20181,2,2022-06-02,08:00:11,13,MTP054,STP215,E,F,239.01,18.929722222222225,-32.214,141.5709,36
20185,1,2022-06-02,15:28:42,12,MTP054,STP215,I,F,239.21,16.644166666666667,41.1663,-1.7962,36
20185,2,2022-06-02,15:50:54,09,MTP054,STP215,E,F,239.22,18.830277777777777,-29.1393,25.5939,36
20188,1,2022-06-02,21:23:09,07,MTP054,STP215,I,F,239.36,16.731944444444444,39.2866,-86.691,36
20188,2,2022-06-02,21:43:58,05,MTP054,STP215,E,F,239.37,18.740277777777777,-26.4614,-61.6239,36
20190,1,2022-06-03,01:19:15,11,MTP054,STP215,I,F,239.47,16.766111111111112,38.5102,-143.5985,36
20190,2,2022-06-03,01:39:19,04,MTP054,STP215,E,F,239.48,18.691111111111113,-24.9311,-119.6063,36
20193,1,2022-06-03,07:13:38,09,MTP054,STP215,I,F,239.62,16.853055555555557,36.4837,131.5153,36
20193,2,2022-06-03,07:32:09,12,MTP054,STP215,E,F,239.63,18.597777777777775,-21.9434,153.1833,36
20257,1,2022-06-08,12:02:05,09,MTP054,STP216,C,F,242.92,4.946944444444445,-33.5069,-68.362,36
20281,1,2022-06-10,11:05:42,13,MTP054,STP216,C,F,244.16,3.9327777777777775,-51.0465,-50.3052,36
20344,1,2022-06-15,14:29:30,03,MTP055,STP217,C,F,247.42,19.331666666666667,-38.6461,-179.9709,36
20386,1,2022-06-19,00:56:03,04,MTP055,STP218,C,F,249.6,18.613055555555558,-20.221,46.246,36
20413,1,2022-06-21,06:48:59,12,MTP055,STP218,I,F,251.03,5.7122222222222225,-10.1173,146.484,36
20420,1,2022-06-21,20:31:53,09,MTP055,STP218,I,F,251.39,5.463333333333334,-18.2753,-57.3795,36
20420,2,2022-06-21,20:50:44,09,MTP055,STP218,E,F,251.4,7.465833333333333,39.8135,-31.9258,36
20422,1,2022-06-22,00:27:14,11,MTP055,STP218,I,F,251.49,5.409166666666667,-19.6318,-115.4263,36
20422,2,2022-06-22,00:46:45,12,MTP055,STP218,E,F,251.5,7.4975000000000005,40.5766,-88.8517,36
20426,1,2022-06-22,08:17:55,09,MTP055,STP218,I,F,251.7,5.2844444444444445,-23.2345,128.231,36
20426,2,2022-06-22,08:39:16,07,MTP055,STP218,E,F,251.71,7.621944444444445,42.6938,158.1018,36
20429,1,2022-06-22,14:10:57,05,MTP055,STP218,I,F,251.86,5.2075000000000005,-25.337,41.2199,36
20429,2,2022-06-22,14:33:22,04,MTP055,STP218,E,F,251.87,7.691944444444444,43.8001,73.0356,36
20432,1,2022-06-22,20:04:11,12,MTP055,STP218,I,F,252.01,5.128055555555555,-27.4292,-45.874,36
20432,2,2022-06-22,20:27:40,11,MTP055,STP218,E,F,252.02,7.7775,45.0901,-11.8502,36
20434,1,2022-06-22,23:59:26,13,MTP055,STP218,I,F,252.12,5.073055555555555,-29.069,-103.9164,36
20434,2,2022-06-23,00:23:49,13,MTP055,STP218,E,F,252.13,7.858055555555556,46.0629,-68.069,36
20436,1,2022-06-23,03:55:02,07,MTP055,STP218,I,F,252.22,5.026666666666666,-29.9708,-161.9084,36
20436,2,2022-06-23,04:19:44,09,MTP055,STP218,E,F,252.23,7.861666666666666,46.2828,-125.3891,36
20441,1,2022-06-23,13:43:41,04,MTP055,STP218,I,F,252.48,4.894166666666666,-33.0689,52.9476,36
20441,2,2022-06-23,14:09:54,05,MTP055,STP218,E,F,252.49,7.981944444444444,47.8752,92.8883,36
20443,1,2022-06-23,17:39:19,11,MTP055,STP218,I,F,252.58,4.848055555555555,-34.0875,-5.0485,36
20443,2,2022-06-23,18:06:01,12,MTP055,STP218,E,F,252.59,8.020000000000001,48.3496,36.0387,36
20445,1,2022-06-23,21:34:50,09,MTP055,STP218,I,F,252.69,4.797777777777777,-35.171,-63.0825,36
20445,2,2022-06-23,22:02:06,07,MTP055,STP218,E,F,252.7,8.07638888888889,49.0376,-20.5346,36
20451,1,2022-06-24,09:21:25,09,MTP055,STP218,I,F,253.0,4.645555555555555,-38.4518,122.7958,36
20451,2,2022-06-24,09:50:17,09,MTP055,STP218,E,F,253.01,8.22888888888889,50.6015,169.526,36
20454,1,2022-06-24,15:44:05,05,MTP055,STP218,E,F,253.17,8.245277777777776,50.9252,83.7253,36
20457,1,2022-06-24,21:08:17,04,MTP055,STP218,I,F,253.31,4.506111111111111,-40.7928,-51.2047,36
20457,2,2022-06-24,21:38:11,12,MTP055,STP218,E,F,253.32,8.309444444444445,51.5926,-1.4282,36
20460,1,2022-06-25,03:01:36,11,MTP055,STP218,I,F,253.47,4.433888888888889,-42.0247,-138.2104,36
20460,2,2022-06-25,03:32:01,07,MTP055,STP218,E,F,253.48,8.3475,51.9657,-86.906,36
20463,1,2022-06-25,08:55:06,09,MTP055,STP218,I,F,253.62,4.355277777777777,-43.3068,134.6382,36
20463,2,2022-06-25,09:26:08,04,MTP055,STP218,E,F,253.64,8.41638888888889,52.6371,-171.9912,36
20469,1,2022-06-25,20:41:56,13,MTP055,STP219,I,F,253.93,4.210833333333333,-45.6756,-39.4261,36
20469,2,2022-06-25,21:14:05,13,MTP055,STP219,E,F,253.95,8.53277777777778,53.5351,17.5828,36
20471,1,2022-06-26,00:37:36,11,MTP055,STP219,I,F,254.04,4.168333333333334,-46.0856,-97.3802,36
20471,2,2022-06-26,01:09:54,12,MTP055,STP219,E,F,254.05,8.542222222222222,53.7651,-39.6247,36
20475,1,2022-06-26,09:01:52,09,MTP055,STP219,E,F,254.26,8.6,54.2486,-153.541,36
20478,1,2022-06-26,14:22:21,07,MTP055,STP219,I,F,254.4,3.9869444444444446,-48.4746,59.3268,36
20478,2,2022-06-26,14:55:41,05,MTP055,STP219,E,F,254.42,8.64111111111111,54.5821,121.031,36
20481,1,2022-06-26,20:16:00,04,MTP055,STP219,I,F,254.56,3.9169444444444443,-49.3214,-27.7284,36
20481,2,2022-06-26,20:49:42,12,MTP055,STP219,E,F,254.57,8.682222222222222,54.9073,35.5548,36
20484,1,2022-06-27,02:09:22,09,MTP055,STP219,I,F,254.71,3.843611111111111,-50.3405,-114.7654,36
20484,2,2022-06-27,02:43:36,09,MTP055,STP219,E,F,254.73,8.756388888888889,55.3359,-49.4026,36
20487,1,2022-06-27,08:37:28,11,MTP055,STP219,E,F,254.88,8.763333333333334,55.5195,-135.3564,36
20492,1,2022-06-27,17:52:14,07,MTP055,STP219,I,F,255.13,3.6377777777777776,-52.3389,12.8454,36
20492,2,2022-06-27,18:27:15,09,MTP055,STP219,E,F,255.14,8.82611111111111,55.9715,82.1554,36
20494,1,2022-06-27,21:47:57,04,MTP055,STP219,I,F,255.23,3.578333333333333,-52.9144,-45.3689,36
20494,2,2022-06-27,22:23:14,05,MTP055,STP219,E,F,255.25,8.857777777777777,56.1948,25.2387,36
20498,1,2022-06-28,05:39:18,11,MTP055,STP219,I,F,255.44,3.4775,-53.8403,-161.517,36
20498,2,2022-06-28,06:14:57,12,MTP055,STP219,E,F,255.45,8.889722222222222,56.4015,-89.0,36
20500,1,2022-06-28,10:11:02,13,MTP055,STP219,E,F,255.56,8.952222222222222,56.6915,-145.4771,36
20502,1,2022-06-28,13:30:45,09,MTP055,STP219,I,F,255.65,3.366388888888889,-54.7922,82.1666,36
20506,1,2022-06-28,21:22:15,07,MTP055,STP219,I,F,255.85,3.2594444444444446,-55.6471,-34.1086,36
20506,2,2022-06-28,21:58:43,05,MTP055,STP219,E,F,255.87,8.99472222222222,57.0893,43.0557,36
20508,1,2022-06-29,01:17:55,04,MTP055,STP219,I,F,255.96,3.2036111111111114,-56.0696,-92.2549,36
20508,2,2022-06-29,01:54:35,12,MTP055,STP219,E,F,255.97,9.028055555555556,57.3017,-13.8077,36
20510,1,2022-06-29,05:13:35,11,MTP055,STP219,I,F,256.06,3.147222222222222,-56.4827,-150.4167,36
20510,2,2022-06-29,05:50:24,07,MTP055,STP219,E,F,256.08,9.028611111111111,57.2912,-71.1478,36
20514,1,2022-06-29,13:05:04,13,MTP055,STP219,I,F,256.27,3.0349999999999997,-57.4055,93.2396,36
20516,1,2022-06-29,17:00:47,09,MTP055,STP219,I,F,256.37,2.973055555555556,-57.6666,34.9882,36
20516,2,2022-06-29,17:38:06,04,MTP055,STP219,E,F,256.39,9.092777777777778,57.6748,117.709,36
20519,1,2022-06-29,22:54:29,05,MTP055,STP219,I,F,256.53,2.8875,-58.2016,-52.3138,36
20519,2,2022-06-29,23:32:02,11,MTP055,STP219,E,F,256.55,9.125555555555556,57.8634,32.1244,36
20521,1,2022-06-30,02:50:11,12,MTP055,STP219,I,F,256.63,2.838888888888889,-58.4906,-110.3621,36
20521,2,2022-06-30,03:27:52,09,MTP055,STP219,E,F,256.65,9.149444444444445,58.001,-24.8685,36
20524,1,2022-06-30,09:21:44,07,MTP055,STP219,E,F,256.81,9.166111111111112,58.0842,-110.6784,36
20526,1,2022-06-30,12:39:32,09,MTP055,STP219,I,F,256.89,2.676388888888889,-59.542,103.871,36
20526,2,2022-06-30,13:17:41,09,MTP055,STP219,E,F,256.91,9.216944444444444,58.2421,-167.2998,36
20529,1,2022-06-30,18:33:09,05,MTP055,STP219,I,F,257.05,2.5900000000000003,-59.8511,16.5759,36
20529,2,2022-06-30,19:11:24,04,MTP055,STP219,E,F,257.07,9.2075,58.3045,106.5361,36
20532,1,2022-07-01,00:26:50,12,MTP055,STP219,I,F,257.2,2.498888888888889,-60.2961,-70.8036,36
20532,2,2022-07-01,01:05:19,11,MTP055,STP219,E,F,257.22,9.249722222222221,58.5366,21.0991,36
20534,1,2022-07-01,04:22:32,07,MTP055,STP219,I,F,257.31,2.445555555555556,-60.5431,-128.9236,36
20534,2,2022-07-01,05:01:07,09,MTP055,STP219,E,F,257.33,9.2575,58.5692,-36.1267,36
20536,1,2022-07-01,08:18:18,04,MTP055,STP219,I,F,257.41,2.368888888888889,-60.8876,172.5913,36
20536,2,2022-07-01,08:57:01,05,MTP055,STP219,E,F,257.43,9.263055555555555,58.5904,-93.4092,36
20539,1,2022-07-01,14:11:56,13,MTP055,STP219,I,F,257.57,2.2808333333333333,-61.3874,85.2708,36
20539,2,2022-07-01,14:50:55,13,MTP055,STP219,E,F,257.59,9.325,58.7883,-178.55,36
20542,1,2022-07-01,20:05:39,11,MTP055,STP219,I,F,257.72,2.187222222222222,-61.6313,-2.1569,36
20542,2,2022-07-01,20:44:43,12,MTP055,STP219,E,F,257.74,9.316111111111113,58.8567,95.2761,36
20545,1,2022-07-02,01:59:17,09,MTP055,STP219,I,F,257.88,2.0880555555555556,-62.0015,-89.6445,36
20545,2,2022-07-02,02:38:33,07,MTP055,STP219,E,F,257.9,9.3525,59.0414,9.7713,36
20548,1,2022-07-02,07:52:53,05,MTP055,STP219,I,F,258.04,1.9844444444444445,-62.3625,-177.1938,36
20548,2,2022-07-02,08:32:17,04,MTP055,STP219,E,F,258.05,9.352777777777778,59.0263,-76.2509,36
20553,1,2022-07-02,17:42:19,11,MTP055,STP220,I,F,258.29,1.8291666666666666,-62.8539,37.1283,36
20553,2,2022-07-02,18:21:58,12,MTP055,STP220,E,F,258.31,9.393888888888888,59.2214,140.9623,36
20556,1,2022-07-02,23:36:03,09,MTP055,STP220,I,F,258.45,1.7258333333333336,-63.2724,-50.4419,36
20556,2,2022-07-03,00:15:57,09,MTP055,STP220,E,F,258.47,9.439722222222223,59.3129,55.5613,36
20559,1,2022-07-03,05:29:41,09,MTP055,STP220,I,F,258.61,1.6369444444444443,-63.3883,-137.7777,36
20559,2,2022-07-03,06:09:37,07,MTP055,STP220,E,F,258.62,9.435555555555556,59.408,-30.5095,36
20562,1,2022-07-03,12:03:30,05,MTP055,STP220,E,F,258.78,9.452499999999999,59.4801,-116.3187,36
20565,1,2022-07-03,17:17:02,04,MTP055,STP220,I,F,258.92,1.4236111111111112,-63.8973,46.9972,36
20565,2,2022-07-03,17:57:14,12,MTP055,STP220,E,F,258.94,9.474722222222223,59.5779,157.9885,36
20567,1,2022-07-03,21:12:55,11,MTP055,STP220,I,F,259.02,1.355,-64.0416,-11.3936,36
20567,2,2022-07-03,21:53:11,07,MTP055,STP220,E,F,259.04,9.476944444444445,59.5787,100.6444,36
20571,1,2022-07-04,05:04:24,13,MTP055,STP220,I,F,259.23,1.222777777777778,-64.4107,-128.0391,36
20571,2,2022-07-04,05:44:55,13,MTP055,STP220,E,F,259.25,9.52638888888889,59.6743,-13.3366,36
20573,1,2022-07-04,09:00:13,09,MTP055,STP220,I,F,259.33,1.1375,-64.4446,173.3348,36
20573,2,2022-07-04,09:40:47,04,MTP055,STP220,E,F,259.35,9.513055555555555,59.7292,-70.8982,36
20577,1,2022-07-04,16:51:49,05,MTP055,STP220,I,F,259.54,1.011111111111111,-64.6388,56.7482,36
20577,2,2022-07-04,17:32:28,11,MTP055,STP220,E,F,259.56,9.543611111111112,59.8598,174.847,36
20579,1,2022-07-04,20:47:39,12,MTP055,STP220,I,F,259.64,0.9375,-64.7408,-1.7085,36
20579,2,2022-07-04,21:28:22,09,MTP055,STP220,E,F,259.66,9.540555555555555,59.835,117.4326,36
20583,1,2022-07-05,04:39:13,07,MTP055,STP220,I,F,259.85,0.8019444444444445,-64.9042,-118.4243,36
20583,2,2022-07-05,05:20:09,05,MTP055,STP220,E,F,259.87,9.579722222222221,60.0046,3.2872,36
20585,1,2022-07-05,08:34:58,13,MTP055,STP220,I,F,259.96,0.7219444444444445,-65.1009,-176.9579,36
20585,2,2022-07-05,09:16:01,09,MTP055,STP220,E,F,259.97,9.589166666666667,59.9089,-53.9343,36
20588,1,2022-07-05,15:09:53,04,MTP055,STP220,E,F,260.13,9.601111111111111,60.0825,-139.809,36
20592,1,2022-07-05,22:20:24,12,MTP055,STP220,I,F,260.32,0.4772222222222222,-65.1808,-21.3646,36
20594,1,2022-07-06,02:16:13,11,MTP055,STP220,I,F,260.42,0.40611111111111114,-65.2205,-79.7772,36
20596,1,2022-07-06,06:11:58,07,MTP055,STP220,I,F,260.53,0.35083333333333333,-65.2438,-137.9445,36
20599,1,2022-07-06,12:47:07,09,MTP055,STP220,E,F,260.7,9.636944444444444,60.2,-94.7493,36
20601,1,2022-07-06,16:42:57,04,MTP055,STP220,E,F,260.8,9.654444444444445,60.2722,-151.8373,36
20604,1,2022-07-06,21:55:15,05,MTP055,STP220,I,F,260.94,0.06194444444444445,-65.3012,-11.6762,36
20606,1,2022-07-07,01:51:05,11,MTP055,STP220,I,F,261.04,23.9875,-65.2963,-70.1445,36
20609,1,2022-07-07,08:26:24,09,MTP055,STP220,E,F,261.22,9.688333333333334,60.2615,-20.7679,36
20611,1,2022-07-07,12:22:18,09,MTP055,STP220,E,F,261.32,9.690277777777778,60.2617,-78.1091,36
20615,1,2022-07-07,20:13:55,12,MTP055,STP220,E,F,261.53,9.692777777777778,60.3864,167.2372,36
20618,1,2022-07-08,01:26:02,09,MTP055,STP220,I,F,261.67,23.580833333333334,-65.1209,-60.3471,36
20620,1,2022-07-08,05:21:46,07,MTP055,STP220,I,F,261.77,23.51638888888889,-65.07,-118.6408,36
20622,1,2022-07-08,09:17:33,05,MTP055,STP220,I,F,261.87,23.44638888888889,-65.0082,-177.0321,36
20626,1,2022-07-08,17:51:12,04,MTP055,STP220,E,F,262.1,9.733333333333333,60.5213,-147.6453,36
20628,1,2022-07-08,21:47:01,12,MTP055,STP220,E,F,262.2,9.725555555555555,60.4805,154.8916,36
20631,1,2022-07-09,02:58:52,11,MTP055,STP220,I,F,262.34,23.149444444444445,-64.6591,-79.5902,36
20633,1,2022-07-09,06:54:38,07,MTP055,STP220,I,F,262.44,23.095555555555553,-64.5795,-137.7349,36
20639,1,2022-07-09,19:24:18,09,MTP056,STP221,E,F,262.77,9.775555555555556,60.5284,-159.8484,36
20641,1,2022-07-09,23:20:08,12,MTP056,STP221,E,F,262.88,9.7525,60.5512,142.4546,36
20644,1,2022-07-10,04:31:46,09,MTP056,STP221,I,F,263.01,22.74361111111111,-63.9445,-98.4668,36
20646,1,2022-07-10,08:27:31,07,MTP056,STP221,I,F,263.12,22.686666666666667,-63.8207,-156.6506,36
20648,1,2022-07-10,12:23:24,05,MTP056,STP221,I,F,263.22,22.615000000000002,-63.6577,144.9095,36
20653,1,2022-07-10,22:55:16,04,MTP056,STP221,E,F,263.5,9.773055555555556,60.6008,158.6167,36
20655,1,2022-07-11,02:51:13,11,MTP056,STP221,E,F,263.6,9.778611111111111,60.6175,101.3148,36
20657,1,2022-07-11,06:47:01,09,MTP056,STP221,E,F,263.71,9.79111111111111,60.6647,44.1617,36
20660,1,2022-07-11,11:58:26,12,MTP056,STP221,I,F,263.84,22.266666666666666,-62.7135,155.5607,36
20662,1,2022-07-11,15:54:19,09,MTP056,STP221,I,F,263.95,22.208055555555553,-62.6504,97.3128,36
20665,1,2022-07-11,22:30:24,09,MTP056,STP221,E,F,264.12,9.799722222222222,60.55,174.8642,36
20667,1,2022-07-12,02:26:20,05,MTP056,STP221,E,F,264.22,9.787222222222223,60.6195,117.3021,36
20670,1,2022-07-12,07:37:42,07,MTP056,STP221,I,F,264.36,22.001944444444444,-61.8187,-135.1963,36
20672,1,2022-07-12,11:33:31,11,MTP056,STP221,I,F,264.46,21.941111111111113,-61.5899,166.542,36
20675,1,2022-07-12,17:27:24,04,MTP056,STP221,I,F,264.62,21.865555555555556,-61.2917,79.3442,36
20678,1,2022-07-13,00:03:30,12,MTP056,STP221,E,F,264.79,9.792777777777777,60.6147,161.9269,36
20680,1,2022-07-13,03:59:27,09,MTP056,STP221,E,F,264.9,9.796944444444444,60.6271,104.6084,36
20682,1,2022-07-13,07:55:15,07,MTP056,STP221,E,F,265.0,9.807500000000001,60.6666,47.4236,36
20685,1,2022-07-13,13:06:36,05,MTP056,STP221,I,F,265.14,21.608611111111113,-60.1628,148.7212,36
20689,1,2022-07-13,20:58:17,09,MTP056,STP221,I,F,265.34,21.515833333333333,-59.8386,32.6225,36
20694,1,2022-07-14,07:30:26,09,MTP056,STP221,E,F,265.62,9.815277777777778,60.5455,63.3778,36
20696,1,2022-07-14,11:26:13,04,MTP056,STP221,E,F,265.72,9.794722222222221,60.5822,5.729,36
20700,1,2022-07-14,18:35:40,11,MTP056,STP221,I,F,265.91,21.26222222222222,-58.317,73.3034,36
20702,1,2022-07-14,22:31:27,09,MTP056,STP221,I,F,266.02,21.21833333333333,-58.0536,15.3056,36
20705,1,2022-07-15,04:25:21,12,MTP056,STP221,I,F,266.17,21.147222222222222,-57.6127,-71.8249,36
20708,1,2022-07-15,11:01:21,05,MTP056,STP221,E,F,266.34,9.79138888888889,60.5462,21.5317,36
20710,1,2022-07-15,14:57:14,07,MTP056,STP221,E,F,266.45,9.783888888888889,60.511,-35.9453,36
20713,1,2022-07-15,20:51:01,11,MTP056,STP221,E,F,266.6,9.7925,60.5424,-121.8532,36
20716,1,2022-07-16,02:02:36,04,MTP056,STP221,I,F,266.74,20.91583333333333,-56.0305,-30.7781,36
20718,1,2022-07-16,05:58:29,09,MTP056,STP221,I,F,266.84,20.87027777777778,-55.8402,-88.8255,36
20724,1,2022-07-16,18:28:18,13,MTP056,STP222,E,F,267.17,9.777777777777779,60.3373,-77.5623,36
20726,1,2022-07-16,22:24:05,12,MTP056,STP222,E,F,267.27,9.773055555555556,60.4415,-134.9716,36
20729,1,2022-07-17,03:35:51,09,MTP056,STP222,I,F,267.41,20.657777777777778,-53.9811,-47.5226,36
20731,1,2022-07-17,07:31:44,07,MTP056,STP222,I,F,267.51,20.621944444444445,-53.67,-105.4242,36
20733,1,2022-07-17,11:27:32,05,MTP056,STP222,I,F,267.62,20.58722222222222,-53.3622,-163.2883,36
20738,1,2022-07-17,21:59:12,04,MTP056,STP222,E,F,267.89,9.7525,60.34,-119.4249,36
20740,1,2022-07-18,01:55:02,11,MTP056,STP222,E,F,268.0,9.737222222222222,60.271,-177.008,36
20742,1,2022-07-18,05:51:00,09,MTP056,STP222,E,F,268.1,9.730555555555556,60.2398,125.5045,36
20745,1,2022-07-18,11:02:54,12,MTP056,STP222,I,F,268.24,20.36888888888889,-51.2654,-150.7681,36
20750,1,2022-07-18,20:52:40,13,MTP056,STP222,I,F,268.49,20.278888888888886,-50.4805,64.4563,36
20753,1,2022-07-19,03:28:11,13,MTP056,STP222,E,F,268.67,9.70861111111111,60.007,169.7154,36
20755,1,2022-07-19,07:24:04,05,MTP056,STP222,E,F,268.77,9.70361111111111,60.1112,112.2728,36
20759,1,2022-07-19,14:34:12,07,MTP056,STP222,I,F,268.96,20.12666666666667,-48.5788,164.0171,36
20762,1,2022-07-19,20:28:08,11,MTP056,STP222,I,F,269.11,20.08111111111111,-48.0266,77.2597,36
20764,1,2022-07-20,00:23:56,04,MTP056,STP222,I,F,269.22,20.05138888888889,-47.6583,19.4699,36
20767,1,2022-07-20,06:59:14,12,MTP056,STP222,E,F,269.39,9.662222222222223,59.9199,127.4966,36
20769,1,2022-07-20,10:55:03,09,MTP056,STP222,E,F,269.49,9.665555555555557,59.9347,70.1991,36
20773,1,2022-07-20,18:46:49,07,MTP056,STP222,E,F,269.7,9.639722222222222,59.816,-44.9152,36
20776,1,2022-07-21,00:40:33,13,MTP056,STP222,E,F,269.85,9.643888888888888,59.7049,-130.8827,36
20779,1,2022-07-21,05:53:24,05,MTP056,STP222,I,F,269.99,19.81388888888889,-44.4541,-54.4127,36
20779,2,2022-07-21,06:34:25,04,MTP056,STP222,E,F,270.01,9.613055555555555,59.6908,142.5994,36
20782,1,2022-07-21,11:47:13,11,MTP056,STP222,I,F,270.14,19.771944444444443,-43.8375,-141.0904,36
20782,2,2022-07-21,12:28:09,09,MTP056,STP222,E,F,270.16,9.610277777777778,59.6768,56.5285,36
20785,1,2022-07-21,17:41:08,12,MTP056,STP222,I,F,270.3,19.723333333333333,-43.1011,132.1095,36
20785,2,2022-07-21,18:21:58,05,MTP056,STP222,E,F,270.32,9.593055555555557,59.5951,-29.7749,36
20788,1,2022-07-22,00:15:47,07,MTP056,STP222,E,F,270.47,9.585,59.5568,-115.9394,36
20791,1,2022-07-22,05:28:57,13,MTP056,STP222,I,F,270.61,19.631666666666668,-41.8476,-41.3972,36
20791,2,2022-07-22,06:09:39,13,MTP056,STP222,E,F,270.63,9.563055555555556,59.3213,157.6745,36
20793,1,2022-07-22,09:24:55,11,MTP056,STP222,I,F,270.71,19.608611111111113,-41.2749,-99.1303,36
20797,1,2022-07-22,17:16:44,04,MTP056,STP222,I,F,270.92,19.55027777777778,-40.2983,145.2556,36
20797,2,2022-07-22,17:57:11,12,MTP056,STP222,E,F,270.94,9.536944444444444,59.3257,-14.7826,36
20799,1,2022-07-22,21:12:43,09,MTP056,STP222,I,F,271.02,19.525,-39.8616,87.4837,36
20799,2,2022-07-22,21:53:07,07,MTP056,STP222,E,F,271.04,9.52638888888889,59.2749,-72.3163,36
20801,1,2022-07-23,01:48:53,05,MTP056,STP222,E,F,271.14,9.521944444444445,59.2528,-129.7231,36
20805,1,2022-07-23,09:00:29,13,MTP056,STP222,I,F,271.33,19.4375,-38.5081,-85.952,36
20805,2,2022-07-23,09:40:46,09,MTP056,STP222,E,F,271.35,9.498333333333333,59.0038,115.1624,36
20807,1,2022-07-23,16:52:22,12,MTP056,STP223,I,F,271.54,19.38361111111111,-37.3003,158.4787,36
20807,2,2022-07-23,17:32:24,09,MTP056,STP223,E,F,271.55,9.469166666666666,58.9892,0.0287,36
20812,1,2022-07-23,22:46:21,07,MTP056,STP223,I,F,271.69,19.346944444444443,-36.5992,71.8413,36
20812,2,2022-07-23,23:26:15,05,MTP056,STP223,E,F,271.71,9.460555555555555,58.9477,-86.1514,36
20815,1,2022-07-24,04:40:15,04,MTP056,STP223,I,F,271.84,19.30388888888889,-35.7569,-14.8672,36
20815,2,2022-07-24,05:20:01,11,MTP056,STP223,E,F,271.86,9.434722222222222,58.8146,-172.5724,36
20818,1,2022-07-24,10:34:13,09,MTP056,STP223,I,F,272.0,19.264444444444443,-34.9675,-101.5417,36
20822,1,2022-07-24,18:26:03,09,MTP056,STP223,I,F,272.2,19.20583333333333,-33.9768,142.8337,36
20822,2,2022-07-24,19:05:39,09,MTP056,STP223,E,F,272.22,9.391944444444444,58.4574,-14.002,36
20824,1,2022-07-24,22:22:05,12,MTP056,STP223,I,F,272.31,19.186666666666667,-33.3548,85.1424,36
20824,2,2022-07-24,23:01:30,05,MTP056,STP223,E,F,272.32,9.381944444444445,58.5395,-71.5118,36
20828,1,2022-07-25,06:13:59,07,MTP056,STP223,I,F,272.51,19.131944444444446,-32.1806,-30.4405,36
20828,2,2022-07-25,06:53:14,11,MTP056,STP223,E,F,272.53,9.344444444444445,58.3363,173.2015,36
20830,1,2022-07-25,10:09:59,04,MTP056,STP223,I,F,272.62,19.10638888888889,-31.6156,-88.2185,36
20830,2,2022-07-25,10:49:09,12,MTP056,STP223,E,F,272.63,9.340555555555556,58.3171,115.7707,36
20832,1,2022-07-25,14:05:52,09,MTP056,STP223,I,F,272.72,19.08222222222222,-31.0808,-145.9449,36
20832,2,2022-07-25,14:44:57,07,MTP056,STP223,E,F,272.74,9.323888888888888,58.2256,58.1742,36
20835,1,2022-07-25,20:38:51,13,MTP056,STP223,E,F,272.89,9.303611111111111,57.9767,-28.1973,36
20837,1,2022-07-25,23:55:52,05,MTP056,STP223,I,F,272.98,19.01972222222222,-29.6527,69.6368,36
20837,2,2022-07-26,00:34:42,04,MTP056,STP223,E,F,272.99,9.290555555555555,58.0415,-85.7482,36
20840,1,2022-07-26,05:49:46,11,MTP056,STP223,I,F,273.13,18.97972222222222,-28.7097,-17.0358,36
20840,2,2022-07-26,06:28:28,09,MTP056,STP223,E,F,273.15,9.265,57.8959,-172.1662,36
20842,1,2022-07-26,09:45:50,12,MTP056,STP223,I,F,273.23,18.9525,-28.0629,-74.8484,36
20842,2,2022-07-26,10:24:25,05,MTP056,STP223,E,F,273.25,9.252777777777778,57.8279,130.2701,36
20845,1,2022-07-26,15:39:42,07,MTP056,STP223,I,F,273.39,18.916666666666668,-27.1898,-161.4453,36
20845,2,2022-07-26,16:18:08,11,MTP056,STP223,E,F,273.4,9.230277777777777,57.6974,43.9087,36
20847,1,2022-07-26,19:35:40,13,MTP056,STP223,I,F,273.49,18.886944444444445,-26.6874,140.7206,36
20847,2,2022-07-26,20:14:07,09,MTP056,STP223,E,F,273.51,9.213055555555554,57.4576,-13.7386,36
20849,1,2022-07-26,23:31:44,04,MTP056,STP223,I,F,273.59,18.86777777777778,-25.9777,83.0248,36
20849,2,2022-07-27,00:09:58,12,MTP056,STP223,E,F,273.61,9.202499999999999,57.5355,-71.2542,36
20852,1,2022-07-27,05:25:39,09,MTP056,STP223,I,F,273.75,18.828888888888887,-24.9937,-3.6291,36
20852,2,2022-07-27,06:03:44,07,MTP056,STP223,E,F,273.76,9.17,57.3406,-157.7766,36
20854,1,2022-07-27,09:21:45,05,MTP056,STP223,I,F,273.85,18.801111111111112,-24.2723,-61.468,36
20854,2,2022-07-27,09:59:44,04,MTP056,STP223,E,F,273.86,9.148055555555555,57.2064,144.5006,36
20856,1,2022-07-27,13:17:41,11,MTP056,STP223,I,F,273.95,18.779444444444444,-23.7112,-119.1664,36
20859,1,2022-07-27,19:11:39,09,MTP056,STP223,I,F,274.1,18.734166666666667,-22.7495,154.0678,36
20859,2,2022-07-27,19:49:26,13,MTP056,STP223,E,F,274.12,9.110555555555555,56.834,0.5273,36
20861,1,2022-07-27,23:07:45,09,MTP056,STP223,I,F,274.21,18.71527777777778,-22.0017,96.3681,36
20861,2,2022-07-27,23:45:20,12,MTP056,STP223,E,F,274.22,9.09,56.8466,-57.1506,36
20864,1,2022-07-28,05:01:39,05,MTP056,STP223,I,F,274.36,18.678055555555556,-20.9966,9.7459,36
20864,2,2022-07-28,05:39:03,07,MTP056,STP223,E,F,274.38,9.069444444444445,56.7171,-143.4809,36
20866,1,2022-07-28,08:57:46,11,MTP056,STP223,I,F,274.46,18.650555555555552,-20.2327,-48.0934,36
20866,2,2022-07-28,09:35:04,04,MTP056,STP223,E,F,274.48,9.038611111111111,56.513,158.6544,36
20869,1,2022-07-28,14:51:39,09,MTP056,STP223,I,F,274.62,18.61388888888889,-19.4594,-134.7041,36
20869,2,2022-07-28,15:28:50,12,MTP056,STP223,E,F,274.63,9.020833333333334,56.3998,72.3561,36
20871,1,2022-07-28,18:47:41,13,MTP056,STP223,I,F,274.72,18.585555555555555,-18.6602,167.4702,36
20871,2,2022-07-28,19:24:47,09,MTP056,STP223,E,F,274.74,8.995833333333332,56.0871,14.5991,36
20873,1,2022-07-28,23:20:42,09,MTP056,STP223,E,F,274.84,8.976666666666667,56.1011,-43.0639,36
20876,1,2022-07-29,04:37:45,07,MTP056,STP223,I,F,274.98,18.52861111111111,-16.7778,23.1129,36
20876,2,2022-07-29,05:14:27,05,MTP056,STP223,E,F,274.99,8.951944444444443,55.9343,-129.4636,36
20878,1,2022-07-29,08:33:52,04,MTP056,STP223,I,F,275.08,18.502777777777776,-16.0231,-34.6951,36
20878,2,2022-07-29,09:10:29,11,MTP056,STP223,E,F,275.1,8.915833333333333,55.6771,172.5943,36
20880,1,2022-07-29,12:29:54,09,MTP056,STP223,I,F,275.18,18.47833333333333,-15.3047,-92.4651,36
20880,2,2022-07-29,13:06:23,12,MTP056,STP223,E,F,275.2,8.909166666666668,55.6336,115.124,36
20883,1,2022-07-29,18:23:51,13,MTP056,STP223,I,F,275.34,18.435555555555556,-14.2883,-179.1854,36
20883,2,2022-07-29,19:00:15,13,MTP056,STP223,E,F,275.35,8.864166666666666,55.1579,28.3879,36
20885,1,2022-07-29,22:56:09,05,MTP056,STP223,E,F,275.45,8.848055555555556,55.1903,-29.2195,36
20888,1,2022-07-30,04:49:56,07,MTP056,STP223,E,F,275.61,8.820833333333333,54.9884,-115.6683,36
20890,1,2022-07-30,08:10:03,11,MTP056,STP223,I,F,275.69,18.35138888888889,-11.4876,-21.3779,36
20890,2,2022-07-30,08:45:55,04,MTP056,STP223,E,F,275.71,8.784722222222221,54.7099,-173.6011,36
20892,1,2022-07-30,16:37:43,12,MTP056,STP224,E,F,275.91,8.74611111111111,54.4119,71.08,36
20896,1,2022-07-30,19:58:08,09,MTP056,STP224,I,F,276.0,18.272499999999997,-9.3018,165.2358,36
20896,2,2022-07-30,20:33:42,09,MTP056,STP224,E,F,276.02,8.717222222222222,54.0304,13.2587,36
20898,1,2022-07-31,00:29:38,09,MTP056,STP224,E,F,276.12,8.694444444444445,53.9965,-44.4655,36
20901,1,2022-07-31,05:48:16,07,MTP056,STP224,I,F,276.26,18.214166666666667,-7.2202,20.8428,36
20901,2,2022-07-31,06:23:25,05,MTP056,STP224,E,F,276.27,8.663055555555555,53.7419,-130.9712,36
20903,1,2022-07-31,09:44:25,04,MTP056,STP224,I,F,276.36,18.18777777777778,-6.3793,-36.987,36
20905,1,2022-07-31,13:40:29,11,MTP056,STP224,I,F,276.46,18.161666666666665,-5.5577,-94.787,36
20908,1,2022-07-31,19:34:28,13,MTP056,STP224,I,F,276.62,18.11916666666667,-4.4593,178.4846,36
20908,2,2022-07-31,20:09:15,13,MTP056,STP224,E,F,276.63,8.567777777777778,52.766,26.7545,36
20910,1,2022-08-01,00:05:11,09,MTP056,STP224,E,F,276.73,8.544722222222221,52.719,-30.9676,36
20913,1,2022-08-01,05:24:39,12,MTP056,STP224,I,F,276.87,18.059166666666666,-2.2777,34.0552,36
20913,2,2022-08-01,05:59:00,05,MTP056,STP224,E,F,276.89,8.5075,52.3828,-117.5735,36
20915,1,2022-08-01,09:20:47,07,MTP056,STP224,I,F,276.97,18.0325,-1.4196,-23.771,36
20915,2,2022-08-01,09:55:00,11,MTP056,STP224,E,F,276.99,8.472222222222223,52.0534,-175.4969,36
20918,1,2022-08-01,15:14:54,04,MTP056,STP224,I,F,277.13,17.9925,-0.1395,-110.4899,36
20919,1,2022-08-01,17:12:50,09,MTP056,STP224,I,F,277.18,17.97861111111111,0.0494,-139.3802,36
20919,2,2022-08-01,17:46:51,09,MTP056,STP224,E,F,277.19,8.4225,51.5816,69.0069,36
20920,1,2022-08-01,19:10:53,13,MTP056,STP224,I,F,277.23,17.9625,0.5665,-168.3323,36
20920,2,2022-08-01,19:44:54,09,MTP056,STP224,E,F,277.24,8.401388888888889,51.211,39.9819,36
20922,1,2022-08-01,23:07:03,12,MTP056,STP224,I,F,277.33,17.939166666666665,1.578,133.8828,36
20922,2,2022-08-01,23:40:49,07,MTP056,STP224,E,F,277.35,8.379166666666666,51.1551,-17.7296,36
20925,1,2022-08-02,05:34:42,05,MTP056,STP224,E,F,277.5,8.340833333333334,50.7679,-104.3697,36
20927,1,2022-08-02,08:57:14,04,MTP056,STP224,I,F,277.59,17.873055555555556,3.7066,-10.6389,36
20927,2,2022-08-02,09:30:41,11,MTP056,STP224,E,F,277.6,8.301944444444445,50.3629,-162.3449,36
20929,1,2022-08-02,12:53:24,09,MTP056,STP224,I,F,277.69,17.844444444444445,4.6251,-68.5032,36
20929,2,2022-08-02,13:26:42,12,MTP056,STP224,E,F,277.7,8.276666666666667,50.0978,139.8777,36
20932,1,2022-08-02,18:47:23,09,MTP056,STP224,I,F,277.84,17.800833333333333,5.7565,-155.2468,36
20932,2,2022-08-02,19:20:38,13,MTP056,STP224,E,F,277.86,8.226111111111111,49.3816,53.0476,36
20934,1,2022-08-02,22:43:33,05,MTP056,STP224,I,F,277.95,17.775,6.8376,146.9315,36
20934,2,2022-08-02,23:16:31,07,MTP056,STP224,E,F,277.96,8.2075,49.3473,-4.6005,36
20937,1,2022-08-03,05:10:28,11,MTP056,STP224,E,F,278.11,8.162777777777778,48.8438,-91.3474,36
20939,1,2022-08-03,08:33:43,04,MTP056,STP224,I,F,278.2,17.708055555555553,8.9605,2.3969,36
20939,2,2022-08-03,09:06:26,12,MTP056,STP224,E,F,278.22,8.123888888888889,48.3901,-149.3182,36
20942,1,2022-08-03,14:27:56,09,MTP056,STP224,I,F,278.35,17.665555555555553,10.2889,-84.3841,36
20942,2,2022-08-03,15:00:28,07,MTP056,STP224,E,F,278.37,8.080277777777777,47.8714,123.9238,36
20944,1,2022-08-03,18:23:54,13,MTP056,STP224,I,F,278.46,17.635277777777777,10.9728,-142.2254,36
20944,2,2022-08-03,18:56:27,09,MTP056,STP224,E,F,278.47,8.043333333333333,47.2417,65.981,36
20946,1,2022-08-03,22:20:05,05,MTP056,STP224,I,F,278.56,17.60777777777778,12.0878,159.9229,36
20946,2,2022-08-03,22:52:21,11,MTP056,STP224,E,F,278.57,8.018611111111111,47.111,8.2363,36
20947,1,2022-08-04,00:18:09,04,MTP056,STP224,I,F,278.61,17.595,12.4798,131.0181,36
20947,2,2022-08-04,00:50:24,09,MTP056,STP224,E,F,278.62,8.001388888888888,46.8915,-20.7302,36
20949,1,2022-08-04,04:14:14,12,MTP056,STP224,I,F,278.71,17.56861111111111,13.284,73.2088,36
20949,2,2022-08-04,04:46:21,05,MTP056,STP224,E,F,278.73,7.973888888888889,46.5414,-78.5266,36
20951,1,2022-08-04,08:10:16,07,MTP056,STP224,I,F,278.81,17.537222222222223,14.2387,15.3337,36
20951,2,2022-08-04,08:42:18,11,MTP056,STP224,E,F,278.83,7.938888888888889,46.0833,-136.4303,36
20953,1,2022-08-04,12:06:23,09,MTP056,STP224,I,F,278.92,17.50722222222222,14.8956,-42.5442,36
20956,1,2022-08-04,18:00:33,04,MTP056,STP224,I,F,279.07,17.463055555555556,16.4664,-129.3392,36
20956,2,2022-08-04,18:32:18,12,MTP056,STP224,E,F,279.08,7.859444444444444,45.0032,78.8871,36
20958,1,2022-08-04,21:56:40,09,MTP056,STP224,I,F,279.17,17.429166666666667,17.4578,172.7304,36
20958,2,2022-08-04,22:28:18,07,MTP056,STP224,E,F,279.18,7.823611111111111,44.4965,20.9537,36
20961,1,2022-08-05,03:50:51,05,MTP056,STP224,I,F,279.32,17.38861111111111,18.6423,85.9844,36
20961,2,2022-08-05,04:22:21,04,MTP056,STP224,E,F,279.34,7.777777777777778,43.8361,-65.8354,36
20963,1,2022-08-05,07:46:53,11,MTP056,STP224,I,F,279.43,17.35611111111111,19.5724,28.0949,36
20963,2,2022-08-05,08:18:16,09,MTP056,STP224,E,F,279.44,7.7475000000000005,43.3857,-123.6674,36
20966,1,2022-08-05,13:41:02,13,MTP056,STP224,I,F,279.58,17.31277777777778,20.5514,-58.6859,36
20968,1,2022-08-05,17:37:12,12,MTP056,STP224,I,F,279.68,17.278333333333332,21.7563,-116.6363,36
20970,1,2022-08-05,21:33:15,05,MTP056,STP224,I,F,279.78,17.247222222222224,22.6086,-174.5102,36
20970,2,2022-08-05,22:04:23,07,MTP056,STP224,E,F,279.8,7.623333333333334,41.4463,33.5565,36
20973,1,2022-08-06,03:27:27,11,MTP056,STP224,I,F,279.94,17.203333333333333,23.8013,98.6868,36
20973,2,2022-08-06,03:58:27,04,MTP056,STP224,E,F,279.95,7.5808333333333335,40.7499,-53.1895,36
20975,1,2022-08-06,07:54:25,12,MTP056,STP224,E,F,280.05,7.546388888888889,40.1719,-111.0914,36
20977,1,2022-08-06,11:19:32,09,MTP056,STP224,I,F,280.14,17.139166666666664,25.254,-17.0853,36
20977,2,2022-08-06,11:50:35,13,MTP056,STP224,E,F,280.15,7.504444444444444,39.2391,-169.1601,36
20981,1,2022-08-06,19:11:43,13,MTP057,STP225,I,F,280.34,17.07472222222222,26.9115,-132.8903,36
20981,2,2022-08-06,19:42:39,13,MTP057,STP225,E,F,280.36,7.440555555555556,38.0945,75.0727,36
20983,1,2022-08-06,23:07:55,09,MTP057,STP225,I,F,280.45,17.037222222222223,28.0772,169.1034,36
20983,2,2022-08-06,23:38:39,07,MTP057,STP225,E,F,280.46,7.406388888888889,37.6712,17.1663,36
20987,1,2022-08-07,07:30:47,05,MTP057,STP225,E,F,280.66,7.3405555555555555,36.4207,-98.6458,36
20989,1,2022-08-07,09:57:02,11,MTP057,STP225,C,F,280.73,5.031666666666666,-28.7807,-168.8463,36
20989,2,2022-08-07,11:26:50,04,MTP057,STP225,E,F,280.76,7.3069444444444445,35.7633,-156.5554,36
20993,1,2022-08-07,18:48:25,11,MTP057,STP225,I,F,280.95,16.875833333333333,31.9111,-120.4171,36
20993,2,2022-08-07,19:19:01,12,MTP057,STP225,E,F,280.97,7.238888888888889,34.3857,87.5837,36
20996,1,2022-08-08,00:42:29,09,MTP057,STP225,I,F,281.11,16.825555555555557,32.8134,152.72,36
20996,2,2022-08-08,01:13:11,09,MTP057,STP225,E,F,281.12,7.191944444444444,33.1878,0.7489,36
20999,1,2022-08-08,07:07:14,07,MTP057,STP225,E,F,281.27,7.143055555555556,32.3554,-86.0882,36
21001,1,2022-08-08,09:33:27,05,MTP057,STP225,C,F,281.34,4.848888888888888,-33.0653,-156.0633,36
21001,2,2022-08-08,11:03:18,09,MTP057,STP225,E,F,281.37,7.1066666666666665,31.5483,-144.0471,36
21004,1,2022-08-08,16:26:56,04,MTP057,STP225,I,F,281.51,16.69,35.9204,-79.0067,36
21004,2,2022-08-08,16:57:32,05,MTP057,STP225,E,F,281.53,7.056388888888889,30.4137,129.0496,36
21006,1,2022-08-08,20:22:57,12,MTP057,STP225,I,F,281.62,16.65361111111111,36.6555,-136.9526,36
21006,2,2022-08-08,20:53:33,11,MTP057,STP225,E,F,281.63,7.022222222222222,29.6187,71.1352,36
21010,1,2022-08-09,04:45:50,13,MTP057,STP225,E,F,281.83,6.964722222222222,28.0174,-44.5895,36
21012,1,2022-08-09,08:41:49,09,MTP057,STP225,E,F,281.93,6.930833333333334,27.4209,-102.4918,36
21015,1,2022-08-09,14:05:17,07,MTP057,STP225,I,F,282.07,16.504166666666666,39.5199,-37.5582,36
21017,1,2022-08-09,18:01:24,05,MTP057,STP225,I,F,282.17,16.46333333333333,40.2577,-95.594,36
21017,2,2022-08-09,18:32:10,04,MTP057,STP225,E,F,282.19,6.848333333333333,25.3473,112.699,36
21018,1,2022-08-09,19:59:22,11,MTP057,STP225,I,F,282.22,16.448611111111113,40.5213,-124.5047,36
21018,2,2022-08-09,20:30:10,04,MTP057,STP225,E,F,282.24,6.831944444444444,24.9221,83.7537,36
21019,1,2022-08-09,21:57:17,13,MTP057,STP225,I,F,282.28,16.435277777777777,40.5548,-153.3811,36
21019,2,2022-08-09,22:28:15,09,MTP057,STP225,E,F,282.29,6.816388888888889,24.2778,54.8013,36
21022,1,2022-08-10,04:22:23,07,MTP057,STP225,E,F,282.44,6.772777777777778,23.3673,-31.9774,36
21024,1,2022-08-10,08:18:28,09,MTP057,STP225,E,F,282.54,6.74,22.4862,-89.8846,36
21026,1,2022-08-10,11:43:29,12,MTP057,STP225,I,F,282.63,16.315833333333334,42.7796,3.8913,36
21026,2,2022-08-10,12:14:32,05,MTP057,STP225,E,F,282.64,6.708333333333334,21.6211,-147.7739,36
21029,1,2022-08-10,17:37:40,12,MTP057,STP225,I,F,282.78,16.25861111111111,43.698,-83.1086,36
21029,2,2022-08-10,18:08:48,11,MTP057,STP225,E,F,282.8,6.661944444444445,20.3299,125.3716,36
21031,1,2022-08-10,21:33:31,09,MTP057,STP225,I,F,282.88,16.23222222222222,43.9193,-140.8623,36
21031,2,2022-08-10,22:04:53,13,MTP057,STP225,E,F,282.9,6.632777777777778,19.2518,67.5144,36
21034,1,2022-08-11,03:27:42,09,MTP057,STP225,I,F,283.04,16.17638888888889,44.9605,132.1609,36
21034,2,2022-08-11,03:59:01,07,MTP057,STP225,E,F,283.05,6.590833333333333,18.2979,-19.2399,36
21036,1,2022-08-11,07:23:42,05,MTP057,STP225,I,F,283.14,16.145555555555553,45.4195,74.299,36
21036,2,2022-08-11,07:55:08,04,MTP057,STP225,E,F,283.15,6.559444444444444,17.3818,-77.1372,36
21039,1,2022-08-11,13:17:42,11,MTP057,STP225,I,F,283.29,16.095,46.1529,-12.555,36
21039,2,2022-08-11,13:49:16,12,MTP057,STP225,E,F,283.3,6.514722222222222,16.0636,-163.9315,36
21041,1,2022-08-11,17:13:48,07,MTP057,STP225,I,F,283.39,16.058055555555555,46.6715,-70.5293,36
21041,2,2022-08-11,17:45:27,09,MTP057,STP225,E,F,283.4,6.485277777777778,15.1751,138.1821,36
21043,1,2022-08-11,21:09:42,13,MTP057,STP225,I,F,283.49,16.02472222222222,46.948,-128.3981,36
21043,2,2022-08-11,21:41:34,09,MTP057,STP225,E,F,283.51,6.456388888888889,14.045,80.324,36
21046,1,2022-08-12,03:03:47,04,MTP057,STP225,I,F,283.64,15.973055555555556,47.8218,144.7123,36
21046,2,2022-08-12,03:35:40,05,MTP057,STP225,E,F,283.66,6.413611111111112,12.9874,-6.44,36
21048,1,2022-08-12,06:59:47,12,MTP057,STP225,I,F,283.75,15.945,48.1929,86.893,36
21048,2,2022-08-12,07:31:46,11,MTP057,STP225,E,F,283.76,6.386388888888889,12.1489,-64.2669,36
21050,1,2022-08-12,10:55:42,09,MTP057,STP225,I,F,283.85,15.910555555555556,48.6333,29.0007,36
21050,2,2022-08-12,11:27:50,07,MTP057,STP225,E,F,283.86,6.3566666666666665,11.2204,-122.1226,36
21053,1,2022-08-12,16:49:46,05,MTP057,STP225,I,F,284.0,15.868055555555555,49.1703,-57.7502,36
21055,1,2022-08-12,20:45:41,09,MTP057,STP225,I,F,284.1,15.83361111111111,49.4186,-115.6433,36
21058,1,2022-08-13,02:39:43,04,MTP057,STP225,I,F,284.25,15.783055555555556,50.197,157.4923,36
21058,2,2022-08-13,03:12:17,11,MTP057,STP225,E,F,284.27,6.246666666666667,7.7149,6.5277,36
21060,1,2022-08-13,06:35:43,12,MTP057,STP225,I,F,284.35,15.759166666666667,50.4796,99.7387,36
21060,2,2022-08-13,07:08:26,07,MTP057,STP225,E,F,284.37,6.22,6.8495,-51.304,36
21063,1,2022-08-13,12:29:38,09,MTP057,STP225,I,F,284.5,15.704722222222221,51.0952,12.8491,36
21067,1,2022-08-13,20:21:41,09,MTP057,STP226,I,F,284.71,15.634166666666665,51.8655,-103.016,36
21069,1,2022-08-14,00:17:27,13,MTP057,STP226,I,F,284.81,15.62138888888889,51.8477,-160.5513,36
21069,2,2022-08-14,00:50:51,13,MTP057,STP226,E,F,284.82,6.099166666666666,2.6186,48.4921,36
21072,1,2022-08-14,06:44:58,07,MTP057,STP226,E,F,284.97,6.061111111111111,1.6308,-38.2003,36
21074,1,2022-08-14,10:41:02,05,MTP057,STP226,E,F,285.08,6.032777777777778,0.6879,-96.039,36
21076,1,2022-08-14,14:03:21,04,MTP057,STP226,I,F,285.16,15.521111111111113,53.0547,-2.921,36
21076,2,2022-08-14,14:37:06,11,MTP057,STP226,E,F,285.18,6.006944444444445,-0.1758,-153.842,36
21079,1,2022-08-14,19:57:25,12,MTP057,STP226,I,F,285.31,15.461944444444443,53.6304,-89.9197,36
21079,2,2022-08-14,20:31:20,07,MTP057,STP226,E,F,285.33,5.9655555555555555,-1.5471,119.3881,36
21081,1,2022-08-14,23:53:12,09,MTP057,STP226,I,F,285.41,15.445,53.6428,-147.5189,36
21081,2,2022-08-15,00:27:21,09,MTP057,STP226,E,F,285.43,5.9447222222222225,-2.5182,61.6701,36
21084,1,2022-08-15,06:21:28,09,MTP057,STP226,E,F,285.58,5.9061111111111115,-3.5288,-25.0301,36
21086,1,2022-08-15,09:43:09,04,MTP057,STP226,I,F,285.67,15.375277777777779,54.4606,67.9547,36
21086,2,2022-08-15,10:17:31,05,MTP057,STP226,E,F,285.68,5.880000000000001,-4.4018,-82.8322,36
21089,1,2022-08-15,15:37:01,12,MTP057,STP226,I,F,285.82,15.343611111111112,54.7547,-18.5816,36
21089,2,2022-08-15,16:11:35,11,MTP057,STP226,E,F,285.83,5.844166666666666,-5.5899,-169.4799,36
21091,1,2022-08-15,19:33:03,09,MTP057,STP226,I,F,285.92,15.304166666666667,55.1034,-76.5849,36
21091,2,2022-08-15,20:07:45,12,MTP057,STP226,E,F,285.93,5.816388888888889,-6.5174,132.6628,36
21093,1,2022-08-15,23:28:50,13,MTP057,STP226,I,F,286.02,15.287777777777778,55.1001,-134.1719,36
21093,2,2022-08-16,00:03:46,13,MTP057,STP226,E,F,286.03,5.795,-7.4924,74.9387,36
21096,1,2022-08-16,05:22:51,05,MTP057,STP226,I,F,286.17,15.2425,55.6438,139.0478,36
21096,2,2022-08-16,05:57:51,04,MTP057,STP226,E,F,286.19,5.7575,-8.461,-11.739,36
21098,1,2022-08-16,09:18:45,11,MTP057,STP226,I,F,286.27,15.224444444444444,55.8033,81.4014,36
21098,2,2022-08-16,09:53:56,07,MTP057,STP226,E,F,286.29,5.731111111111111,-9.3336,-69.555,36
21100,1,2022-08-16,13:14:39,07,MTP057,STP226,I,F,286.37,15.190833333333334,56.0821,23.5242,36
21100,2,2022-08-16,13:49:58,09,MTP057,STP226,E,F,286.39,5.711666666666667,-10.2338,-127.2504,36
21105,1,2022-08-16,23:04:31,09,MTP057,STP226,I,F,286.62,15.125833333333334,56.6114,-120.9117,36
21105,2,2022-08-16,23:40:08,04,MTP057,STP226,E,F,286.64,5.642777777777777,-12.2033,88.1824,36
21108,1,2022-08-17,04:58:19,09,MTP057,STP226,I,F,286.78,15.106944444444444,56.6281,152.7538,36
21108,2,2022-08-17,05:34:14,13,MTP057,STP226,E,F,286.79,5.6147222222222215,-13.3802,1.6368,36
21110,1,2022-08-17,08:54:18,05,MTP057,STP226,I,F,286.88,15.080833333333333,56.9809,94.9688,36
21110,2,2022-08-17,09:30:15,12,MTP057,STP226,E,F,286.89,5.586111111111111,-14.0261,-56.1922,36
21113,1,2022-08-17,14:48:06,11,MTP057,STP226,I,F,287.03,15.04888888888889,57.2333,8.4413,36
21113,2,2022-08-17,15:24:17,09,MTP057,STP226,E,F,287.04,5.554722222222222,-15.2876,-142.7678,36
21115,1,2022-08-17,18:44:07,09,MTP057,STP226,I,F,287.13,15.025277777777779,57.4144,-49.3139,36
21117,1,2022-08-17,22:40:01,07,MTP057,STP226,I,F,287.23,14.995555555555555,57.6343,-107.1333,36
21120,1,2022-08-18,04:33:47,13,MTP057,STP226,I,F,287.38,14.97638888888889,57.6447,166.5362,36
21120,2,2022-08-18,05:10:25,13,MTP057,STP226,E,F,287.4,5.472222222222222,-17.8612,15.0685,36
21122,1,2022-08-18,09:06:28,05,MTP057,STP226,E,F,287.5,5.443611111111111,-18.4822,-42.7716,36
21124,1,2022-08-18,13:02:27,04,MTP057,STP226,E,F,287.6,5.418055555555556,-19.2575,-100.5492,36
21127,1,2022-08-18,18:19:32,11,MTP057,STP226,I,F,287.73,14.9075,58.2999,-35.3302,36
21129,1,2022-08-18,22:15:30,12,MTP057,STP226,I,F,287.83,14.870555555555557,58.5493,-93.2704,36
21132,1,2022-08-19,04:09:11,09,MTP057,STP226,I,F,287.98,14.863333333333333,58.4784,-179.3976,36
21132,2,2022-08-19,04:46:33,09,MTP057,STP226,E,F,288.0,5.328888888888889,-22.1814,28.4914,36
21134,1,2022-08-19,08:05:12,07,MTP057,STP226,I,F,288.08,14.836111111111112,58.8067,122.7865,36
21134,2,2022-08-19,08:42:33,09,MTP057,STP226,E,F,288.1,5.302777777777778,-22.6818,-29.2956,36
21137,1,2022-08-19,13:58:58,04,MTP057,STP226,I,F,288.23,14.805277777777778,59.0184,36.2873,36
21137,2,2022-08-19,14:36:31,05,MTP057,STP226,E,F,288.25,5.2652777777777775,-23.7609,-115.9448,36
21139,1,2022-08-19,17:54:53,12,MTP057,STP226,I,F,288.33,14.801944444444445,59.0553,-21.1409,36
21139,2,2022-08-19,18:32:31,11,MTP057,STP226,E,F,288.35,5.243888888888889,-24.3732,-173.6689,36
21141,1,2022-08-19,21:50:51,09,MTP057,STP226,I,F,288.43,14.77138888888889,59.2542,-78.9934,36
21141,2,2022-08-19,22:28:37,07,MTP057,STP226,E,F,288.45,5.216666666666667,-25.136,128.5042,36
21144,1,2022-08-20,03:44:32,13,MTP057,STP226,I,F,288.59,14.761111111111111,59.2014,-165.166,36
21144,2,2022-08-20,04:22:33,13,MTP057,STP226,E,F,288.6,5.1883333333333335,-26.1783,41.9959,36
21146,1,2022-08-20,07:40:32,05,MTP057,STP226,I,F,288.69,14.738888888888889,59.4868,137.098,36
21146,2,2022-08-20,08:18:33,04,MTP057,STP226,E,F,288.7,5.1625000000000005,-26.6403,-15.7932,36
21148,1,2022-08-20,11:36:25,11,MTP057,STP226,I,F,288.79,14.719444444444445,59.6149,79.4369,36
21148,2,2022-08-20,12:14:34,12,MTP057,STP226,E,F,288.8,5.134444444444445,-27.3999,-73.6183,36
21153,1,2022-08-20,21:26:11,09,MTP057,STP227,I,F,289.04,14.68,59.8798,-64.5962,36
21153,2,2022-08-20,22:04:35,07,MTP057,STP227,E,F,289.05,5.0744444444444445,-28.9931,141.9808,36
21155,1,2022-08-21,01:22:00,05,MTP057,STP227,I,F,289.14,14.660833333333334,60.0017,-122.2346,36
21155,2,2022-08-21,02:00:28,04,MTP057,STP227,E,F,289.15,5.051666666666667,-29.5846,84.2695,36
21158,1,2022-08-21,07:15:49,09,MTP057,STP227,I,F,289.29,14.647499999999999,59.9646,151.5114,36
21158,2,2022-08-21,07:54:32,09,MTP057,STP227,E,F,289.3,5.023055555555556,-30.5631,-2.272,36
21160,1,2022-08-21,11:11:45,11,MTP057,STP227,I,F,289.39,14.628333333333334,60.2223,93.8397,36
21160,2,2022-08-21,11:50:28,12,MTP057,STP227,E,F,289.4,4.9925,-31.0902,-60.1142,36
21163,1,2022-08-21,17:44:22,09,MTP057,STP227,E,F,289.55,4.959722222222222,-31.9089,-146.6773,36
21165,1,2022-08-21,21:01:29,07,MTP057,STP227,I,F,289.64,14.599166666666667,60.4213,-50.0291,36
21167,1,2022-08-22,00:57:20,05,MTP057,STP227,I,F,289.74,14.57638888888889,60.5574,-107.7332,36
21170,1,2022-08-22,06:51:05,13,MTP057,STP227,I,F,289.89,14.571388888888889,60.4762,166.1494,36
21170,2,2022-08-22,07:30:22,13,MTP057,STP227,E,F,289.91,4.879722222222223,-34.076,11.2227,36
21172,1,2022-08-22,10:47:02,04,MTP057,STP227,I,F,289.99,14.555277777777778,60.7108,108.5225,36
21172,2,2022-08-22,11:26:20,11,MTP057,STP227,E,F,290.01,4.8486111111111105,-34.567,-46.6342,36
21174,1,2022-08-22,15:22:14,12,MTP057,STP227,E,F,290.11,4.822777777777778,-35.1572,-104.3986,36
21177,1,2022-08-22,20:36:44,09,MTP057,STP227,I,F,290.24,14.529166666666667,60.8883,-35.2945,36
21179,1,2022-08-23,00:32:38,07,MTP057,STP227,I,F,290.34,14.504166666666666,61.0313,-93.0469,36
21184,1,2022-08-23,10:22:15,09,MTP057,STP227,I,F,290.59,14.49611111111111,60.9835,123.428,36
21184,2,2022-08-23,11:02:07,09,MTP057,STP227,E,F,290.61,4.708055555555556,-37.925,-33.0904,36
21186,1,2022-08-23,14:58:00,05,MTP057,STP227,E,F,290.71,4.673888888888889,-38.4153,-90.9744,36
21190,1,2022-08-23,22:09:57,04,MTP057,STP227,I,F,290.89,14.462499999999999,61.3351,-49.2015,36
21192,1,2022-08-24,02:05:48,11,MTP057,STP227,I,F,290.99,14.440833333333334,61.4568,-106.8904,36
21195,1,2022-08-24,07:59:35,12,MTP057,STP227,I,F,291.14,14.441944444444445,61.4803,167.0783,36
21195,2,2022-08-24,08:39:47,09,MTP057,STP227,E,F,291.16,4.564166666666667,-40.637,9.1361,36
21198,1,2022-08-24,13:53:20,13,MTP057,STP227,I,F,291.29,14.425277777777778,61.454,80.7888,36
21198,2,2022-08-24,14:33:45,13,MTP057,STP227,E,F,291.31,4.5275,-41.5588,-77.5054,36
21201,1,2022-08-24,19:47:11,07,MTP057,STP227,I,F,291.44,14.421111111111111,61.6344,-5.3352,36
21201,2,2022-08-24,20:27:34,05,MTP057,STP227,E,F,291.46,4.4875,-42.1037,-164.165,36
21203,1,2022-08-24,23:43:09,04,MTP057,STP227,I,F,291.54,14.401111111111112,61.7453,-63.0255,36
21203,2,2022-08-25,00:23:36,11,MTP057,STP227,E,F,291.56,4.4558333333333335,-42.6795,137.955,36
21207,1,2022-08-25,07:34:48,12,MTP057,STP227,I,F,291.74,14.396666666666667,61.8049,-177.8084,36
21207,2,2022-08-25,08:15:25,09,MTP057,STP227,E,F,291.75,4.406944444444445,-43.566,22.4655,36
21209,1,2022-08-25,11:30:43,07,MTP057,STP227,I,F,291.84,14.386944444444444,61.8688,124.6606,36
21209,2,2022-08-25,12:11:25,05,MTP057,STP227,E,F,291.85,4.377777777777777,-44.0713,-35.3695,36
21213,1,2022-08-25,19:22:22,09,MTP057,STP227,I,F,292.04,14.37861111111111,61.8134,9.8251,36
21213,2,2022-08-25,20:03:15,09,MTP057,STP227,E,F,292.05,4.333055555555555,-45.0474,-150.8023,36
21215,1,2022-08-25,23:18:21,04,MTP057,STP227,I,F,292.14,14.367777777777778,62.0126,-47.7346,36
21219,1,2022-08-26,07:10:02,11,MTP057,STP227,I,F,292.34,14.3525,62.1205,-162.689,36
21219,2,2022-08-26,07:50:59,12,MTP057,STP227,E,F,292.35,4.2444444444444445,-46.2956,35.7329,36
21221,1,2022-08-26,11:05:57,09,MTP057,STP227,I,F,292.44,14.348611111111111,62.1577,139.8718,36
21221,2,2022-08-26,11:46:59,07,MTP057,STP227,E,F,292.45,4.2138888888888895,-46.776,-22.1304,36
21224,1,2022-08-26,16:59:39,05,MTP057,STP227,I,F,292.58,14.336944444444445,62.2385,53.6707,36
21224,2,2022-08-26,17:40:47,04,MTP057,STP227,E,F,292.6,4.171666666666667,-47.4261,-108.8151,36
21228,1,2022-08-27,01:32:44,11,MTP057,STP227,E,F,292.8,4.1113888888888885,-48.3226,135.494,36
21230,1,2022-08-27,05:28:31,12,MTP057,STP227,E,F,292.9,4.084722222222222,-48.7101,77.7433,36
21232,1,2022-08-27,09:24:28,09,MTP057,STP227,E,F,293.0,4.060277777777777,-49.064,19.9882,36
21238,1,2022-08-27,20:30:45,09,MTP057,STP228,I,F,293.28,14.316666666666666,62.4687,11.7786,36
21243,1,2022-08-28,06:20:21,13,MTP057,STP228,I,F,293.53,14.301666666666668,62.4541,-131.8526,36
21246,1,2022-08-28,12:55:56,13,MTP057,STP228,E,F,293.7,3.8533333333333335,-51.9794,-24.7942,36
21248,1,2022-08-28,16:51:45,07,MTP057,STP228,E,F,293.8,3.8116666666666665,-52.3,-82.7713,36
21251,1,2022-08-28,22:03:51,05,MTP057,STP228,I,F,293.93,14.305000000000001,62.6546,-1.2862,36
21254,1,2022-08-29,03:57:41,04,MTP057,STP228,I,F,294.08,14.283333333333333,62.7762,-87.6694,36
21258,1,2022-08-29,11:49:26,11,MTP057,STP228,I,F,294.28,14.29111111111111,62.7866,157.7025,36
21261,1,2022-08-29,18:25:03,12,MTP057,STP228,E,F,294.44,3.602777777777778,-54.6466,-98.845,36
21263,1,2022-08-29,22:20:57,07,MTP057,STP228,E,F,294.54,3.5725,-54.9652,-156.6774,36
21265,1,2022-08-30,02:16:55,09,MTP057,STP228,E,F,294.64,3.5324999999999998,-55.3653,145.3288,36
21268,1,2022-08-30,07:28:39,04,MTP057,STP228,I,F,294.77,14.285,62.9195,-129.2057,36
21270,1,2022-08-30,11:24:32,09,MTP057,STP228,I,F,294.87,14.286666666666667,62.8034,173.4468,36
21274,1,2022-08-30,19:58:21,09,MTP057,STP228,E,F,295.09,3.386388888888889,-56.9273,-115.0355,36
21276,1,2022-08-30,23:54:14,05,MTP057,STP228,E,F,295.19,3.3419444444444446,-57.1626,-173.0735,36
21279,1,2022-08-31,05:05:56,12,MTP057,STP228,I,F,295.32,14.279722222222222,63.0616,-84.821,36
21283,1,2022-08-31,12:57:41,11,MTP057,STP228,I,F,295.51,14.294722222222221,63.0435,160.6631,36
21285,1,2022-08-31,16:53:30,09,MTP057,STP228,I,F,295.61,14.286666666666667,63.0989,103.1837,36
21290,1,2022-09-01,03:25:28,07,MTP057,STP228,E,F,295.88,3.068888888888889,-59.3737,141.2008,36
21292,1,2022-09-01,07:21:15,05,MTP057,STP228,E,F,295.98,3.029166666666667,-59.665,83.2564,36
21294,1,2022-09-01,11:17:08,04,MTP057,STP228,E,F,296.08,2.9955555555555557,-59.9102,25.3775,36
21297,1,2022-09-01,16:28:42,11,MTP057,STP228,I,F,296.21,14.3025,63.1693,119.1994,36
21299,1,2022-09-01,20:24:27,13,MTP057,STP228,I,F,296.31,14.301944444444445,63.0635,61.8514,36
21303,1,2022-09-02,04:58:41,13,MTP057,STP228,E,F,296.52,2.808333333333333,-61.3022,124.3644,36
21305,1,2022-09-02,08:54:24,12,MTP057,STP228,E,F,296.62,2.758888888888889,-61.4629,66.2933,36
21308,1,2022-09-02,14:05:57,07,MTP057,STP228,I,F,296.75,14.32861111111111,63.1862,164.0607,36
21310,1,2022-09-02,18:01:46,09,MTP057,STP228,I,F,296.85,14.321388888888889,63.2395,106.5953,36
21312,1,2022-09-02,21:57:37,04,MTP057,STP228,I,F,296.95,14.335,63.2054,49.4332,36
21315,1,2022-09-03,04:33:50,05,MTP057,STP228,E,F,297.11,2.529166666666667,-62.7637,135.9699,36
21317,1,2022-09-03,08:29:36,12,MTP057,STP228,E,F,297.21,2.4830555555555556,-63.0029,77.932,36
21319,1,2022-09-03,12:25:30,11,MTP057,STP228,E,F,297.31,2.4422222222222225,-63.213,19.9397,36
21323,1,2022-09-03,20:17:16,09,MTP058,STP229,E,F,297.51,2.3494444444444444,-63.7944,-96.1984,36
21325,1,2022-09-04,00:13:06,07,MTP058,STP229,E,F,297.61,2.293333333333333,-63.9189,-154.405,36
21329,1,2022-09-04,07:22:29,05,MTP058,STP229,I,F,297.79,14.36888888888889,63.2638,-77.7143,36
21332,1,2022-09-04,13:16:18,04,MTP058,STP229,I,F,297.93,14.392222222222221,63.1978,-163.4219,36
21334,1,2022-09-04,17:12:11,11,MTP058,STP229,I,F,298.03,14.390555555555554,63.2306,139.175,36
21337,1,2022-09-04,23:48:11,12,MTP058,STP229,E,F,298.2,1.9808333333333334,-65.1981,-143.2897,36
21340,1,2022-09-05,05:42:04,09,MTP058,STP229,E,F,298.34,1.8919444444444444,-65.5143,129.2966,36
21342,1,2022-09-05,09:37:48,05,MTP058,STP229,E,F,298.44,1.8383333333333334,-65.6979,71.1546,36
21345,1,2022-09-05,14:49:26,07,MTP058,STP229,I,F,298.57,14.438611111111111,63.153,-175.6403,36
21347,1,2022-09-05,18:45:14,09,MTP058,STP229,I,F,298.67,14.427222222222222,63.0965,126.8318,36
21352,1,2022-09-06,05:17:12,13,MTP058,STP229,E,F,298.93,1.5611111111111111,-66.6664,140.1244,36
21354,1,2022-09-06,09:12:55,11,MTP058,STP229,E,F,299.03,1.4866666666666668,-66.7414,81.6714,36
21357,1,2022-09-06,14:24:35,04,MTP058,STP229,I,F,299.16,14.488055555555555,63.0784,-159.1151,36
21359,1,2022-09-06,18:20:27,09,MTP058,STP229,I,F,299.26,14.487777777777778,63.1059,143.5068,36
21361,1,2022-09-06,22:16:14,12,MTP058,STP229,I,F,299.36,14.495555555555555,63.0955,86.2725,36
21365,1,2022-09-07,06:50:06,07,MTP058,STP229,E,F,299.57,1.1452777777777778,-67.5252,121.0258,36
21367,1,2022-09-07,10:45:51,05,MTP058,STP229,E,F,299.67,1.0866666666666667,-67.6412,62.8042,36
21369,1,2022-09-07,14:41:46,04,MTP058,STP229,E,F,299.77,1.0294444444444444,-67.7497,4.5606,36
21372,1,2022-09-07,19:53:32,11,MTP058,STP229,I,F,299.9,14.546944444444444,62.9955,131.4904,36
21374,1,2022-09-07,23:49:20,13,MTP058,STP229,I,F,300.0,14.557500000000001,62.8363,74.2911,36
21377,1,2022-09-08,06:25:10,09,MTP058,STP229,E,F,300.16,0.7647222222222222,-68.2843,131.1199,36
21381,1,2022-09-08,14:16:43,12,MTP058,STP229,E,F,300.36,0.6238888888888889,-68.3504,14.3071,36
21384,1,2022-09-08,19:28:45,09,MTP058,STP229,I,F,300.49,14.616944444444444,62.8129,148.3039,36
21386,1,2022-09-08,23:24:32,05,MTP058,STP229,I,F,300.58,14.62888888888889,62.7807,91.1272,36
21389,1,2022-09-09,05:18:27,07,MTP058,STP229,I,F,300.73,14.654166666666667,62.6934,5.4205,36
21392,1,2022-09-09,11:53:45,11,MTP058,STP229,E,F,300.89,0.23583333333333334,-68.7003,52.996,36
21394,1,2022-09-09,15:49:38,04,MTP058,STP229,E,F,300.99,0.16499999999999998,-68.7422,-5.4463,36
21396,1,2022-09-09,19:45:27,09,MTP058,STP229,E,F,301.09,0.07444444444444444,-68.7795,-64.1678,36
21399,1,2022-09-10,00:57:44,12,MTP058,STP229,I,F,301.22,14.719444444444445,62.4896,79.553,36
21401,1,2022-09-10,04:53:38,09,MTP058,STP229,I,F,301.32,14.724166666666667,62.3542,22.2386,36
21404,1,2022-09-10,11:28:42,13,MTP058,STP229,E,F,301.48,23.802500000000002,-68.9616,62.3171,36
21409,1,2022-09-10,21:18:16,07,MTP058,STP230,E,F,301.72,23.599722222222223,-68.8292,-84.1366,36
21412,1,2022-09-11,02:30:57,05,MTP058,STP230,I,F,301.85,14.817222222222222,62.1394,68.0711,36
21414,1,2022-09-11,06:26:54,04,MTP058,STP230,I,F,301.95,14.829444444444444,62.0986,10.86,36
21416,1,2022-09-11,10:22:43,11,MTP058,STP230,I,F,302.05,14.83361111111111,62.1036,-46.4375,36
21416,2,2022-09-11,11:03:37,12,MTP058,STP230,E,F,302.07,23.350833333333334,-68.7382,71.3718,36
21421,1,2022-09-11,20:12:24,13,MTP058,STP230,I,F,302.29,14.864166666666666,61.8579,170.5804,36
21421,2,2022-09-11,20:53:14,09,MTP058,STP230,E,F,302.31,23.170833333333334,-68.7322,-74.7495,36
21424,1,2022-09-12,02:06:11,09,MTP058,STP230,I,F,302.44,14.905277777777778,61.8036,85.144,36
21424,2,2022-09-12,02:46:49,05,MTP058,STP230,E,F,302.46,23.05611111111111,-68.5173,-162.478,36
21426,1,2022-09-12,06:02:10,07,MTP058,STP230,I,F,302.54,14.929444444444444,61.688,28.101,36
21430,1,2022-09-12,13:53:51,11,MTP058,STP230,I,F,302.73,14.959444444444443,61.5643,-86.1819,36
21430,2,2022-09-12,14:34:14,04,MTP058,STP230,E,F,302.75,22.842222222222222,-68.2815,22.2381,36
21432,1,2022-09-12,17:49:50,09,MTP058,STP230,I,F,302.83,14.98361111111111,61.444,-143.2191,36
21432,2,2022-09-12,18:30:08,12,MTP058,STP230,E,F,302.85,22.764166666666668,-68.1758,-36.3158,36
21436,1,2022-09-13,01:41:27,09,MTP058,STP230,I,F,303.02,14.991944444444444,61.3046,102.1847,36
21436,2,2022-09-13,02:21:42,13,MTP058,STP230,E,F,303.04,22.626944444444444,-68.0902,-153.081,36
21439,1,2022-09-13,07:35:26,07,MTP058,STP230,I,F,303.17,15.0375,61.2067,16.7639,36
21442,1,2022-09-13,13:29:08,05,MTP058,STP230,I,F,303.31,15.057500000000001,61.1236,-68.976,36
21442,2,2022-09-13,14:09:02,04,MTP058,STP230,E,F,303.33,22.404444444444444,-67.5718,31.5233,36
21445,1,2022-09-13,19:23:05,11,MTP058,STP230,I,F,303.46,15.098055555555556,60.8996,-154.4628,36
21445,2,2022-09-13,20:02:49,12,MTP058,STP230,E,F,303.48,22.288333333333334,-67.3262,-56.2757,36
21447,1,2022-09-13,23:18:54,09,MTP058,STP230,I,F,303.56,15.104722222222222,60.887,148.2718,36
21447,2,2022-09-13,23:58:33,05,MTP058,STP230,E,F,303.57,22.220555555555553,-67.1747,-114.6338,36
21451,1,2022-09-14,07:10:41,13,MTP058,STP230,I,F,303.75,15.136111111111111,60.583,33.984,36
21453,1,2022-09-14,11:06:36,07,MTP058,STP230,I,F,303.85,15.162777777777778,60.5815,-23.0006,36
21453,2,2022-09-14,11:45:55,11,MTP058,STP230,E,F,303.87,22.011666666666667,-66.6487,70.168,36
21456,1,2022-09-14,17:00:27,04,MTP058,STP230,I,F,304.0,15.210833333333333,60.2883,-108.3566,36
21456,2,2022-09-14,17:39:36,09,MTP058,STP230,E,F,304.01,21.915,-66.3773,-17.315,36
21460,1,2022-09-15,00:52:11,12,MTP058,STP230,I,F,304.19,15.234444444444444,60.1808,137.249,36
21460,2,2022-09-15,01:31:09,07,MTP058,STP230,E,F,304.21,21.78111111111111,-65.9648,-134.0296,36
21462,1,2022-09-15,04:48:06,05,MTP058,STP230,I,F,304.29,15.267777777777779,59.965,80.3627,36
21462,2,2022-09-15,05:26:55,04,MTP058,STP230,E,F,304.3,21.708333333333332,-65.721,167.5311,36
21465,1,2022-09-15,11:20:41,09,MTP058,STP230,E,F,304.45,21.6175,-65.536,80.1132,36
21467,1,2022-09-15,14:37:47,11,MTP058,STP230,I,F,304.53,15.312222222222223,59.7093,-62.4134,36
21467,2,2022-09-15,15:16:20,12,MTP058,STP230,E,F,304.54,21.557222222222222,-65.1826,21.8879,36
21470,1,2022-09-15,20:31:45,09,MTP058,STP230,I,F,304.67,15.355277777777777,59.4206,-147.8676,36
21470,2,2022-09-15,21:10:04,05,MTP058,STP230,E,F,304.69,21.447777777777777,-64.7449,-65.801,36
21472,1,2022-09-16,00:27:35,07,MTP058,STP230,I,F,304.77,15.365277777777777,59.3754,154.9165,36
21472,2,2022-09-16,01:05:46,11,MTP058,STP230,E,F,304.79,21.385555555555555,-64.4846,-124.0702,36
21474,1,2022-09-16,04:23:29,04,MTP058,STP230,I,F,304.87,15.400277777777777,59.1268,98.0562,36
21474,2,2022-09-16,05:01:31,09,MTP058,STP230,E,F,304.88,21.325555555555557,-64.2236,177.6823,36
21477,1,2022-09-16,10:17:22,09,MTP058,STP230,I,F,305.01,15.408888888888889,58.9427,12.1069,36
21477,2,2022-09-16,10:55:18,13,MTP058,STP230,E,F,305.03,21.236944444444447,-63.9596,90.2975,36
21479,1,2022-09-16,14:13:13,12,MTP058,STP230,I,F,305.11,15.448333333333334,58.8119,-44.6771,36
21479,2,2022-09-16,14:50:54,07,MTP058,STP230,E,F,305.13,21.17388888888889,-63.5132,32.0402,36
21481,1,2022-09-16,18:09:12,05,MTP058,STP230,I,F,305.21,15.48472222222222,58.5355,-101.5352,36
21481,2,2022-09-16,18:46:44,04,MTP058,STP230,E,F,305.22,21.114722222222223,-63.2153,-26.2143,36
21484,1,2022-09-17,00:03:03,11,MTP058,STP230,I,F,305.35,15.506944444444445,58.3931,172.7239,36
21484,2,2022-09-17,00:40:21,12,MTP058,STP230,E,F,305.37,21.015833333333333,-62.6827,-113.7179,36
21486,1,2022-09-17,03:58:56,09,MTP058,STP230,I,F,305.45,15.54111111111111,58.1238,115.8574,36
21486,2,2022-09-17,04:36:06,05,MTP058,STP230,E,F,305.46,20.968888888888888,-62.4264,-171.7657,36
21489,1,2022-09-17,09:52:50,13,MTP058,STP230,I,F,305.59,15.556111111111111,57.8734,29.9922,36
21489,2,2022-09-17,10:29:50,09,MTP058,STP230,E,F,305.61,20.88111111111111,-62.0628,100.8683,36
21491,1,2022-09-17,17:44:41,07,MTP058,STP231,I,F,305.79,15.6325,57.4009,-83.6378,36
21491,2,2022-09-17,18:21:12,05,MTP058,STP231,E,F,305.8,20.76527777777778,-61.1816,-15.5294,36
21496,1,2022-09-17,23:38:35,04,MTP058,STP231,I,F,305.93,15.660833333333334,57.1789,-169.2983,36
21496,2,2022-09-18,00:14:50,11,MTP058,STP231,E,F,305.95,20.67,-60.5288,-102.981,36
21499,1,2022-09-18,05:32:26,12,MTP058,STP231,I,F,306.08,15.70861111111111,56.7616,105.3373,36
21499,2,2022-09-18,06:08:26,09,MTP058,STP231,E,F,306.09,20.598055555555554,-60.0183,169.9276,36
21501,1,2022-09-18,09:28:28,05,MTP058,STP231,I,F,306.17,15.735277777777776,56.5244,48.3275,36
21506,1,2022-09-18,19:18:12,09,MTP058,STP231,I,F,306.42,15.786944444444444,55.8982,-94.3583,36
21506,2,2022-09-18,19:53:37,13,MTP058,STP231,E,F,306.43,20.42,-58.793,-33.4762,36
21508,1,2022-09-18,23:14:13,07,MTP058,STP231,I,F,306.51,15.82638888888889,55.6883,-151.1762,36
21508,2,2022-09-18,23:49:16,11,MTP058,STP231,E,F,306.53,20.35138888888889,-58.0254,-91.826,36
21511,1,2022-09-19,05:08:02,04,MTP058,STP231,I,F,306.66,15.868055555555555,55.2834,123.3767,36
21511,2,2022-09-19,05:42:48,09,MTP058,STP231,E,F,306.67,20.285555555555558,-57.4405,-178.8128,36
21514,1,2022-09-19,11:02:03,12,MTP058,STP231,I,F,306.8,15.909166666666668,54.8682,37.8778,36
21514,2,2022-09-19,11:36:27,07,MTP058,STP231,E,F,306.81,20.20777777777778,-56.6999,93.9919,36
21518,1,2022-09-19,18:53:56,05,MTP058,STP231,I,F,306.99,15.97638888888889,54.1439,-75.9002,36
21518,2,2022-09-19,19:27:49,04,MTP058,STP231,E,F,307.01,20.11138888888889,-55.7264,-22.1169,36
21521,1,2022-09-20,00:47:50,13,MTP058,STP231,I,F,307.14,15.994166666666667,53.7927,-161.7233,36
21521,2,2022-09-20,01:21:25,09,MTP058,STP231,E,F,307.15,20.02611111111111,-54.9795,-109.4121,36
21524,1,2022-09-20,06:41:50,11,MTP058,STP231,I,F,307.28,16.066111111111113,53.1316,113.2428,36
21524,2,2022-09-20,07:14:52,12,MTP058,STP231,E,F,307.3,19.955555555555556,-53.9802,163.5492,36
21527,1,2022-09-20,13:08:30,09,MTP058,STP231,E,F,307.44,19.8925,-53.2227,76.5771,36
21530,1,2022-09-20,18:29:46,05,MTP058,STP231,I,F,307.57,16.15861111111111,52.0047,-57.5811,36
21530,2,2022-09-20,19:01:57,07,MTP058,STP231,E,F,307.58,19.822777777777777,-52.3348,-10.4479,36
21532,1,2022-09-20,22:25:50,11,MTP058,STP231,I,F,307.67,16.193333333333335,51.5527,-114.4845,36
21532,2,2022-09-20,22:57:39,04,MTP058,STP231,E,F,307.68,19.76527777777778,-51.555,-68.6454,36
21537,1,2022-09-21,08:15:40,09,MTP058,STP231,I,F,307.91,16.25,50.6164,102.8825,36
21537,2,2022-09-21,08:46:50,13,MTP058,STP231,E,F,307.92,19.654166666666665,-50.1749,146.3638,36
21539,1,2022-09-21,12:11:48,09,MTP058,STP231,I,F,308.0,16.299166666666668,50.1164,46.1798,36
21539,2,2022-09-21,12:42:30,12,MTP058,STP231,E,F,308.02,19.6125,-49.3333,88.4129,36
21543,1,2022-09-21,20:03:47,07,MTP058,STP231,I,F,308.2,16.3725,49.0295,-67.5385,36
21543,2,2022-09-21,20:33:43,05,MTP058,STP231,E,F,308.21,19.51888888888889,-47.8179,-27.6219,36
21546,1,2022-09-22,01:57:49,04,MTP058,STP231,I,F,308.34,16.41444444444444,48.3894,-153.028,36
21546,2,2022-09-22,02:27:10,11,MTP058,STP231,E,F,308.35,19.448055555555555,-46.596,-114.6649,36
21549,1,2022-09-22,07:51:53,12,MTP058,STP231,I,F,308.48,16.476666666666667,47.373,121.7731,36
21549,2,2022-09-22,08:20:33,09,MTP058,STP231,E,F,308.5,19.380555555555556,-45.364,158.3581,36
21555,1,2022-09-22,19:39:59,13,MTP058,STP231,I,F,308.77,16.568055555555556,45.5783,-49.1064,36
21555,2,2022-09-22,20:07:25,09,MTP058,STP231,E,F,308.78,19.252222222222223,-43.0732,-15.5214,36
21557,1,2022-09-22,23:36:11,05,MTP058,STP231,I,F,308.87,16.62388888888889,44.7608,-105.7306,36
21557,2,2022-09-23,00:02:55,07,MTP058,STP231,E,F,308.88,19.196666666666665,-41.6343,-73.6404,36
21561,1,2022-09-23,07:28:17,11,MTP058,STP231,I,F,309.06,16.699166666666667,43.2902,140.5595,36
21561,2,2022-09-23,07:53:56,04,MTP058,STP231,E,F,309.07,19.108333333333334,-39.6304,170.4524,36
21564,1,2022-09-23,13:22:29,09,MTP058,STP231,I,F,309.2,16.75138888888889,42.2257,55.1743,36
21564,2,2022-09-23,13:47:21,12,MTP058,STP231,E,F,309.21,19.04416666666667,-38.0858,83.5218,36
21567,1,2022-09-23,19:16:40,07,MTP058,STP231,I,F,309.35,16.82138888888889,40.6952,-29.9333,36
21567,2,2022-09-23,19:40:30,05,MTP058,STP231,E,F,309.36,18.975277777777777,-36.3201,-3.4259,36
21570,1,2022-09-24,01:10:51,09,MTP058,STP231,I,F,309.49,16.86138888888889,39.5484,-115.4957,36
21570,2,2022-09-24,01:33:53,13,MTP058,STP231,E,F,309.5,18.903888888888886,-34.6711,-90.4601,36
21572,1,2022-09-24,05:07:06,04,MTP058,STP231,I,F,309.59,16.925833333333333,38.2515,-171.9971,36
21572,2,2022-09-24,05:29:12,11,MTP058,STP231,E,F,309.6,18.85777777777778,-33.0837,-148.3951,36
21574,1,2022-09-24,09:03:20,12,MTP058,STP231,I,F,309.68,16.974999999999998,37.0175,131.2709,36
21574,2,2022-09-24,09:24:35,09,MTP058,STP231,E,F,309.69,18.804444444444446,-31.5087,153.5432,36
21579,1,2022-09-24,18:53:54,07,MTP058,STP232,I,F,309.92,17.089444444444442,33.9585,-10.675,36
21579,2,2022-09-24,19:13:00,05,MTP058,STP232,E,F,309.93,18.6825,-27.6732,8.5757,36
21584,1,2022-09-25,05:01:10,12,MTP058,STP232,E,F,310.17,18.539722222222224,-22.7256,-136.6463,36
21587,1,2022-09-25,10:53:51,12,MTP058,STP232,E,F,310.31,18.441944444444445,-19.0615,136.09,36
21608,1,2022-09-27,03:01:13,10,MTP058,STP232,C,F,311.29,5.72,-12.1782,79.6266,36
21620,1,2022-09-28,02:35:30,07,MTP058,STP232,C,F,311.86,5.658611111111111,-14.823,94.6595,36
21712,1,2022-10-05,14:47:34,12,MTP059,STP233,C,F,316.19,19.2675,-46.6694,-171.5119,36
21724,1,2022-10-06,14:18:24,06,MTP059,STP233,C,F,316.75,18.804722222222225,-34.5949,-161.6855,36
21819,1,2022-10-14,09:38:13,09,MTP059,STP234,I,F,321.19,5.303611111111111,-34.0891,141.2979,36
21819,2,2022-10-14,09:57:14,13,MTP059,STP234,E,F,321.2,6.601111111111111,28.6308,156.1343,36
21822,1,2022-10-14,15:31:17,05,MTP059,STP234,I,F,321.33,5.239722222222222,-36.1362,54.4389,36
21822,2,2022-10-14,15:51:24,04,MTP059,STP234,E,F,321.34,6.630833333333334,30.2615,70.4152,36
21825,1,2022-10-14,21:24:29,11,MTP059,STP234,I,F,321.47,5.173611111111112,-38.4659,-32.4801,36
21825,2,2022-10-14,21:45:51,12,MTP059,STP234,E,F,321.48,6.678055555555556,32.192,-15.1111,36
21827,1,2022-10-15,01:19:51,09,MTP059,STP234,I,F,321.56,5.13111111111111,-39.8991,-90.3823,36
21827,2,2022-10-15,01:42:04,07,MTP059,STP234,E,F,321.57,6.714444444444444,33.6107,-72.0371,36
21830,1,2022-10-15,07:13:02,04,MTP059,STP234,I,F,321.7,5.065277777777777,-42.0028,-177.2946,36
21830,2,2022-10-15,07:36:16,05,MTP059,STP234,E,F,321.71,6.750555555555556,35.0169,-157.6724,36
21833,1,2022-10-15,17:01:40,13,MTP059,STP235,I,F,321.93,4.964166666666667,-45.307,37.9757,36
21833,2,2022-10-15,17:26:46,09,MTP059,STP235,E,F,321.94,6.840277777777778,37.9286,60.0125,36
21837,1,2022-10-15,20:57:21,05,MTP059,STP235,I,F,322.02,4.921944444444445,-46.1768,-19.9975,36
21837,2,2022-10-15,21:22:52,04,MTP059,STP235,E,F,322.03,6.849166666666666,38.6137,2.7036,36
21842,1,2022-10-16,06:46:09,11,MTP059,STP235,I,F,322.26,4.821666666666666,-48.7824,-164.7525,36
21842,2,2022-10-16,07:12:58,12,MTP059,STP235,E,F,322.27,6.905555555555556,40.5604,-140.0223,36
21845,1,2022-10-16,12:39:33,09,MTP059,STP235,I,F,322.39,4.760277777777778,-50.262,108.3426,36
21848,1,2022-10-16,18:32:55,07,MTP059,STP235,I,F,322.53,4.703333333333333,-51.5585,21.5206,36
21848,2,2022-10-16,19:01:11,04,MTP059,STP235,E,F,322.54,6.976388888888889,42.8692,48.7353,36
21851,1,2022-10-17,00:26:15,09,MTP059,STP235,I,F,322.67,4.641111111111111,-53.1575,-65.3795,36
21851,2,2022-10-17,00:55:23,09,MTP059,STP235,E,F,322.68,7.0325,44.238,-36.5996,36
21854,1,2022-10-17,06:19:42,05,MTP059,STP235,I,F,322.81,4.581388888888888,-54.1084,-152.2681,36
21854,2,2022-10-17,06:49:16,12,MTP059,STP235,E,F,322.82,7.041111111111111,44.8737,-122.5666,36
21858,1,2022-10-17,14:10:58,11,MTP059,STP235,I,F,322.99,4.492222222222222,-55.7871,91.7358,36
21861,1,2022-10-17,20:04:29,07,MTP059,STP235,I,F,323.13,4.434166666666667,-56.8183,4.8569,36
21861,2,2022-10-17,20:35:23,09,MTP059,STP235,E,F,323.14,7.1130555555555555,46.9757,37.5222,36
21864,1,2022-10-18,01:57:54,05,MTP059,STP235,I,F,323.27,4.366666666666666,-57.9382,-82.144,36
21864,2,2022-10-18,02:29:23,04,MTP059,STP235,E,F,323.28,7.148055555555556,47.9386,-48.0793,36
21867,1,2022-10-18,07:51:18,13,MTP059,STP235,I,F,323.41,4.302222222222222,-59.1764,-169.0897,36
21867,2,2022-10-18,08:23:22,13,MTP059,STP235,E,F,323.42,7.188611111111111,48.7153,-133.5966,36
21870,1,2022-10-18,13:44:55,11,MTP059,STP235,I,F,323.54,4.235833333333334,-59.929,103.8812,36
21874,1,2022-10-18,21:36:19,12,MTP059,STP235,I,F,323.73,4.154166666666667,-61.0666,-12.0338,36
21874,2,2022-10-18,22:09:17,09,MTP059,STP235,E,F,323.74,7.2363888888888885,50.3101,26.1783,36
21876,1,2022-10-19,01:31:58,07,MTP059,STP235,I,F,323.82,4.106111111111111,-61.6909,-70.0884,36
21876,2,2022-10-19,02:05:15,04,MTP059,STP235,E,F,323.83,7.2588888888888885,50.8676,-30.8933,36
21879,1,2022-10-19,07:25:25,05,MTP059,STP235,I,F,323.96,4.031666666666666,-62.6065,-157.2019,36
21879,2,2022-10-19,07:59:06,12,MTP059,STP235,E,F,323.97,7.277222222222222,51.3565,-116.7107,36
21885,1,2022-10-19,19:12:30,09,MTP059,STP235,I,F,324.23,3.8944444444444444,-64.3602,28.7078,36
21885,2,2022-10-19,19:47:01,09,MTP059,STP235,E,F,324.25,7.348888888888888,52.7472,72.1234,36
21887,1,2022-10-19,23:08:19,11,MTP059,STP235,I,F,324.32,3.8375000000000004,-64.7463,-29.5166,36
21887,2,2022-10-19,23:42:59,07,MTP059,STP235,E,F,324.34,7.348888888888888,53.0799,14.7152,36
21891,1,2022-10-20,06:59:40,09,MTP059,STP235,I,F,324.51,3.748888888888889,-65.6268,-145.5289,36
21891,2,2022-10-20,07:34:46,05,MTP059,STP235,E,F,324.52,7.380277777777778,53.8142,-99.5992,36
21894,1,2022-10-20,12:53:18,04,MTP059,STP235,I,F,324.64,3.6558333333333333,-66.4579,127.0352,36
21894,2,2022-10-20,13:28:44,11,MTP059,STP235,E,F,324.66,7.406388888888889,54.4029,174.673,36
21898,1,2022-10-20,20:44:43,12,MTP059,STP235,I,F,324.83,3.5524999999999998,-67.329,10.7902,36
21898,2,2022-10-20,21:20:34,09,MTP059,STP235,E,F,324.84,7.435555555555556,55.0639,60.3138,36
21900,1,2022-10-21,00:40:25,13,MTP059,STP235,I,F,324.92,3.498888888888889,-67.9251,-47.3602,36
21900,2,2022-10-21,01:16:36,13,MTP059,STP235,E,F,324.93,7.473611111111111,55.5459,3.4605,36
21903,1,2022-10-21,06:33:59,07,MTP059,STP235,I,F,325.06,3.4208333333333334,-68.3411,-134.5544,36
21903,2,2022-10-21,07:10:17,04,MTP059,STP235,E,F,325.07,7.469722222222222,55.8258,-82.6528,36
21906,1,2022-10-21,12:27:40,05,MTP059,STP235,I,F,325.19,3.3155555555555556,-69.0612,137.8141,36
21908,1,2022-10-21,16:23:22,12,MTP059,STP235,I,F,325.29,3.27,-69.3719,79.7858,36
21910,1,2022-10-21,20:19:07,11,MTP059,STP235,I,F,325.38,3.2108333333333334,-69.7469,21.5412,36
21910,2,2022-10-21,20:56:01,07,MTP059,STP235,E,F,325.39,7.520555555555555,56.9059,77.208,36
21913,1,2022-10-22,02:12:43,09,MTP059,STP235,I,F,325.51,3.116388888888889,-70.4667,-65.9065,36
21913,2,2022-10-22,02:50:00,09,MTP059,STP235,E,F,325.53,7.568888888888889,57.5297,-8.1932,36
21915,1,2022-10-22,06:08:26,09,MTP059,STP235,I,F,325.61,3.056111111111111,-70.6529,-124.1621,36
21915,2,2022-10-22,06:45:46,05,MTP059,STP235,E,F,325.62,7.560277777777777,57.7017,-65.6853,36
21921,1,2022-10-22,17:55:40,05,MTP059,STP236,I,F,325.88,2.845277777777778,-71.7245,60.5989,36
21921,2,2022-10-22,18:33:29,04,MTP059,STP236,E,F,325.89,7.604722222222222,58.5738,122.7919,36
21923,1,2022-10-22,21:51:30,11,MTP059,STP236,I,F,325.97,2.776111111111111,-72.0446,2.184,36
21923,2,2022-10-22,22:29:27,12,MTP059,STP236,E,F,325.99,7.614444444444444,58.7816,65.5261,36
21926,1,2022-10-23,03:45:08,09,MTP059,STP236,I,F,326.11,2.67,-72.5066,-85.4484,36
21926,2,2022-10-23,04:23:18,07,MTP059,STP236,E,F,326.12,7.6419444444444435,59.2791,-20.1546,36
21928,1,2022-10-23,07:40:49,13,MTP059,STP236,I,F,326.2,2.6125000000000003,-72.8914,-143.6531,36
21928,2,2022-10-23,08:19:11,13,MTP059,STP236,E,F,326.21,7.669722222222222,59.5031,-77.1298,36
21930,1,2022-10-23,12:15:06,05,MTP059,STP236,E,F,326.3,7.663333333333334,59.7081,-134.6251,36
21933,1,2022-10-23,17:30:17,04,MTP059,STP236,I,F,326.43,2.4175,-73.4805,70.0026,36
21935,1,2022-10-23,21:26:02,11,MTP059,STP236,I,F,326.52,2.3233333333333333,-73.7931,11.2292,36
21935,2,2022-10-23,22:04:48,12,MTP059,STP236,E,F,326.53,7.695555555555556,60.3083,82.3788,36
21937,1,2022-10-24,01:21:52,09,MTP059,STP236,I,F,326.61,2.242777777777778,-74.0512,-47.3582,36
21937,2,2022-10-24,02:00:46,07,MTP059,STP236,E,F,326.62,7.713055555555556,60.608,25.2322,36
21940,1,2022-10-24,07:15:25,09,MTP059,STP236,I,F,326.75,2.1455555555555557,-74.4856,-134.8374,36
21940,2,2022-10-24,07:54:33,09,MTP059,STP236,E,F,326.76,7.751388888888889,60.9766,-60.2704,36
21942,1,2022-10-24,11:11:16,05,MTP059,STP236,I,F,326.84,2.0330555555555554,-74.6591,166.0907,36
21942,2,2022-10-24,11:50:25,04,MTP059,STP236,E,F,326.85,7.738888888888889,61.1035,-117.8456,36
21946,1,2022-10-24,19:02:47,11,MTP059,STP236,I,F,327.02,1.8666666666666667,-75.0858,48.8757,36
21946,2,2022-10-24,19:42:09,12,MTP059,STP236,E,F,327.03,7.769444444444445,61.6189,127.8383,36
21948,1,2022-10-24,22:58:39,09,MTP059,STP236,I,F,327.11,1.781388888888889,-75.2863,-9.7911,36
21948,2,2022-10-24,23:38:08,07,MTP059,STP236,E,F,327.12,7.779722222222222,61.8085,70.5783,36
21952,1,2022-10-25,06:50:10,05,MTP059,STP236,I,F,327.29,1.6175,-75.6444,-126.9745,36
21952,2,2022-10-25,07:29:50,04,MTP059,STP236,E,F,327.31,7.810277777777777,62.3038,-43.737,36
21954,1,2022-10-25,10:45:53,13,MTP059,STP236,I,F,327.38,1.4905555555555556,-75.9948,173.7696,36
21954,2,2022-10-25,11:25:45,13,MTP059,STP236,E,F,327.4,7.833611111111111,62.427,-100.7802,36
21957,1,2022-10-25,16:39:40,11,MTP059,STP236,I,F,327.52,1.3677777777777778,-76.0991,85.8484,36
21961,1,2022-10-26,00:31:15,12,MTP059,STP236,I,F,327.7,1.1652777777777776,-76.4108,-31.9287,36
21961,2,2022-10-26,01:11:20,09,MTP059,STP236,E,F,327.71,7.858055555555556,63.1404,58.7118,36
21963,1,2022-10-26,04:27:01,07,MTP059,STP236,I,F,327.79,1.0680555555555555,-76.5453,-90.749,36
21963,2,2022-10-26,05:07:13,05,MTP059,STP236,E,F,327.81,7.879444444444445,63.4447,1.6422,36
21967,1,2022-10-26,12:18:36,04,MTP059,STP236,I,F,327.97,0.8547222222222222,-76.7989,151.3109,36
21967,2,2022-10-26,12:58:55,11,MTP059,STP236,E,F,327.99,7.891388888888889,63.6968,-112.9481,36
21970,1,2022-10-26,18:12:15,09,MTP059,STP236,I,F,328.11,0.7116666666666667,-77.0615,63.1204,36
21973,1,2022-10-27,00:06:01,12,MTP059,STP236,I,F,328.24,0.5552777777777779,-77.086,-25.3016,36
21973,2,2022-10-27,00:46:35,09,MTP059,STP236,E,F,328.26,7.930555555555556,64.3024,75.4596,36
21976,1,2022-10-27,05:59:40,07,MTP059,STP236,I,F,328.38,0.40055555555555555,-77.2001,-113.6666,36
21976,2,2022-10-27,06:40:23,05,MTP059,STP236,E,F,328.4,7.960555555555556,64.7037,-10.1767,36
21979,1,2022-10-27,11:53:20,04,MTP059,STP236,I,F,328.52,0.22194444444444444,-77.2979,157.6039,36
21979,2,2022-10-27,12:34:08,11,MTP059,STP236,E,F,328.53,7.964444444444444,64.8342,-96.1851,36
21982,1,2022-10-27,17:47:05,12,MTP059,STP236,I,F,328.65,0.09055555555555556,-77.3658,69.5618,36
21985,1,2022-10-27,23:40:47,09,MTP059,STP236,I,F,328.79,23.924722222222222,-77.4174,-18.9844,36
21987,1,2022-10-28,03:36:38,07,MTP059,STP236,I,F,328.88,23.82111111111111,-77.4403,-77.9225,36
21990,1,2022-10-28,10:11:22,05,MTP059,STP236,E,F,329.03,8.0325,65.831,-50.797,36
21992,1,2022-10-28,14:07:16,04,MTP059,STP236,E,F,329.12,8.040277777777778,65.9631,-108.0777,36
21996,1,2022-10-28,21:59:00,09,MTP059,STP236,E,F,329.3,8.091944444444445,66.3543,137.921,36
21999,1,2022-10-29,03:11:25,13,MTP059,STP236,I,F,329.42,23.179444444444446,-77.4887,-71.7814,36
22001,1,2022-10-29,07:07:13,11,MTP059,STP236,I,F,329.51,23.10666666666667,-77.3577,-130.2455,36
22008,1,2022-10-29,21:34:07,13,MTP060,STP237,E,F,329.84,8.16388888888889,67.3279,154.6857,36
22012,1,2022-10-30,05:25:53,04,MTP060,STP237,E,F,330.02,8.164722222222222,67.6439,39.9098,36
22015,1,2022-10-30,10:37:52,11,MTP060,STP237,I,F,330.14,22.433888888888887,-76.875,178.0407,36
22018,1,2022-10-30,16:31:40,12,MTP060,STP237,I,F,330.28,22.278055555555554,-76.6919,89.6177,36
22020,1,2022-10-30,20:27:26,09,MTP060,STP237,I,F,330.37,22.21472222222222,-76.624,31.3007,36
22023,1,2022-10-31,03:03:04,07,MTP060,STP237,E,F,330.52,8.221666666666668,68.4139,85.142,36
22025,1,2022-10-31,06:58:56,05,MTP060,STP237,E,F,330.61,8.245555555555555,68.6543,28.1095,36
22027,1,2022-10-31,10:54:41,11,MTP060,STP237,E,F,330.7,8.249166666666666,68.7375,-29.1986,36
22034,1,2022-10-31,23:58:11,04,MTP060,STP237,I,F,331.0,21.633333333333333,-75.6727,-19.0735,36
22036,1,2022-11-01,03:54:02,09,MTP060,STP237,I,F,331.09,21.534722222222225,-75.5893,-77.9348,36
22039,1,2022-11-01,10:29:52,09,MTP060,STP237,E,F,331.24,8.345833333333333,69.5873,-12.0775,36
22042,1,2022-11-01,16:23:38,09,MTP060,STP237,E,F,331.37,8.335277777777778,69.7801,-98.3175,36
22045,1,2022-11-01,21:35:13,12,MTP060,STP237,I,F,331.49,21.252777777777776,-74.7935,19.6317,36
22047,1,2022-11-02,01:31:04,05,MTP060,STP237,I,F,331.58,21.174444444444447,-74.5707,-38.9301,36
22049,1,2022-11-02,05:26:58,07,MTP060,STP237,I,F,331.67,21.11138888888889,-74.3903,-97.2722,36
22054,1,2022-11-02,15:58:42,04,MTP060,STP237,E,F,331.91,8.406944444444445,70.5881,-81.5505,36
22058,1,2022-11-02,23:50:21,11,MTP060,STP237,E,F,332.09,8.439444444444444,70.9027,164.1773,36
22060,1,2022-11-03,03:46:19,12,MTP060,STP237,E,F,332.18,8.444166666666668,70.9848,106.8341,36
22063,1,2022-11-03,08:57:48,09,MTP060,STP237,I,F,332.3,20.7125,-73.0378,-144.9298,36
22065,1,2022-11-03,12:53:33,13,MTP060,STP237,I,F,332.39,20.639444444444443,-72.8923,156.6132,36
22070,1,2022-11-03,23:25:29,13,MTP060,STP237,E,F,332.62,8.543333333333333,71.6663,-178.5887,36
22072,1,2022-11-04,03:21:20,07,MTP060,STP237,E,F,332.71,8.520555555555557,71.7621,123.6788,36
22075,1,2022-11-04,08:32:52,05,MTP060,STP237,I,F,332.83,20.410833333333333,-71.7058,-133.7667,36
22077,1,2022-11-04,12:28:37,11,MTP060,STP237,I,F,332.92,20.366388888888892,-71.4845,168.2023,36
22079,1,2022-11-04,16:24:31,04,MTP060,STP237,I,F,333.01,20.310555555555556,-71.1794,109.9647,36
22083,1,2022-11-05,00:58:24,09,MTP060,STP237,E,F,333.21,8.605,72.5166,169.3448,36
22085,1,2022-11-05,04:54:21,12,MTP060,STP237,E,F,333.29,8.609722222222222,72.5932,112.0039,36
22087,1,2022-11-05,08:50:12,05,MTP060,STP237,E,F,333.38,8.639722222222222,72.8012,55.0718,36
22093,1,2022-11-05,19:55:30,04,MTP060,STP238,I,F,333.64,20.031666666666666,-69.5206,64.0684,36
22096,1,2022-11-06,01:49:08,09,MTP060,STP238,I,F,333.77,19.961111111111112,-69.2224,-23.0372,36
22099,1,2022-11-06,08:25:16,09,MTP060,STP238,E,F,333.92,8.744166666666667,73.4522,72.32,36
22102,1,2022-11-06,14:18:54,11,MTP060,STP238,E,F,334.05,8.73861111111111,73.6652,-13.8106,36
22106,1,2022-11-06,21:28:33,12,MTP060,STP238,I,F,334.21,19.804166666666667,-67.8392,47.6332,36
22109,1,2022-11-07,03:22:15,09,MTP060,STP238,I,F,334.35,19.751666666666665,-67.3899,-39.2213,36
22111,1,2022-11-07,07:18:11,07,MTP060,STP238,I,F,334.44,19.71861111111111,-67.0979,-97.1254,36
22114,1,2022-11-07,13:53:54,05,MTP060,STP238,E,F,334.59,8.84,74.4146,3.4122,36
22116,1,2022-11-07,17:49:46,04,MTP060,STP238,E,F,334.67,8.85,74.5059,-53.8302,36
22122,1,2022-11-08,05:37:17,11,MTP060,STP238,E,F,334.94,8.896944444444443,74.8444,134.7174,36
22125,1,2022-11-08,10:49:10,12,MTP060,STP238,I,F,335.06,19.51861111111111,-65.1516,-141.845,36
22127,1,2022-11-08,14:44:56,13,MTP060,STP238,I,F,335.15,19.47722222222222,-64.9253,160.1681,36
22133,1,2022-11-09,03:14:19,13,MTP060,STP238,E,F,335.43,9.028055555555556,75.452,-178.9152,36
22135,1,2022-11-09,07:10:12,09,MTP060,STP238,E,F,335.52,9.0225,75.6324,123.6087,36
22138,1,2022-11-09,12:22:17,07,MTP060,STP238,I,F,335.63,19.35138888888889,-63.1812,-157.3963,36
22140,1,2022-11-09,16:18:08,05,MTP060,STP238,I,F,335.72,19.323055555555555,-62.7935,144.7906,36
22143,1,2022-11-09,22:12:03,04,MTP060,STP238,I,F,335.85,19.289722222222224,-62.3456,58.1711,36
22147,1,2022-11-10,06:45:11,11,MTP060,STP238,E,F,336.05,9.140555555555554,76.313,141.0745,36
22149,1,2022-11-10,10:41:02,12,MTP060,STP238,E,F,336.14,9.185277777777777,76.5008,84.3605,36
22151,1,2022-11-10,14:36:46,09,MTP060,STP238,E,F,336.22,9.207777777777777,76.6155,27.3379,36
22155,1,2022-11-10,21:47:20,07,MTP060,STP238,I,F,336.39,19.156388888888888,-60.3423,71.7949,36
22159,1,2022-11-11,05:39:01,09,MTP060,STP238,I,F,336.56,19.102777777777778,-59.7261,-43.7793,36
22162,1,2022-11-11,11:32:52,13,MTP060,STP238,I,F,336.69,19.075277777777778,-59.2609,-130.2892,36
22162,2,2022-11-11,12:13:54,09,MTP060,STP238,E,F,336.71,9.37138888888889,77.186,74.1643,36
22166,1,2022-11-11,19:24:40,05,MTP060,STP238,I,F,336.87,19.04388888888889,-58.372,114.4343,36
22166,2,2022-11-11,20:05:31,04,MTP060,STP238,E,F,336.89,9.383888888888889,77.4495,-40.4044,36
22169,1,2022-11-12,01:18:30,11,MTP060,STP238,I,F,337.0,19.020555555555553,-57.9535,27.9868,36
22172,1,2022-11-12,07:12:23,12,MTP060,STP238,I,F,337.14,18.98777777777778,-57.2836,-58.6126,36
22172,2,2022-11-12,07:53:01,09,MTP060,STP238,E,F,337.15,9.462777777777777,77.7803,148.6253,36
22174,1,2022-11-12,11:08:17,07,MTP060,STP238,I,F,337.22,18.97111111111111,-56.9478,-116.2669,36
22174,2,2022-11-12,11:48:51,05,MTP060,STP238,E,F,337.24,9.524166666666668,77.969,92.1589,36
22179,1,2022-11-12,21:38:28,09,MTP060,STP239,E,F,337.46,9.58,78.0669,-50.4724,36
22181,1,2022-11-13,00:53:55,04,MTP060,STP239,I,F,337.53,18.910833333333333,-55.6561,41.931,36
22181,2,2022-11-13,01:34:12,11,MTP060,STP239,E,F,337.55,9.62888888888889,78.3518,-107.0996,36
22184,1,2022-11-13,06:47:45,12,MTP060,STP239,I,F,337.66,18.88222222222222,-54.976,-44.5967,36
22184,2,2022-11-13,07:27:57,09,MTP060,STP239,E,F,337.68,9.6375,78.4337,166.9506,36
22187,1,2022-11-13,12:41:37,07,MTP060,STP239,I,F,337.8,18.859722222222224,-54.4534,-131.0378,36
22187,2,2022-11-13,13:21:41,05,MTP060,STP239,E,F,337.81,9.733055555555556,78.69,82.3102,36
22190,1,2022-11-13,18:35:28,11,MTP060,STP239,I,F,337.93,18.83111111111111,-53.7144,142.4308,36
22190,2,2022-11-13,19:15:22,04,MTP060,STP239,E,F,337.94,9.76361111111111,78.8115,-3.2916,36
22194,1,2022-11-14,02:27:14,13,MTP060,STP239,I,F,338.1,18.795555555555556,-53.1845,27.1032,36
22196,1,2022-11-14,06:23:12,09,MTP060,STP239,I,F,338.19,18.78527777777778,-52.5157,-30.4701,36
22196,2,2022-11-14,07:02:50,12,MTP060,STP239,E,F,338.21,9.872777777777777,79.1335,-173.7999,36
22200,1,2022-11-14,14:15:02,05,MTP060,STP239,I,F,338.37,18.75611111111111,-51.7133,-145.7175,36
22200,2,2022-11-14,14:54:28,07,MTP060,STP239,E,F,338.38,9.991388888888888,79.4104,73.2147,36
22202,1,2022-11-14,18:10:54,04,MTP060,STP239,I,F,338.45,18.739444444444445,-51.2177,156.638,36
22202,2,2022-11-14,18:50:16,11,MTP060,STP239,E,F,338.47,10.004166666666666,79.4708,16.0311,36
22205,1,2022-11-15,00:04:52,12,MTP060,STP239,I,F,338.59,18.71833333333333,-50.594,70.1913,36
22205,2,2022-11-15,00:44:05,09,MTP060,STP239,E,F,338.6,10.070277777777777,79.6309,-69.0691,36
22208,1,2022-11-15,05:58:39,09,MTP060,STP239,I,F,338.72,18.686666666666667,-49.9863,-16.3694,36
22208,2,2022-11-15,06:37:46,13,MTP060,STP239,E,F,338.73,10.125555555555556,79.6447,-154.3035,36
22210,1,2022-11-15,09:54:41,07,MTP060,STP239,I,F,338.81,18.68,-49.3685,-73.9039,36
22210,2,2022-11-15,10:33:37,05,MTP060,STP239,E,F,338.82,10.183333333333334,79.8882,149.1739,36
22212,1,2022-11-15,13:50:34,11,MTP060,STP239,I,F,338.89,18.668055555555558,-48.9852,-131.4836,36
22212,2,2022-11-15,14:29:22,04,MTP060,STP239,E,F,338.91,10.271944444444445,80.0418,93.1363,36
22215,1,2022-11-15,19:44:28,09,MTP060,STP239,I,F,339.02,18.64361111111111,-48.1294,142.039,36
22215,2,2022-11-15,20:23:06,12,MTP060,STP239,E,F,339.04,10.296388888888888,80.13,7.4315,36
22217,1,2022-11-16,00:18:59,05,MTP060,STP239,E,F,339.13,10.351944444444444,80.2344,-49.1342,36
22220,1,2022-11-16,05:34:13,13,MTP060,STP239,I,F,339.24,18.60388888888889,-47.1465,-2.064,36
22220,2,2022-11-16,06:12:36,09,MTP060,STP239,E,F,339.26,10.458333333333332,80.2893,-133.5865,36
22222,1,2022-11-16,09:30:17,07,MTP060,STP239,I,F,339.33,18.596944444444443,-46.4421,-59.608,36
22222,2,2022-11-16,10:08:30,04,MTP060,STP239,E,F,339.34,10.478333333333333,80.4684,169.3158,36
22225,1,2022-11-16,15:24:09,11,MTP060,STP239,I,F,339.46,18.578888888888887,-45.7603,-145.9844,36
22225,2,2022-11-16,16:02:09,12,MTP060,STP239,E,F,339.48,10.611944444444443,80.6551,85.266,36
22228,1,2022-11-16,21:18:06,09,MTP060,STP239,I,F,339.59,18.55638888888889,-44.8242,127.5486,36
22228,2,2022-11-16,21:55:52,07,MTP060,STP239,E,F,339.61,10.68361111111111,80.7746,0.269,36
22230,1,2022-11-17,01:14:04,05,MTP060,STP239,I,F,339.68,18.54638888888889,-44.4455,69.9827,36
22230,2,2022-11-17,01:51:42,11,MTP060,STP239,E,F,339.69,10.771944444444445,80.8839,-55.7933,36
22233,1,2022-11-17,07:07:53,09,MTP060,STP239,I,F,339.81,18.51833333333333,-43.7031,-16.5374,36
22233,2,2022-11-17,07:45:24,13,MTP060,STP239,E,F,339.83,10.82,80.8599,-141.1421,36
22235,1,2022-11-17,11:03:59,04,MTP060,STP239,I,F,339.9,18.5125,-42.9532,-74.0744,36
22235,2,2022-11-17,11:41:16,09,MTP060,STP239,E,F,339.91,10.904444444444445,81.0729,162.7355,36
22237,1,2022-11-17,14:59:52,12,MTP060,STP239,I,F,339.99,18.5025,-42.5288,-131.6224,36
22237,2,2022-11-17,15:37:00,05,MTP060,STP239,E,F,340.0,11.03277777777778,81.1906,107.2965,36
22240,1,2022-11-17,20:53:49,07,MTP060,STP239,I,F,340.12,18.481944444444444,-41.5408,141.9414,36
22240,2,2022-11-17,21:30:41,04,MTP060,STP239,E,F,340.13,11.119444444444445,81.2933,22.5326,36
22242,1,2022-11-18,01:26:34,11,MTP060,STP239,E,F,340.22,11.182777777777778,81.3615,-33.9155,36
22246,1,2022-11-18,08:41:41,13,MTP060,STP239,I,F,340.38,18.439166666666665,-39.9593,-30.9448,36
22246,2,2022-11-18,09:18:10,09,MTP060,STP239,E,F,340.39,11.289166666666667,81.3687,-147.0764,36
22248,1,2022-11-18,12:37:46,12,MTP060,STP239,I,F,340.47,18.434166666666666,-39.1526,-88.4728,36
22248,2,2022-11-18,13:13:57,09,MTP060,STP239,E,F,340.48,11.465833333333332,81.5806,158.1983,36
22251,1,2022-11-18,19:07:34,07,MTP060,STP239,E,F,340.61,11.581944444444444,81.6655,73.8953,36
22253,1,2022-11-18,22:27:42,05,MTP060,STP239,I,F,340.68,18.403888888888886,-37.4957,127.5219,36
22253,2,2022-11-18,23:03:26,11,MTP060,STP239,E,F,340.7,11.6525,81.7162,17.5603,36
22255,1,2022-11-19,02:23:44,04,MTP060,STP239,I,F,340.77,18.394166666666667,-36.9638,69.9435,36
22256,1,2022-11-19,03:25:04,09,MTP060,STP239,C,F,340.79,7.099722222222222,29.8629,-114.3962,36
22259,1,2022-11-19,10:15:40,09,MTP060,STP239,I,F,340.95,18.363055555555558,-35.6979,-45.3604,36
22259,2,2022-11-19,10:50:56,13,MTP060,STP239,E,F,340.96,11.847222222222223,81.7389,-151.6775,36
22260,1,2022-11-19,16:44:29,04,MTP060,STP240,E,F,341.09,12.182777777777778,81.8999,127.3245,36
22264,1,2022-11-19,20:05:39,11,MTP060,STP240,I,F,341.16,18.342499999999998,-33.8332,170.7684,36
22264,2,2022-11-19,20:40:15,12,MTP060,STP240,E,F,341.18,12.242222222222221,81.9284,70.8423,36
22267,1,2022-11-20,01:02:36,13,MTP060,STP240,C,F,341.27,6.6819444444444445,28.5376,-76.4005,36
22268,1,2022-11-20,04:31:53,09,MTP060,STP240,E,F,341.35,12.48861111111111,81.9503,-40.2243,36
22270,1,2022-11-20,07:53:41,07,MTP060,STP240,I,F,341.42,18.310555555555556,-31.7205,-1.9971,36
22270,2,2022-11-20,08:27:38,05,MTP060,STP240,E,F,341.44,12.553333333333335,81.9675,-96.6206,36
22273,1,2022-11-20,13:47:47,13,MTP060,STP240,I,F,341.55,18.286944444444448,-30.6855,-88.517,36
22273,2,2022-11-20,14:21:27,09,MTP060,STP240,E,F,341.57,12.700277777777776,81.8583,179.4897,36
22275,1,2022-11-20,17:43:49,11,MTP060,STP240,I,F,341.64,18.2825,-29.7051,-146.0217,36
22275,2,2022-11-20,18:17:06,04,MTP060,STP240,E,F,341.65,12.898333333333333,81.9194,125.1164,36
22278,1,2022-11-20,23:37:55,09,MTP060,STP240,I,F,341.77,18.266111111111112,-28.4573,127.5675,36
22278,2,2022-11-21,00:10:51,12,MTP060,STP240,E,F,341.78,13.020555555555557,81.9086,40.8706,36
22280,1,2022-11-21,03:34:00,05,MTP060,STP240,I,F,341.86,18.25611111111111,-27.7095,69.9715,36
22280,2,2022-11-21,04:06:38,07,MTP060,STP240,E,F,341.87,13.186666666666667,81.8418,-14.0128,36
22283,1,2022-11-21,09:28:01,04,MTP060,STP240,I,F,341.99,18.239722222222223,-26.3888,-16.4234,36
22283,2,2022-11-21,10:00:17,11,MTP060,STP240,E,F,342.0,13.31027777777778,81.8093,-98.2152,36
22286,1,2022-11-21,15:22:06,09,MTP060,STP240,I,F,342.12,18.218055555555555,-25.3126,-102.909,36
22286,2,2022-11-21,15:54:02,13,MTP060,STP240,E,F,342.13,13.511388888888888,81.5805,178.7241,36
22288,1,2022-11-21,19:18:11,12,MTP060,STP240,I,F,342.21,18.213055555555556,-24.1563,-160.431,36
22288,2,2022-11-21,19:49:42,09,MTP060,STP240,E,F,342.22,13.665000000000001,81.5927,123.6794,36
22290,1,2022-11-21,23:14:18,07,MTP060,STP240,I,F,342.29,18.201666666666664,-23.1648,141.9455,36
22290,2,2022-11-21,23:45:28,05,MTP060,STP240,E,F,342.3,13.824166666666667,81.4608,68.6981,36
22294,1,2022-11-22,07:06:24,11,MTP060,STP240,I,F,342.47,18.182222222222222,-21.4186,26.7713,36
22294,2,2022-11-22,07:36:56,04,MTP060,STP240,E,F,342.48,14.112777777777778,81.1755,-41.6955,36
22296,1,2022-11-22,11:02:35,09,MTP060,STP240,I,F,342.55,18.17,-20.2805,-30.8818,36
22296,2,2022-11-22,11:32:49,12,MTP060,STP240,E,F,342.56,14.137777777777778,81.1816,-98.7214,36
22299,1,2022-11-22,16:56:40,13,MTP060,STP240,I,F,342.68,18.149722222222223,-19.1074,-117.3475,36
22299,2,2022-11-22,17:26:29,13,MTP060,STP240,E,F,342.69,14.320833333333333,80.8328,177.9596,36
22301,1,2022-11-22,20:52:49,05,MTP060,STP240,I,F,342.77,18.14361111111111,-17.6989,-174.9065,36
22301,2,2022-11-22,21:22:09,07,MTP060,STP240,E,F,342.78,14.48,80.7379,123.0021,36
22304,1,2022-11-23,03:15:51,04,MTP060,STP240,E,F,342.91,14.67611111111111,80.4247,39.877,36
22307,1,2022-11-23,08:41:11,11,MTP060,STP240,I,F,343.03,18.11277777777778,-14.5362,12.2603,36
22307,2,2022-11-23,09:09:21,12,MTP060,STP240,E,F,343.04,14.881388888888889,80.0362,-43.0645,36
22309,1,2022-11-23,12:37:30,09,MTP060,STP240,I,F,343.12,18.099722222222223,-13.1229,-45.4381,36
22309,2,2022-11-23,13:05:12,07,MTP060,STP240,E,F,343.13,14.965277777777777,79.8774,-99.2005,36
22312,1,2022-11-23,18:31:35,13,MTP060,STP240,I,F,343.25,18.079444444444444,-11.7369,-131.9072,36
22312,2,2022-11-23,18:58:48,09,MTP060,STP240,E,F,343.26,15.11,79.4028,176.9311,36
22314,1,2022-11-23,22:27:51,05,MTP060,STP240,I,F,343.33,18.072222222222223,-10.037,170.4896,36
22314,2,2022-11-23,22:54:27,11,MTP060,STP240,E,F,343.34,15.27638888888889,79.1121,122.0839,36
22315,1,2022-11-24,00:25:59,12,MTP060,STP240,I,F,343.38,18.066666666666666,-9.3862,141.6597,36
22315,2,2022-11-24,00:52:20,09,MTP060,STP240,E,F,343.38,15.337777777777779,78.9369,94.3174,36
22316,1,2022-11-24,02:50:14,04,MTP060,STP240,E,F,343.43,15.385277777777777,78.8001,66.3419,36
22320,1,2022-11-24,10:16:26,05,MTP060,STP240,I,F,343.59,18.039722222222224,-6.2257,-2.4217,36
22320,2,2022-11-24,10:41:36,07,MTP060,STP240,E,F,343.6,15.588611111111112,78.1401,-45.3136,36
22322,1,2022-11-24,14:12:42,09,MTP060,STP240,I,F,343.68,18.021944444444443,-4.9816,-60.1824,36
22322,2,2022-11-24,14:37:29,13,MTP060,STP240,E,F,343.69,15.613333333333333,77.9083,-102.341,36
22325,1,2022-11-24,20:07:04,04,MTP060,STP240,I,F,343.81,18.009444444444444,-2.5321,-146.6015,36
22325,2,2022-11-24,20:30:49,11,MTP060,STP240,E,F,343.82,15.864444444444445,77.007,175.4441,36
22327,1,2022-11-25,00:03:24,12,MTP060,STP240,I,F,343.89,17.995555555555555,-0.796,155.6806,36
22327,2,2022-11-25,00:26:33,09,MTP060,STP240,E,F,343.9,15.948055555555555,76.615,119.3392,36
22330,1,2022-11-25,05:57:47,07,MTP060,STP240,I,F,344.02,17.979999999999997,1.1585,69.2162,36
22330,2,2022-11-25,06:20:06,05,MTP060,STP240,E,F,344.03,16.092499999999998,75.8381,35.4722,36
22333,1,2022-11-25,11:52:18,11,MTP060,STP240,I,F,344.15,17.95777777777778,4.0121,-17.3865,36
22333,2,2022-11-25,12:13:35,04,MTP060,STP240,E,F,344.16,16.209166666666665,75.1395,-48.7983,36
22335,1,2022-11-25,15:48:37,13,MTP060,STP240,I,F,344.24,17.939444444444444,5.4402,-75.1672,36
22335,2,2022-11-25,16:09:21,09,MTP060,STP240,E,F,344.25,16.26361111111111,74.557,-105.3486,36
22338,1,2022-11-25,21:43:14,09,MTP060,STP240,I,F,344.37,17.921111111111113,8.7547,-161.733,36
22338,2,2022-11-25,22:02:35,12,MTP060,STP240,E,F,344.38,16.448333333333334,73.3269,171.4623,36
22340,1,2022-11-26,01:39:41,05,MTP060,STP240,I,F,344.45,17.905555555555555,10.7699,140.4935,36
22340,2,2022-11-26,01:58:14,07,MTP060,STP240,E,F,344.46,16.5325,72.5626,115.3824,36
22383,1,2022-11-29,13:26:13,03,MTP061,STP241,C,F,346.28,5.340833333333333,-59.3633,168.8544,36
22395,1,2022-11-30,13:03:14,04,MTP061,STP241,C,F,346.8,5.171111111111111,-65.5849,-178.5124,36
22525,1,2022-12-11,05:47:42,09,MTP061,STP243,I,F,352.32,6.5377777777777775,66.104,53.3357,36
22525,2,2022-12-11,06:06:16,09,MTP061,STP243,E,F,352.33,6.030277777777778,3.0904,41.2017,36
22526,1,2022-12-11,07:45:52,12,MTP061,STP243,I,F,352.36,6.479444444444445,65.325,23.7024,36
22526,2,2022-12-11,08:04:11,12,MTP061,STP243,E,F,352.37,6.014444444444444,3.0479,12.2726,36
22527,1,2022-12-11,09:43:36,11,MTP061,STP243,I,F,352.41,6.5175,66.2452,-4.3768,36
22527,2,2022-12-11,10:02:33,12,MTP061,STP243,E,F,352.41,6.017777777777778,1.8075,-16.485,36
22530,1,2022-12-11,15:37:01,09,MTP061,STP243,I,F,352.53,6.536388888888888,67.325,-90.0956,36
22530,2,2022-12-11,15:57:10,07,MTP061,STP243,E,F,352.54,6.006111111111111,-1.3447,-102.9581,36
22532,1,2022-12-11,19:32:34,05,MTP061,STP243,I,F,352.61,6.56,68.398,-147.0658,36
22532,2,2022-12-11,19:53:29,04,MTP061,STP243,E,F,352.62,6.000277777777778,-2.9306,-160.55,36
22536,1,2022-12-12,03:23:55,11,MTP061,STP243,I,F,352.78,6.5841666666666665,69.6252,98.5925,36
22536,2,2022-12-12,03:46:12,12,MTP061,STP243,E,F,352.79,5.987222222222222,-6.64,84.215,36
22537,1,2022-12-12,05:21:49,12,MTP061,STP243,I,F,352.82,6.554722222222222,69.5143,69.4598,36
22537,2,2022-12-12,05:44:10,12,MTP061,STP243,E,F,352.83,5.977777777777778,-7.0605,55.3683,36
22538,1,2022-12-12,07:19:28,13,MTP061,STP243,I,F,352.87,6.633333333333333,70.6394,42.0062,36
22538,2,2022-12-12,07:42:33,13,MTP061,STP243,E,F,352.87,5.988888888888889,-8.3498,26.723,36
22541,1,2022-12-12,13:13:11,09,MTP061,STP243,I,F,352.99,6.615833333333333,71.0909,-44.3304,36
22541,2,2022-12-12,13:36:54,07,MTP061,STP243,E,F,353.0,5.9752777777777775,-10.2786,-59.713,36
22543,1,2022-12-12,17:08:51,05,MTP061,STP243,I,F,353.07,6.623333333333334,71.4964,-101.5707,36
22543,2,2022-12-12,17:33:06,04,MTP061,STP243,E,F,353.08,5.970277777777778,-11.7664,-117.265,36
22545,1,2022-12-12,21:04:31,11,MTP061,STP243,I,F,353.16,6.6483333333333325,72.3485,-158.5489,36
22545,2,2022-12-12,21:29:19,12,MTP061,STP243,E,F,353.17,5.966666666666667,-12.971,-174.8066,36
22549,1,2022-12-13,04:55:56,09,MTP061,STP243,I,F,353.33,6.6688888888888895,73.2324,87.0396,36
22549,2,2022-12-13,05:21:47,07,MTP061,STP243,E,F,353.33,5.9575000000000005,-15.9383,70.0798,36
22550,1,2022-12-13,06:53:53,12,MTP061,STP243,I,F,353.37,6.6325,73.1202,57.7942,36
22550,2,2022-12-13,07:19:45,12,MTP061,STP243,E,F,353.38,5.948333333333333,-16.2271,41.2375,36
22551,1,2022-12-13,08:51:37,09,MTP061,STP243,I,F,353.41,6.722222222222222,74.0093,30.489,36
22551,2,2022-12-13,09:18:04,09,MTP061,STP243,E,F,353.42,5.961388888888889,-17.2187,12.6387,36
22553,1,2022-12-13,12:47:30,05,MTP061,STP243,I,F,353.49,6.692222222222222,74.1299,-27.3639,36
22553,2,2022-12-13,13:14:13,04,MTP061,STP243,E,F,353.5,5.950833333333334,-18.2614,-44.9887,36
22556,1,2022-12-13,18:41:01,11,MTP061,STP243,I,F,353.62,6.71,74.772,-113.1308,36
22556,2,2022-12-13,19:08:25,12,MTP061,STP243,E,F,353.63,5.945555555555556,-20.1044,-131.263,36
22558,1,2022-12-13,22:36:49,09,MTP061,STP243,I,F,353.7,6.7252777777777775,75.2574,-170.2818,36
22562,1,2022-12-14,06:28:13,07,MTP061,STP243,I,F,353.87,6.753055555555555,76.1134,75.4174,36
22562,2,2022-12-14,06:56:52,05,MTP061,STP243,E,F,353.88,5.936388888888889,-23.5323,56.1967,36
22563,1,2022-12-14,08:26:14,12,MTP061,STP243,I,F,353.91,6.7011111111111115,75.856,45.9174,36
22563,2,2022-12-14,08:54:52,12,MTP061,STP243,E,F,353.92,5.926944444444445,-23.8964,27.3349,36
22564,1,2022-12-14,10:23:59,13,MTP061,STP243,I,F,353.95,6.808888888888888,76.6764,18.8826,36
22564,2,2022-12-14,10:53:08,13,MTP061,STP243,E,F,353.96,5.941666666666667,-24.6873,-1.2232,36
22567,1,2022-12-14,16:17:42,04,MTP061,STP243,I,F,354.08,6.773055555555556,76.8734,-67.7374,36
22567,2,2022-12-14,16:47:16,11,MTP061,STP243,E,F,354.09,5.929722222222223,-26.2308,-87.5804,36
22569,1,2022-12-14,20:13:24,12,MTP061,STP243,I,F,354.16,6.796388888888889,77.4073,-124.7442,36
22569,2,2022-12-14,20:43:18,09,MTP061,STP243,E,F,354.17,5.928055555555556,-27.0199,-145.0479,36
22571,1,2022-12-15,00:09:17,07,MTP061,STP243,I,F,354.24,6.804166666666666,77.6852,177.9703,36
22575,1,2022-12-15,08:00:44,05,MTP061,STP243,I,F,354.41,6.831388888888888,78.3874,63.6496,36
22575,2,2022-12-15,08:31:38,04,MTP061,STP243,E,F,354.42,5.921388888888889,-29.9508,42.4816,36
22577,1,2022-12-15,11:56:31,09,MTP061,STP243,I,F,354.49,6.894166666666666,78.8492,7.2105,36
22577,2,2022-12-15,12:27:51,09,MTP061,STP243,E,F,354.5,5.927777777777778,-30.9983,-14.9098,36
22578,1,2022-12-15,13:54:33,12,MTP061,STP243,I,F,354.53,6.7813888888888885,78.4955,-23.2045,36
22578,2,2022-12-15,14:25:46,12,MTP061,STP243,E,F,354.55,5.9094444444444445,-31.3072,-43.883,36
22579,1,2022-12-15,15:52:21,11,MTP061,STP243,I,F,354.58,6.8469444444444445,78.9011,-50.89,36
22579,2,2022-12-15,16:23:51,12,MTP061,STP243,E,F,354.59,5.9175,-31.8718,-72.4979,36
22583,1,2022-12-15,23:43:55,09,MTP061,STP243,I,F,354.74,6.885833333333333,79.6677,-165.0639,36
22586,1,2022-12-16,05:37:31,07,MTP061,STP243,I,F,354.87,6.902222222222223,80.0698,109.1306,36
22586,2,2022-12-16,06:10:02,05,MTP061,STP243,E,F,354.88,5.912222222222223,-34.8253,86.3695,36
22589,1,2022-12-16,11:31:16,04,MTP061,STP243,I,F,354.99,6.926666666666667,80.5356,23.4089,36
22589,2,2022-12-16,12:04:10,11,MTP061,STP243,E,F,355.0,5.911111111111111,-35.8763,0.1694,36
22591,1,2022-12-16,15:27:00,13,MTP061,STP243,I,F,355.07,7.001666666666667,80.9322,-32.8315,36
22591,2,2022-12-16,16:00:17,13,MTP061,STP243,E,F,355.09,5.918333333333334,-36.8742,-57.1777,36
22594,1,2022-12-16,21:20:46,12,MTP061,STP243,I,F,355.2,6.883333333333333,80.9752,-120.6962,36
22594,2,2022-12-16,21:54:08,12,MTP061,STP243,E,F,355.21,5.898888888888888,-37.6615,-143.5842,36
22595,1,2022-12-16,23:18:38,12,MTP061,STP243,I,F,355.24,6.977222222222222,81.4183,-147.9747,36
22595,2,2022-12-16,23:52:17,09,MTP061,STP243,E,F,355.25,5.908055555555556,-38.1604,-172.1975,36
22598,1,2022-12-17,05:12:20,07,MTP061,STP243,I,F,355.37,6.984166666666667,81.6812,126.0559,36
22600,1,2022-12-17,09:08:05,05,MTP061,STP243,I,F,355.45,7.017222222222222,82.0734,69.1813,36
22600,2,2022-12-17,09:42:18,04,MTP061,STP243,E,F,355.46,5.906388888888889,-39.9492,44.1925,36
22602,1,2022-12-17,17:34:22,11,MTP061,STP244,E,F,355.63,5.905277777777778,-41.4226,-70.7077,36
22606,1,2022-12-17,20:55:25,09,MTP061,STP244,I,F,355.7,7.152222222222223,82.9511,-100.9271,36
22606,2,2022-12-17,21:30:22,09,MTP061,STP244,E,F,355.71,5.915,-42.0421,-127.9908,36
22607,1,2022-12-17,22:53:28,12,MTP061,STP244,I,F,355.74,6.974444444444445,82.6855,-132.3227,36
22607,2,2022-12-17,23:28:17,12,MTP061,STP244,E,F,355.75,5.894722222222222,-42.2208,-156.9928,36
22608,1,2022-12-18,00:51:21,12,MTP061,STP244,I,F,355.78,7.0938888888888885,83.1016,-159.2198,36
22613,1,2022-12-18,10:40:49,09,MTP061,STP244,I,F,355.99,7.144444444444445,83.6915,58.0888,36
22613,2,2022-12-18,11:16:22,07,MTP061,STP244,E,F,356.0,5.905,-44.1743,30.8483,36
22614,1,2022-12-18,12:38:50,12,MTP061,STP244,I,F,356.03,7.028611111111111,83.5158,27.6322,36
22614,2,2022-12-18,13:14:23,12,MTP061,STP244,E,F,356.04,5.8936111111111105,-44.567,1.9547,36
22616,1,2022-12-18,16:34:34,05,MTP061,STP244,I,F,356.11,7.168055555555556,83.9871,-27.6479,36
22616,2,2022-12-18,17:10:25,04,MTP061,STP244,E,F,356.12,5.904722222222222,-45.2542,-55.3192,36
22619,1,2022-12-18,22:28:13,11,MTP061,STP244,I,F,356.24,7.234166666666667,84.4625,-112.7151,36
22619,2,2022-12-18,23:04:19,12,MTP061,STP244,E,F,356.25,5.905833333333334,-45.9465,-141.4256,36
22622,1,2022-12-19,04:58:28,13,MTP061,STP244,E,F,356.37,5.9158333333333335,-47.2315,132.5372,36
22625,1,2022-12-19,10:15:43,12,MTP061,STP244,I,F,356.48,7.150555555555556,84.8273,73.853,36
22625,2,2022-12-19,10:52:13,12,MTP061,STP244,E,F,356.5,5.894722222222222,-47.7984,46.133,36
22626,1,2022-12-19,12:13:36,09,MTP061,STP244,I,F,356.52,7.330277777777778,85.2042,47.8613,36
22626,2,2022-12-19,12:50:18,07,MTP061,STP244,E,F,356.54,5.907222222222223,-48.006,17.5885,36
22628,1,2022-12-19,16:09:26,05,MTP061,STP244,I,F,356.61,7.3525,85.3806,-9.1956,36
22628,2,2022-12-19,16:46:18,04,MTP061,STP244,E,F,356.62,5.907500000000001,-48.6761,-39.8398,36
22630,1,2022-12-19,20:05:11,11,MTP061,STP244,I,F,356.69,7.375555555555555,85.5539,-66.2205,36
22630,2,2022-12-19,20:42:11,12,MTP061,STP244,E,F,356.7,5.908611111111111,-49.1594,-97.2301,36
22633,1,2022-12-20,01:58:57,09,MTP061,STP244,I,F,356.81,7.487222222222222,86.01,-150.6395,36
22635,1,2022-12-20,06:32:13,09,MTP061,STP244,E,F,356.91,5.921944444444445,-50.7105,119.3802,36
22637,1,2022-12-20,09:50:29,07,MTP061,STP244,I,F,356.98,7.610833333333333,86.4702,96.4637,36
22637,2,2022-12-20,10:28:02,05,MTP061,STP244,E,F,356.99,5.9125000000000005,-50.9205,61.8492,36
22638,1,2022-12-20,11:48:30,12,MTP061,STP244,I,F,357.02,7.3916666666666675,86.3285,64.4544,36
22638,2,2022-12-20,12:26:00,12,MTP061,STP244,E,F,357.03,5.900277777777778,-51.1396,32.9609,36
22640,1,2022-12-20,15:44:19,04,MTP061,STP244,I,F,357.1,7.669444444444445,86.7105,11.2343,36
22640,2,2022-12-20,16:22:04,11,MTP061,STP244,E,F,357.12,5.9141666666666675,-51.6944,-24.2795,36
22642,1,2022-12-20,19:40:04,12,MTP061,STP244,I,F,357.19,7.723888888888889,86.8877,-45.3192,36
22642,2,2022-12-20,20:17:58,09,MTP061,STP244,E,F,357.2,5.915277777777778,-52.2441,-81.671,36
22646,1,2022-12-21,03:31:47,07,MTP061,STP244,I,F,357.35,7.945833333333334,87.3596,-156.7866,36
22646,2,2022-12-21,04:09:56,05,MTP061,STP244,E,F,357.36,5.918333333333334,-53.1903,163.519,36
22648,1,2022-12-21,07:27:28,13,MTP061,STP244,I,F,357.43,8.292777777777777,87.5863,151.0624,36
22648,2,2022-12-21,08:05:50,13,MTP061,STP244,E,F,357.45,5.932222222222222,-53.7564,106.3181,36
22650,1,2022-12-21,11:23:24,12,MTP061,STP244,I,F,357.52,7.801666666666667,87.5822,86.2787,36
22650,2,2022-12-21,12:01:39,12,MTP061,STP244,E,F,357.53,5.908333333333334,-54.0216,48.5696,36
22651,1,2022-12-21,13:21:18,04,MTP061,STP244,I,F,357.56,8.258333333333333,87.8469,64.438,36
22651,2,2022-12-21,13:59:45,11,MTP061,STP244,E,F,357.57,5.923055555555556,-54.2413,20.0519,36
22653,1,2022-12-21,17:17:07,12,MTP061,STP244,I,F,357.64,8.424166666666666,88.0348,9.5386,36
22653,2,2022-12-21,17:55:43,09,MTP061,STP244,E,F,357.65,5.924722222222223,-54.8157,-37.3495,36
22656,1,2022-12-21,23:10:47,07,MTP061,STP244,I,F,357.76,8.846666666666668,88.3592,-70.1919,36
22656,2,2022-12-21,23:49:31,05,MTP061,STP244,E,F,357.78,5.928333333333334,-55.2852,-123.3962,36
22660,1,2022-12-22,07:41:28,04,MTP061,STP244,E,F,357.94,5.9319444444444445,-56.3695,121.8079,36
22662,1,2022-12-22,10:58:14,09,MTP061,STP244,I,F,358.01,10.321388888888889,88.7642,139.7638,36
22662,2,2022-12-22,11:37:23,09,MTP061,STP244,E,F,358.02,5.948055555555555,-56.7091,64.6344,36
22663,1,2022-12-22,12:56:15,12,MTP061,STP244,I,F,358.05,9.310833333333335,88.8571,95.8827,36
22663,2,2022-12-22,13:35:19,12,MTP061,STP244,E,F,358.06,5.921111111111111,-56.8812,35.5339,36
22664,1,2022-12-22,14:54:09,11,MTP061,STP244,I,F,358.09,10.509444444444444,88.9483,85.1692,36
22664,2,2022-12-22,15:33:22,12,MTP061,STP244,E,F,358.11,5.937222222222222,-57.0678,7.0444,36
22668,1,2022-12-22,22:45:45,09,MTP061,STP244,I,F,358.26,11.736388888888888,89.0952,-11.1973,36
22668,2,2022-12-22,23:25:06,07,MTP061,STP244,E,F,358.27,5.942777777777778,-57.7818,-107.6724,36
22670,1,2022-12-23,02:41:39,05,MTP061,STP244,I,F,358.34,12.881944444444445,89.1087,-51.417,36
22674,1,2022-12-23,10:33:12,04,MTP061,STP244,I,F,358.5,14.524444444444445,88.9896,-141.5382,36
22674,2,2022-12-23,11:12:51,11,MTP061,STP244,E,F,358.52,5.951388888888889,-59.0121,80.2143,36
22675,1,2022-12-23,12:31:13,12,MTP061,STP244,I,F,358.54,14.359166666666667,89.1891,-172.7377,36
22675,2,2022-12-23,13:10:48,12,MTP061,STP244,E,F,358.56,5.937222222222222,-59.2169,51.2974,36
22676,1,2022-12-23,14:29:04,13,MTP061,STP244,I,F,358.59,15.141666666666666,88.7164,170.3222,36
22676,2,2022-12-23,15:08:55,13,MTP061,STP244,E,F,358.6,5.968888888888889,-59.4244,23.0307,36
22680,1,2022-12-23,22:20:43,12,MTP061,STP244,I,F,358.75,15.983055555555556,88.6252,68.1604,36
22680,2,2022-12-23,23:00:37,09,MTP061,STP244,E,F,358.76,5.961111111111111,-60.0837,-91.881,36
22682,1,2022-12-24,02:16:37,07,MTP061,STP244,I,F,358.83,16.374444444444446,88.4067,16.626,36
22682,2,2022-12-24,02:56:36,05,MTP061,STP244,E,F,358.85,5.964444444444444,-60.4331,-149.254,36
22685,1,2022-12-24,08:50:29,04,MTP061,STP244,E,F,358.97,5.969722222222222,-61.1415,124.7015,36
22686,1,2022-12-24,10:08:15,12,MTP061,STP244,I,F,359.0,16.891388888888887,88.3622,-90.4023,36
22686,2,2022-12-24,10:48:19,12,MTP061,STP244,E,F,359.01,5.954722222222222,-61.295,95.8004,36
22691,1,2022-12-24,19:57:48,09,MTP062,STP245,I,F,359.2,17.030833333333334,87.5651,128.2189,36
22691,2,2022-12-24,20:38:16,09,MTP062,STP245,E,F,359.22,5.997222222222223,-62.2176,-47.1349,36
22693,1,2022-12-24,23:53:38,12,MTP062,STP245,I,F,359.28,17.300833333333333,87.4425,74.8732,36
22693,2,2022-12-25,00:34:04,09,MTP062,STP245,E,F,359.3,5.985555555555556,-62.3501,-104.6896,36
22697,1,2022-12-25,08:25:57,07,MTP062,STP245,E,F,359.46,5.994166666666667,-63.1629,140.5998,36
22699,1,2022-12-25,11:41:09,05,MTP062,STP245,I,F,359.53,17.560000000000002,86.86,-93.419,36
22699,2,2022-12-25,12:21:46,04,MTP062,STP245,E,F,359.54,5.998611111111111,-63.362,83.2791,36
22701,1,2022-12-25,15:37:06,12,MTP062,STP245,I,F,359.61,17.746944444444445,86.8751,-148.0346,36
22701,2,2022-12-25,16:17:44,12,MTP062,STP245,E,F,359.62,5.985,-63.7908,25.6474,36
22702,1,2022-12-25,17:35:00,11,MTP062,STP245,I,F,359.65,17.655555555555555,86.571,-178.0957,36
22702,2,2022-12-25,18:15:46,12,MTP062,STP245,E,F,359.67,6.0055555555555555,-63.9291,-2.7668,36
22705,1,2022-12-25,23:28:39,13,MTP062,STP245,I,F,359.77,17.627222222222223,86.2307,95.414,36
22705,2,2022-12-26,00:09:34,13,MTP062,STP245,E,F,359.79,6.03,-64.3808,-88.5019,36
22707,1,2022-12-26,03:24:36,12,MTP062,STP245,I,F,359.86,17.89611111111111,86.2351,42.0249,36
22708,1,2022-12-26,05:22:32,09,MTP062,STP245,I,F,359.9,17.80638888888889,85.9703,11.9768,36
22708,2,2022-12-26,06:03:28,07,MTP062,STP245,E,F,359.91,6.020555555555555,-64.8592,-174.7689,36
22710,1,2022-12-26,09:18:18,05,MTP062,STP245,I,F,359.98,17.845,85.8194,-44.8159,36
22711,1,2022-12-26,11:57:10,12,MTP062,STP245,E,F,0.03,6.009166666666666,-65.4049,98.9851,37
22715,1,2022-12-26,19:49:05,04,MTP062,STP245,E,F,0.2,6.039722222222222,-65.9398,-15.4052,37
22717,1,2022-12-26,23:44:54,11,MTP062,STP245,E,F,0.28,6.045277777777778,-66.1796,-72.7095,37
22720,1,2022-12-27,04:57:33,12,MTP062,STP245,I,F,0.39,18.003333333333334,84.7378,30.5746,37
22723,1,2022-12-27,10:51:13,09,MTP062,STP245,I,F,0.51,18.039166666666667,84.488,-54.9576,37
22724,1,2022-12-27,13:30:27,12,MTP062,STP245,E,F,0.57,6.046944444444445,-67.2322,86.4094,37
22725,1,2022-12-27,14:47:09,12,MTP062,STP245,I,F,0.59,18.148055555555555,84.4243,-110.7435,37
22726,1,2022-12-27,17:26:28,07,MTP062,STP245,E,F,0.65,6.072777777777778,-67.4135,29.3568,37
22728,1,2022-12-27,21:22:22,05,MTP062,STP245,E,F,0.73,6.08,-67.8002,-27.9448,37
22730,1,2022-12-28,01:18:13,09,MTP062,STP245,E,F,0.81,6.105833333333333,-67.9899,-84.9536,37
22731,1,2022-12-28,02:34:40,12,MTP062,STP245,I,F,0.84,18.196666666666665,83.8008,77.8045,37
22733,1,2022-12-28,07:12:03,12,MTP062,STP245,E,F,0.93,6.076388888888888,-68.5328,-171.5017,37
22737,1,2022-12-28,14:22:07,09,MTP062,STP245,I,F,1.08,18.101111111111113,82.9567,-95.7978,37
22739,1,2022-12-28,18:18:03,04,MTP062,STP245,I,F,1.16,18.176111111111112,82.7979,-152.0848,37
22741,1,2022-12-28,22:13:50,11,MTP062,STP245,I,F,1.24,18.190555555555555,82.6539,150.7505,37
22744,1,2022-12-29,04:49:23,12,MTP062,STP245,E,F,1.38,6.138333333333334,-69.7839,-126.2965,37
22746,1,2022-12-29,08:45:18,09,MTP062,STP245,E,F,1.46,6.147222222222223,-70.1117,176.4232,37
22748,1,2022-12-29,11:59:18,12,MTP062,STP245,I,F,1.53,18.294444444444448,82.0807,-48.5827,37
22749,1,2022-12-29,14:38:59,12,MTP062,STP245,E,F,1.58,6.1369444444444445,-70.5151,90.1958,37
22750,1,2022-12-29,15:55:11,07,MTP062,STP245,I,F,1.61,18.2375,81.6282,-106.8389,37
22752,1,2022-12-29,19:51:03,05,MTP062,STP245,I,F,1.69,18.247500000000002,81.4423,-164.0881,37
22755,1,2022-12-30,02:26:40,04,MTP062,STP245,E,F,1.83,6.185833333333334,-71.129,-81.2939,37
22756,1,2022-12-30,03:42:45,12,MTP062,STP245,I,F,1.85,18.322499999999998,81.1595,82.2403,37
22758,1,2022-12-30,08:20:34,11,MTP062,STP245,E,F,1.95,6.200833333333334,-71.5451,-167.1971,37
22761,1,2022-12-30,14:14:18,13,MTP062,STP245,E,F,2.07,6.238611111111111,-71.8468,107.2822,37
22764,1,2022-12-30,19:26:07,13,MTP062,STP245,I,F,2.18,18.249444444444446,80.1,-148.4354,37
22765,1,2022-12-30,22:06:04,12,MTP062,STP245,E,F,2.23,6.211944444444445,-72.5197,-7.9239,37
22766,1,2022-12-30,23:21:58,12,MTP062,STP245,I,F,2.26,18.302500000000002,79.9946,154.9639,37
22769,1,2022-12-31,05:15:45,09,MTP062,STP245,I,F,2.38,18.308055555555555,79.5492,68.9451,37
22771,1,2022-12-31,09:53:42,12,MTP062,STP245,E,F,2.48,6.243611111111111,-73.1792,-179.6627,37
22775,1,2022-12-31,17:03:23,12,MTP062,STP246,I,F,2.63,18.372777777777777,79.0623,-102.2962,37
22776,1,2022-12-31,19:43:26,12,MTP062,STP246,E,F,2.68,6.296388888888889,-73.5267,37.6085,37
22778,1,2022-12-31,23:39:14,09,MTP062,STP246,E,F,2.76,6.309444444444444,-73.797,-19.5786,37
22781,1,2023-01-01,04:50:53,07,MTP062,STP246,I,F,2.87,18.33833333333333,78.2088,85.0086,37
22785,1,2023-01-01,12:42:34,05,MTP062,STP246,I,F,3.03,18.349166666666665,77.8455,-29.6183,37
22786,1,2023-01-01,15:22:36,12,MTP062,STP246,E,F,3.09,6.332222222222222,-74.6968,111.1779,37
22787,1,2023-01-01,16:38:29,12,MTP062,STP246,I,F,3.11,18.392777777777777,77.6765,-86.3795,37
22788,1,2023-01-01,19:18:37,04,MTP062,STP246,E,F,3.17,6.371944444444444,-74.7446,54.3367,37
22790,1,2023-01-01,23:14:28,11,MTP062,STP246,E,F,3.25,6.388055555555556,-75.0358,-2.818,37
22792,1,2023-01-02,03:10:17,09,MTP062,STP246,E,F,3.33,6.428055555555556,-75.1219,-59.6099,37
22793,1,2023-01-02,04:26:04,12,MTP062,STP246,I,F,3.36,18.400555555555552,76.9786,101.5388,37
22794,1,2023-01-02,07:06:09,12,MTP062,STP246,E,F,3.41,6.3869444444444445,-75.5069,-117.6232,37
22795,1,2023-01-02,08:21:56,09,MTP062,STP246,I,F,3.44,18.33138888888889,76.5919,43.1008,37
22799,1,2023-01-02,16:13:36,12,MTP062,STP246,I,F,3.6,18.369444444444444,76.1267,-71.1175,37
22801,1,2023-01-02,20:09:33,09,MTP062,STP246,I,F,3.68,18.371944444444445,75.8883,-128.5031,37
22804,1,2023-01-03,02:45:26,07,MTP062,STP246,E,F,3.81,6.4927777777777775,-76.3307,-43.034,37
22805,1,2023-01-03,04:01:13,12,MTP062,STP246,I,F,3.84,18.413055555555555,75.5595,117.3285,37
22806,1,2023-01-03,06:41:21,05,MTP062,STP246,E,F,3.9,6.508333333333334,-76.4891,-100.2136,37
22809,1,2023-01-03,12:35:06,12,MTP062,STP246,E,F,4.02,6.509166666666666,-77.0264,173.71,37
22810,1,2023-01-03,13:50:50,04,MTP062,STP246,I,F,4.04,18.38361111111111,74.8637,-26.6047,37
22812,1,2023-01-03,17:46:45,11,MTP062,STP246,I,F,4.12,18.383055555555558,74.5218,-84.0279,37
22815,1,2023-01-04,00:22:46,12,MTP062,STP246,E,F,4.26,6.593055555555555,-77.3997,2.7463,37
22816,1,2023-01-04,01:38:31,12,MTP062,STP246,I,F,4.28,18.421944444444446,74.2603,161.7442,37
22817,1,2023-01-04,04:18:34,09,MTP062,STP246,E,F,4.34,6.608333333333333,-77.4959,-54.4124,37
22821,1,2023-01-04,12:10:22,13,MTP062,STP246,E,F,4.5,6.685277777777778,-77.8721,-168.0788,37
22824,1,2023-01-04,17:21:55,13,MTP062,STP246,I,F,4.61,18.366666666666667,73.0215,-68.6738,37
22825,1,2023-01-04,20:02:00,12,MTP062,STP246,E,F,4.66,6.66,-78.3687,76.764,37
22826,1,2023-01-04,21:17:55,07,MTP062,STP246,I,F,4.69,18.393055555555556,72.7534,-125.715,37
22828,1,2023-01-05,01:13:43,05,MTP062,STP246,I,F,4.77,18.39611111111111,72.578,176.9439,37
22829,1,2023-01-05,03:53:38,12,MTP062,STP246,E,F,4.82,6.7058333333333335,-78.74,-37.3281,37
22830,1,2023-01-05,05:09:35,12,MTP062,STP246,I,F,4.85,18.424444444444447,72.3686,119.9677,37
22831,1,2023-01-05,07:49:34,04,MTP062,STP246,E,F,4.9,6.7575,-78.7059,-93.9722,37
22834,1,2023-01-05,13:43:22,11,MTP062,STP246,E,F,5.02,6.797777777777777,-79.0191,-179.4682,37
22837,1,2023-01-05,18:55:09,12,MTP062,STP246,I,F,5.13,18.396666666666665,71.2716,-81.3624,37
22839,1,2023-01-05,22:51:04,09,MTP062,STP246,I,F,5.21,18.398333333333333,71.0484,-138.7518,37
22842,1,2023-01-06,05:26:45,07,MTP062,STP246,E,F,5.35,6.894444444444444,-79.5938,-47.6044,37
22844,1,2023-01-06,09:22:40,05,MTP062,STP246,E,F,5.43,6.921944444444445,-79.7528,-104.6098,37
22846,1,2023-01-06,13:18:34,09,MTP062,STP246,E,F,5.51,6.991388888888889,-79.8875,-160.9741,37
22847,1,2023-01-06,14:34:33,12,MTP062,STP246,I,F,5.53,18.426111111111112,70.1109,-7.947,37
22848,1,2023-01-06,17:14:14,12,MTP062,STP246,E,F,5.59,6.949722222222222,-80.2664,141.0471,37
22849,1,2023-01-06,18:30:20,09,MTP062,STP246,I,F,5.61,18.37777777777778,69.6432,-66.0549,37
22851,1,2023-01-06,22:26:19,04,MTP062,STP246,I,F,5.69,18.398888888888887,69.35,-123.1679,37
22854,1,2023-01-07,04:20:03,11,MTP062,STP246,I,F,5.81,18.399722222222223,68.9662,150.7573,37
22855,1,2023-01-07,06:59:42,12,MTP062,STP246,E,F,5.87,7.059166666666666,-80.8095,-58.206,37
22856,1,2023-01-07,08:16:02,12,MTP062,STP246,I,F,5.89,18.42138888888889,68.6974,93.6541,37
22858,1,2023-01-07,16:49:21,12,MTP062,STP247,E,F,6.07,7.173888888888889,-80.991,160.0146,37
22862,1,2023-01-07,20:45:18,09,MTP062,STP247,E,F,6.15,7.199166666666667,-81.0645,102.9718,37
22865,1,2023-01-08,01:57:30,07,MTP062,STP247,I,F,6.26,18.397777777777776,67.3414,-165.0271,37
22867,1,2023-01-08,05:53:20,05,MTP062,STP247,I,F,6.34,18.39638888888889,66.9976,137.559,37
22868,1,2023-01-08,08:32:48,12,MTP062,STP247,E,F,6.39,7.291666666666667,-81.7443,-67.8229,37
22870,1,2023-01-08,11:47:20,12,MTP062,STP247,I,F,6.46,18.416666666666668,66.6191,51.7099,37
22871,1,2023-01-08,14:26:40,04,MTP062,STP247,E,F,6.51,7.383611111111112,-81.7758,-152.5582,37
22873,1,2023-01-08,18:22:24,11,MTP062,STP247,E,F,6.59,7.4188888888888895,-81.877,150.5979,37
22875,1,2023-01-08,22:18:24,13,MTP062,STP247,E,F,6.67,7.496111111111111,-81.8945,94.3216,37
22878,1,2023-01-09,03:30:47,13,MTP062,STP247,I,F,6.78,18.375555555555557,65.3315,-178.5109,37
22880,1,2023-01-09,07:26:43,09,MTP062,STP247,I,F,6.86,18.390277777777776,64.8859,124.2884,37
22885,1,2023-01-09,17:16:27,12,MTP062,STP247,I,F,7.06,18.389166666666664,64.1591,-19.2444,37
22886,1,2023-01-09,19:55:29,12,MTP062,STP247,E,F,7.11,7.693333333333333,-82.8975,141.6097,37
22887,1,2023-01-09,21:12:30,12,MTP062,STP247,I,F,7.14,18.404722222222222,63.7847,-76.4599,37
22889,1,2023-01-10,01:49:23,05,MTP062,STP247,E,F,7.23,7.814444444444444,-82.9499,57.3025,37
22891,1,2023-01-10,05:45:09,07,MTP062,STP247,E,F,7.31,7.852777777777778,-83.0115,0.4982,37
22893,1,2023-01-10,09:00:11,12,MTP062,STP247,I,F,7.38,18.401666666666664,62.7891,111.2682,37
22893,2,2023-01-10,09:41:01,12,MTP062,STP247,E,F,7.39,7.895277777777777,-83.3336,-56.2654,37
22895,1,2023-01-10,12:56:06,09,MTP062,STP247,I,F,7.46,18.366111111111113,62.4105,53.3187,37
22895,2,2023-01-10,13:36:58,09,MTP062,STP247,E,F,7.47,8.00611111111111,-83.1441,-112.0257,37
22897,1,2023-01-10,16:51:56,11,MTP062,STP247,I,F,7.54,18.38138888888889,62.0998,-3.8464,37
22897,2,2023-01-10,17:32:42,04,MTP062,STP247,E,F,7.55,8.030833333333334,-83.3702,-169.0251,37
22901,1,2023-01-11,00:43:52,12,MTP062,STP247,I,F,7.7,18.376944444444444,61.302,-118.7653,37
22901,2,2023-01-11,01:24:31,09,MTP062,STP247,E,F,7.71,8.161944444444444,-83.6051,78.1197,37
22903,1,2023-01-11,04:39:43,07,MTP062,STP247,I,F,7.78,18.37638888888889,61.008,-176.1731,37
22903,2,2023-01-11,05:20:18,05,MTP062,STP247,E,F,7.79,8.221944444444444,-83.6965,21.6372,37
22905,1,2023-01-11,08:35:38,04,MTP062,STP247,I,F,7.86,18.373333333333335,60.5519,126.3654,37
22905,2,2023-01-11,09:16:09,11,MTP062,STP247,E,F,7.87,8.284166666666666,-83.7875,-34.8282,37
22909,1,2023-01-11,17:07:53,13,MTP062,STP247,E,F,8.03,8.467222222222222,-83.8925,-146.8854,37
22910,1,2023-01-11,18:25:29,12,MTP062,STP247,I,F,8.06,18.386666666666667,59.7299,-16.9818,37
22910,2,2023-01-11,19:05:41,12,MTP062,STP247,E,F,8.07,8.487499999999999,-84.2855,-175.2533,37
22911,1,2023-01-11,20:23:26,09,MTP062,STP247,I,F,8.1,18.36722222222222,59.3797,-45.9813,37
22911,2,2023-01-11,21:03:42,12,MTP062,STP247,E,F,8.11,8.4825,-84.0515,155.9525,37
22914,1,2023-01-12,02:17:21,05,MTP062,STP247,I,F,8.22,18.365555555555556,58.887,-132.137,37
22914,2,2023-01-12,02:57:33,07,MTP062,STP247,E,F,8.23,8.630555555555556,-84.2553,72.0575,37
22916,1,2023-01-12,06:13:16,12,MTP062,STP247,I,F,8.3,18.380277777777778,58.567,170.6695,37
22916,2,2023-01-12,06:53:17,12,MTP062,STP247,E,F,8.31,8.712222222222222,-84.5295,15.9099,37
22919,1,2023-01-12,12:47:09,11,MTP062,STP247,E,F,8.43,8.820833333333333,-84.4501,-68.5815,37
22921,1,2023-01-12,16:42:58,04,MTP062,STP247,E,F,8.51,8.921111111111111,-84.5547,-124.4675,37
22925,1,2023-01-12,23:54:57,13,MTP062,STP247,I,F,8.65,18.340277777777775,56.6634,-88.3098,37
22925,2,2023-01-13,00:34:45,09,MTP062,STP247,E,F,8.67,9.081944444444444,-84.5322,123.1255,37
22928,1,2023-01-13,05:48:50,12,MTP062,STP247,I,F,8.77,18.350833333333334,56.0681,-174.277,37
22928,2,2023-01-13,06:28:27,09,MTP062,STP247,E,F,8.79,9.203888888888889,-84.7724,38.8804,37
22929,1,2023-01-13,07:46:50,12,MTP062,STP247,I,F,8.81,18.364444444444445,55.8913,157.2146,37
22929,2,2023-01-13,08:26:18,12,MTP062,STP247,E,F,8.83,9.334166666666667,-85.0577,12.1518,37
22931,1,2023-01-13,12:22:15,07,MTP062,STP247,E,F,8.91,9.356944444444444,-84.884,-44.9302,37
22934,1,2023-01-13,17:36:37,05,MTP062,STP247,I,F,9.01,18.344444444444445,54.8531,13.376,37
22934,2,2023-01-13,18:15:57,04,MTP062,STP247,E,F,9.03,9.537777777777778,-85.0082,-128.2954,37
22936,1,2023-01-13,21:32:37,11,MTP062,STP247,I,F,9.09,18.339444444444442,54.2113,-44.136,37
22936,2,2023-01-13,22:11:50,09,MTP062,STP247,E,F,9.11,9.56,-84.988,174.6294,37
22938,1,2023-01-14,01:28:39,12,MTP062,STP247,I,F,9.17,18.352222222222224,53.881,-101.3859,37
22938,2,2023-01-14,02:07:42,12,MTP062,STP247,E,F,9.18,9.821944444444444,-85.321,121.1586,37
22939,1,2023-01-14,03:26:30,09,MTP062,STP247,I,F,9.21,18.325555555555557,53.7434,-130.4659,37
22939,2,2023-01-14,04:05:39,13,MTP062,STP247,E,F,9.22,9.81638888888889,-85.0234,92.3662,37
22941,1,2023-01-14,07:22:26,12,MTP062,STP247,I,F,9.29,18.334166666666665,53.19,172.2458,37
22941,2,2023-01-14,08:01:24,05,MTP062,STP247,E,F,9.3,9.877777777777778,-85.1644,35.9142,37
22943,1,2023-01-14,15:53:09,12,MTP062,STP248,E,F,9.46,10.13361111111111,-85.2709,-75.0567,37
22949,1,2023-01-14,23:06:17,09,MTP062,STP248,I,F,9.61,18.321944444444444,51.2132,-57.6425,37
22949,2,2023-01-14,23:44:50,07,MTP062,STP248,E,F,9.62,10.259166666666667,-85.275,172.0335,37
22951,1,2023-01-15,03:02:15,05,MTP062,STP248,I,F,9.69,18.32,50.8117,-115.0987,37
22951,2,2023-01-15,03:40:40,04,MTP062,STP248,E,F,9.7,10.521111111111113,-85.3815,118.5688,37
22954,1,2023-01-15,08:56:05,13,MTP062,STP248,I,F,9.81,18.30388888888889,50.079,158.5484,37
22954,2,2023-01-15,09:34:24,09,MTP062,STP248,E,F,9.82,10.555277777777778,-85.2252,32.9926,37
22955,1,2023-01-15,10:54:11,12,MTP062,STP248,I,F,9.85,18.325833333333332,49.7598,130.1361,37
22955,2,2023-01-15,11:32:14,12,MTP062,STP248,E,F,9.86,10.888333333333334,-85.5896,9.3125,37
22956,1,2023-01-15,13:30:15,11,MTP062,STP248,E,F,9.9,10.739722222222222,-85.391,-21.6395,37
22959,1,2023-01-15,18:45:59,09,MTP062,STP248,I,F,10.01,18.308611111111112,48.8805,15.0569,37
22959,2,2023-01-15,19:23:55,12,MTP062,STP248,E,F,10.02,10.933333333333334,-85.4116,-104.8077,37
22961,1,2023-01-15,22:42:00,05,MTP062,STP248,I,F,10.08,18.303333333333335,48.1738,-42.4609,37
22961,2,2023-01-15,23:19:46,07,MTP062,STP248,E,F,10.1,11.01888888888889,-85.4052,-160.9205,37
22963,1,2023-01-16,02:38:01,11,MTP062,STP248,I,F,10.16,18.30027777777778,47.6509,-99.9494,37
22963,2,2023-01-16,03:15:39,04,MTP062,STP248,E,F,10.18,11.231111111111112,-85.4302,144.8564,37
22966,1,2023-01-16,08:31:49,09,MTP062,STP248,I,F,10.28,18.285833333333336,46.9821,173.7277,37
22966,2,2023-01-16,09:09:22,13,MTP062,STP248,E,F,10.3,11.283333333333333,-85.279,59.558,37
22969,1,2023-01-16,15:03:09,12,MTP062,STP248,E,F,10.41,11.537222222222223,-85.3886,-22.7372,37
22970,1,2023-01-16,16:23:55,12,MTP062,STP248,I,F,10.44,18.30138888888889,45.8753,59.0671,37
22970,2,2023-01-16,17:01:00,12,MTP062,STP248,E,F,10.45,11.84888888888889,-85.5211,-46.7407,37
22971,1,2023-01-16,18:58:55,09,MTP062,STP248,E,F,10.49,11.680555555555555,-85.3729,-77.9648,37
22974,1,2023-01-17,00:15:49,07,MTP062,STP248,I,F,10.6,18.28111111111111,44.5878,-56.0825,37
22974,2,2023-01-17,00:52:43,05,MTP062,STP248,E,F,10.61,11.773055555555556,-85.331,-162.6828,37
22976,1,2023-01-17,04:11:48,04,MTP062,STP248,I,F,10.68,18.278333333333332,44.0975,-113.556,37
22976,2,2023-01-17,04:48:33,11,MTP062,STP248,E,F,10.69,12.021111111111113,-85.3059,143.6412,37
22979,1,2023-01-17,10:05:39,13,MTP062,STP248,I,F,10.8,18.26361111111111,43.3229,160.1093,37
22979,2,2023-01-17,10:42:18,09,MTP062,STP248,E,F,10.81,11.978333333333333,-85.1454,56.9117,37
22982,1,2023-01-17,15:59:47,09,MTP062,STP248,I,F,10.92,18.266666666666666,42.2798,73.971,37
22982,2,2023-01-17,16:36:04,12,MTP062,STP248,E,F,10.93,12.277500000000002,-85.1938,-24.6944,37
22984,1,2023-01-17,19:55:41,12,MTP062,STP248,I,F,11.0,18.275277777777777,41.8276,16.6865,37
22984,2,2023-01-17,20:31:42,12,MTP062,STP248,E,F,11.01,12.696388888888889,-85.2133,-75.7609,37
22985,1,2023-01-17,21:53:39,05,MTP062,STP248,I,F,11.04,18.261111111111113,41.368,-12.2369,37
22985,2,2023-01-17,22:29:41,07,MTP062,STP248,E,F,11.05,12.455833333333333,-85.1222,-108.0807,37
22988,1,2023-01-18,03:47:45,11,MTP062,STP248,I,F,11.15,18.254722222222224,40.3921,-98.5078,37
22988,2,2023-01-18,04:23:32,04,MTP062,STP248,E,F,11.17,12.685277777777777,-85.0276,169.2446,37
22990,1,2023-01-18,07:43:41,12,MTP062,STP248,I,F,11.23,18.25138888888889,39.8335,-155.9747,37
22990,2,2023-01-18,08:19:18,09,MTP062,STP248,E,F,11.24,12.752222222222223,-84.9773,112.8699,37
22991,1,2023-01-18,09:41:44,12,MTP062,STP248,I,F,11.27,18.259166666666665,39.4484,175.4138,37
22991,2,2023-01-18,10:17:08,12,MTP062,STP248,E,F,11.28,13.025,-84.9982,88.2803,37
22994,1,2023-01-18,16:11:04,13,MTP062,STP248,E,F,11.4,12.830277777777777,-84.7748,-0.7745,37
22996,1,2023-01-18,20:06:46,07,MTP062,STP248,E,F,11.48,13.085277777777778,-84.7659,-54.3103,37
22999,1,2023-01-19,01:25:50,05,MTP062,STP248,I,F,11.59,18.230277777777776,36.5871,-54.7872,37
22999,2,2023-01-19,02:00:35,04,MTP062,STP248,E,F,11.6,13.156666666666666,-84.6845,-139.3458,37
23002,1,2023-01-19,07:19:48,11,MTP062,STP248,I,F,11.71,18.224999999999998,35.6984,-141.0117,37
23002,2,2023-01-19,07:54:17,09,MTP062,STP248,E,F,11.72,13.339444444444444,-84.5455,137.312,37
23003,1,2023-01-19,09:17:51,12,MTP062,STP248,I,F,11.75,18.231944444444444,35.2608,-169.6389,37
23003,2,2023-01-19,09:52:06,12,MTP062,STP248,E,F,11.76,13.592500000000001,-84.5104,112.4346,37
23006,1,2023-01-19,15:45:58,12,MTP062,STP248,E,F,11.88,13.49611111111111,-84.3869,24.8676,37
23011,1,2023-01-20,01:01:56,09,MTP062,STP248,I,F,12.06,18.194444444444446,32.3235,-39.9592,37
23011,2,2023-01-20,01:35:33,09,MTP062,STP248,E,F,12.07,13.546944444444444,-84.1457,-117.8553,37
23012,1,2023-01-20,03:00:07,12,MTP062,STP248,I,F,12.1,18.20888888888889,31.7543,-68.5073,37
23012,2,2023-01-20,03:33:23,12,MTP062,STP248,E,F,12.11,13.987499999999999,-84.0462,-139.9219,37
23013,1,2023-01-20,04:58:05,05,MTP062,STP248,I,F,12.14,18.1975,31.4302,-97.3886,37
23013,2,2023-01-20,05:31:20,07,MTP062,STP248,E,F,12.15,13.887777777777778,-83.978,-170.1262,37
23016,1,2023-01-20,10:52:06,11,MTP062,STP248,I,F,12.26,18.189166666666665,30.1764,176.3314,37
23016,2,2023-01-20,11:25:00,04,MTP062,STP248,E,F,12.27,13.953055555555554,-83.8652,104.7795,37
23018,1,2023-01-20,15:20:52,12,MTP062,STP248,E,F,12.35,14.054444444444446,-83.7328,48.8968,37
23020,1,2023-01-20,19:16:42,09,MTP062,STP248,E,F,12.43,14.113333333333333,-83.6356,-7.6123,37
23023,1,2023-01-21,00:38:17,13,MTP062,STP248,I,F,12.54,18.16333333333333,27.382,-25.1279,37
23023,2,2023-01-21,01:10:28,13,MTP062,STP248,E,F,12.55,14.044444444444444,-83.5187,-94.7397,37
23025,1,2023-01-21,04:34:28,07,MTP062,STP248,I,F,12.61,18.165277777777778,26.4007,-82.5789,37
23025,2,2023-01-21,05:06:17,05,MTP062,STP248,E,F,12.62,14.296111111111111,-83.3368,-148.3576,37
23026,1,2023-01-21,06:32:33,12,MTP062,STP248,I,F,12.65,18.171111111111113,25.9404,-111.2279,37
23026,2,2023-01-21,07:04:05,12,MTP062,STP248,E,F,12.66,14.568333333333333,-83.1099,-172.9422,37
23027,1,2023-01-21,08:30:27,04,MTP062,STP248,I,F,12.69,18.160555555555554,25.6457,-140.0819,37
23027,2,2023-01-21,09:02:01,11,MTP062,STP248,E,F,12.7,14.380277777777778,-83.1934,155.537,37
23034,1,2023-01-21,22:16:39,09,MTP063,STP249,I,F,12.97,18.133333333333333,22.6392,18.4401,37
23034,2,2023-01-21,22:47:23,09,MTP063,STP249,E,F,12.98,14.477500000000001,-82.7838,-43.8739,37
23037,1,2023-01-22,04:11:05,09,MTP063,STP249,I,F,13.09,18.12777777777778,20.6383,-67.8986,37
23037,2,2023-01-22,04:41:09,07,MTP063,STP249,E,F,13.1,14.691944444444445,-82.535,-126.7549,37
23039,1,2023-01-22,08:07:06,05,MTP063,STP249,I,F,13.16,18.123055555555556,19.8559,-125.4151,37
23039,2,2023-01-22,08:36:55,04,MTP063,STP249,E,F,13.17,14.783888888888889,-82.3351,177.2451,37
23040,1,2023-01-22,10:05:14,12,MTP063,STP249,I,F,13.2,18.127222222222223,19.2055,-154.0985,37
23040,2,2023-01-22,10:34:44,12,MTP063,STP249,E,F,13.21,14.940833333333334,-82.182,150.9252,37
23041,1,2023-01-22,12:03:13,11,MTP063,STP249,I,F,13.24,18.11527777777778,18.6803,177.0048,37
23041,2,2023-01-22,12:32:43,12,MTP063,STP249,E,F,13.25,14.785,-82.2897,119.8738,37
23044,1,2023-01-22,17:57:29,07,MTP063,STP249,I,F,13.36,18.105555555555558,17.1638,90.64,37
23044,2,2023-01-22,18:26:30,09,MTP063,STP249,E,F,13.37,14.872777777777777,-82.0614,35.0884,37
23046,1,2023-01-22,21:53:24,13,MTP063,STP249,I,F,13.44,18.09361111111111,16.5201,33.0494,37
23046,2,2023-01-22,22:22:15,13,MTP063,STP249,E,F,13.45,14.869166666666667,-81.8736,-22.3389,37
23048,1,2023-01-23,01:49:43,04,MTP063,STP249,I,F,13.52,18.090833333333332,14.9275,-24.5053,37
23048,2,2023-01-23,02:18:03,05,MTP063,STP249,E,F,13.53,14.974722222222223,-81.7671,-78.1421,37
23051,1,2023-01-23,07:43:59,12,MTP063,STP249,I,F,13.64,18.079722222222223,13.2693,-110.8874,37
23051,2,2023-01-23,08:11:43,11,MTP063,STP249,E,F,13.65,15.148333333333333,-81.3058,-161.6138,37
23053,1,2023-01-23,11:40:05,09,MTP063,STP249,I,F,13.71,18.071944444444444,12.0721,-168.4675,37
23053,2,2023-01-23,12:07:30,07,MTP063,STP249,E,F,13.72,15.14611111111111,-81.2638,140.9726,37
23055,1,2023-01-23,15:55:49,09,MTP063,STP249,C,F,13.8,18.29888888888889,-58.6439,132.6982,37
23056,1,2023-01-23,18:01:16,05,MTP063,STP249,E,F,13.84,15.236944444444443,-80.9615,56.2405,37
23057,1,2023-01-23,19:32:30,04,MTP063,STP249,I,F,13.87,18.05666666666667,9.7653,76.3317,37
23057,2,2023-01-23,19:59:10,11,MTP063,STP249,E,F,13.88,15.254166666666666,-80.8912,27.8055,37
23058,1,2023-01-23,21:57:05,09,MTP063,STP249,E,F,13.92,15.17611111111111,-80.9074,-2.0661,37
23059,1,2023-01-23,23:28:39,12,MTP063,STP249,I,F,13.95,18.055833333333332,8.4506,18.8462,37
23059,2,2023-01-23,23:54:43,12,MTP063,STP249,E,F,13.96,15.49861111111111,-80.3055,-25.8549,37
23061,1,2023-01-24,03:24:54,12,MTP063,STP249,I,F,14.03,18.038333333333334,7.0748,-38.9115,37
23061,2,2023-01-24,03:50:45,07,MTP063,STP249,E,F,14.04,15.336666666666668,-80.5627,-85.7284,37
23063,1,2023-01-24,07:21:08,09,MTP063,STP249,I,F,14.11,18.029999999999998,5.8414,-96.529,37
23063,2,2023-01-24,07:46:30,04,MTP063,STP249,E,F,14.12,15.463333333333333,-80.1237,-141.2053,37
23065,1,2023-01-24,11:17:17,05,MTP063,STP249,I,F,14.19,18.020555555555553,4.4835,-154.1428,37
23065,2,2023-01-24,11:42:16,12,MTP063,STP249,E,F,14.19,15.45861111111111,-80.0869,161.3484,37
23066,1,2023-01-24,13:15:30,12,MTP063,STP249,I,F,14.23,18.022499999999997,3.6013,177.1163,37
23066,2,2023-01-24,13:40:02,12,MTP063,STP249,E,F,14.23,15.646388888888888,-79.6009,135.5034,37
23068,1,2023-01-24,17:36:00,11,MTP063,STP249,E,F,14.31,15.547222222222222,-79.709,76.5885,37
23070,1,2023-01-24,21:31:52,13,MTP063,STP249,E,F,14.39,15.47861111111111,-79.7128,18.157,37
23072,1,2023-01-25,01:04:04,09,MTP063,STP249,I,F,14.46,17.986666666666668,-0.3638,4.1328,37
23072,2,2023-01-25,01:27:27,07,MTP063,STP249,E,F,14.47,15.646388888888888,-79.2334,-36.661,37
23073,1,2023-01-25,03:02:22,12,MTP063,STP249,I,F,14.5,17.987222222222222,-1.3935,-24.6505,37
23073,2,2023-01-25,03:25:16,12,MTP063,STP249,E,F,14.51,15.800833333333333,-78.7739,-63.02,37
23075,1,2023-01-25,06:58:37,05,MTP063,STP249,I,F,14.58,17.96944444444444,-2.7522,-82.414,37
23075,2,2023-01-25,07:21:11,04,MTP063,STP249,E,F,14.59,15.751111111111111,-78.7203,-121.1798,37
23077,1,2023-01-25,10:54:48,11,MTP063,STP249,I,F,14.66,17.959444444444443,-4.1278,-140.0427,37
23077,2,2023-01-25,11:16:53,12,MTP063,STP249,E,F,14.66,15.790833333333333,-78.4882,-177.9475,37
23080,1,2023-01-25,16:49:20,12,MTP063,STP249,I,F,14.77,17.939722222222223,-6.7383,133.3788,37
23080,2,2023-01-25,17:10:35,09,MTP063,STP249,E,F,14.78,15.865555555555556,-78.0515,97.0943,37
23082,1,2023-01-25,20:45:30,09,MTP063,STP249,I,F,14.85,17.924444444444447,-7.755,75.6755,37
23082,2,2023-01-25,21:06:29,09,MTP063,STP249,E,F,14.86,15.803055555555556,-78.0882,38.7432,37
23084,1,2023-01-26,00:41:59,12,MTP063,STP249,I,F,14.93,17.921666666666667,-10.1374,18.0788,37
23084,2,2023-01-26,01:01:51,12,MTP063,STP249,E,F,14.94,16.095,-76.9106,-14.1573,37
23085,1,2023-01-26,02:40:05,04,MTP063,STP249,I,F,14.97,17.908055555555553,-10.8408,-10.8697,37
23085,2,2023-01-26,02:59:56,05,MTP063,STP249,E,F,14.98,15.972777777777777,-77.3464,-44.728,37
23087,1,2023-01-26,06:36:35,07,MTP063,STP249,I,F,15.05,17.8925,-12.7927,-68.6615,37
23087,2,2023-01-26,06:55:44,11,MTP063,STP249,E,F,15.05,16.046111111111113,-76.8676,-101.0186,37
23089,1,2023-01-26,10:32:51,09,MTP063,STP249,I,F,15.13,17.879166666666666,-14.3959,-126.359,37
23089,2,2023-01-26,10:51:24,07,MTP063,STP249,E,F,15.13,16.109722222222224,-76.4118,-157.4121,37
23111,1,2023-01-28,05:00:36,09,MTP063,STP249,C,F,15.97,5.269722222222222,57.2316,144.4477,37
23224,1,2023-02-06,09:28:47,03,MTP063,STP251,C,F,20.31,18.861666666666668,55.017,8.9518,37
23243,1,2023-02-07,23:39:29,09,MTP063,STP251,I,F,21.06,10.136388888888888,-79.8742,40.5781,37
23243,2,2023-02-07,23:57:47,07,MTP063,STP251,E,F,21.07,6.255277777777778,-22.3359,-22.0922,37
23246,1,2023-02-08,05:32:52,13,MTP063,STP251,I,F,21.18,10.504722222222222,-80.1461,-39.8993,37
23246,2,2023-02-08,05:52:25,13,MTP063,STP251,E,F,21.18,6.224444444444445,-18.9996,-108.8631,37
23248,1,2023-02-08,09:28:41,05,MTP063,STP251,I,F,21.25,10.5825,-80.3102,-96.1252,37
23248,2,2023-02-08,09:48:38,04,MTP063,STP251,E,F,21.26,6.203055555555555,-17.7684,-166.6741,37
23250,1,2023-02-08,13:24:32,11,MTP063,STP251,I,F,21.33,10.679722222222221,-80.3679,-152.068,37
23250,2,2023-02-08,13:45:07,12,MTP063,STP251,E,F,21.34,6.181666666666667,-15.8465,135.4531,37
23252,1,2023-02-08,17:20:21,12,MTP063,STP251,I,F,21.41,10.667222222222222,-80.4505,150.3542,37
23252,2,2023-02-08,17:41:12,12,MTP063,STP251,E,F,21.41,6.161666666666667,-14.7836,77.6971,37
23253,1,2023-02-08,19:18:03,07,MTP063,STP251,I,F,21.44,10.896944444444443,-80.4949,125.1556,37
23253,2,2023-02-08,19:39:28,09,MTP063,STP251,E,F,21.45,6.155555555555556,-13.4535,48.8225,37
23255,1,2023-02-08,23:13:55,04,MTP063,STP251,I,F,21.52,10.962222222222222,-80.5088,68.7302,37
23255,2,2023-02-08,23:35:48,05,MTP063,STP251,E,F,21.53,6.139444444444445,-11.9677,-8.9379,37
23257,1,2023-02-09,03:09:47,12,MTP063,STP251,I,F,21.6,11.009166666666667,-80.6311,12.0307,37
23257,2,2023-02-09,03:31:58,12,MTP063,STP251,E,F,21.61,6.119722222222221,-10.8958,-66.7095,37
23258,1,2023-02-09,05:07:25,09,MTP063,STP251,I,F,21.64,11.265,-80.5224,-12.7616,37
23258,2,2023-02-09,05:30:20,09,MTP063,STP251,E,F,21.64,6.115833333333333,-9.0664,-95.577,37
23260,1,2023-02-09,09:03:15,12,MTP063,STP251,I,F,21.71,11.294444444444444,-80.6173,-69.7141,37
23260,2,2023-02-09,09:26:27,11,MTP063,STP251,E,F,21.72,6.0975,-8.0633,-153.3131,37
23263,1,2023-02-09,14:57:03,09,MTP063,STP251,I,F,21.83,11.41638888888889,-80.6208,-153.9893,37
23263,2,2023-02-09,15:21:01,07,MTP063,STP251,E,F,21.84,6.071111111111111,-5.5903,119.9992,37
23265,1,2023-02-09,18:52:40,05,MTP063,STP251,I,F,21.91,11.585277777777778,-80.6435,151.2,37
23265,2,2023-02-09,19:17:07,04,MTP063,STP251,E,F,21.91,6.057222222222222,-4.2912,62.3307,37
23267,1,2023-02-09,22:48:32,11,MTP063,STP251,I,F,21.98,11.6525,-80.6288,94.8036,37
23267,2,2023-02-09,23:13:21,12,MTP063,STP251,E,F,21.99,6.044444444444444,-3.0999,4.6445,37
23270,1,2023-02-10,04:42:04,13,MTP063,STP251,I,F,22.1,11.943055555555556,-80.5094,13.1241,37
23270,2,2023-02-10,05:07:48,13,MTP063,STP251,E,F,22.11,6.0247222222222225,-0.5698,-81.9132,37
23272,1,2023-02-10,08:37:53,07,MTP063,STP251,I,F,22.17,11.91638888888889,-80.5882,-44.6697,37
23272,2,2023-02-10,09:03:48,09,MTP063,STP251,E,F,22.18,6.008611111111111,0.2258,-139.5925,37
23273,1,2023-02-10,10:54:33,09,MTP063,STP251,C,F,22.22,5.781944444444444,-24.7518,-169.9471,37
23274,1,2023-02-10,12:33:45,04,MTP063,STP251,I,F,22.25,12.028055555555556,-80.5596,-100.3978,37
23277,1,2023-02-10,18:27:24,05,MTP063,STP251,I,F,22.36,12.115833333333333,-80.5097,174.8514,37
23277,2,2023-02-10,18:54:20,12,MTP063,STP251,E,F,22.37,5.972222222222222,3.5576,76.1407,37
23278,1,2023-02-10,20:25:21,12,MTP063,STP251,I,F,22.4,12.14861111111111,-80.6105,146.637,37
23278,2,2023-02-10,20:52:20,12,MTP063,STP251,E,F,22.41,5.962777777777778,3.6847,47.2812,37
23279,1,2023-02-10,22:23:13,11,MTP063,STP251,I,F,22.44,12.198055555555555,-80.4709,118.6913,37
23279,2,2023-02-10,22:50:31,09,MTP063,STP251,E,F,22.45,5.960277777777778,4.6274,18.481,37
23282,1,2023-02-11,04:16:50,09,MTP063,STP251,I,F,22.56,12.421666666666667,-80.2689,35.9856,37
23282,2,2023-02-11,04:44:53,09,MTP063,STP251,E,F,22.57,5.943333333333333,6.801,-68.016,37
23284,1,2023-02-11,08:12:40,07,MTP063,STP251,I,F,22.63,12.352777777777778,-80.3669,-22.4432,37
23284,2,2023-02-11,08:40:51,05,MTP063,STP251,E,F,22.64,5.927222222222222,7.5315,-125.6842,37
23285,1,2023-02-11,10:10:39,12,MTP063,STP251,I,F,22.67,12.410555555555556,-80.4567,-50.2889,37
23285,2,2023-02-11,10:38:50,12,MTP063,STP251,E,F,22.68,5.918055555555556,7.6206,-154.5384,37
23286,1,2023-02-11,16:33:19,09,MTP063,STP252,E,F,22.8,5.898055555555555,10.0434,118.8926,37
23290,1,2023-02-11,20:00:03,07,MTP063,STP252,I,F,22.86,12.617222222222223,-80.1905,169.3684,37
23290,2,2023-02-11,20:29:17,05,MTP063,STP252,E,F,22.87,5.887499999999999,10.9258,61.3059,37
23292,1,2023-02-11,23:55:54,04,MTP063,STP252,I,F,22.94,12.68888888888889,-80.1283,113.0425,37
23292,2,2023-02-12,00:25:29,11,MTP063,STP252,E,F,22.95,5.875277777777778,11.9522,3.6373,37
23295,1,2023-02-12,05:49:32,13,MTP063,STP252,I,F,23.05,12.81027777777778,-79.9075,28.7962,37
23295,2,2023-02-12,06:19:42,13,MTP063,STP252,E,F,23.06,5.859999999999999,13.833,-82.7996,37
23296,1,2023-02-12,07:47:32,12,MTP063,STP252,I,F,23.09,12.750277777777777,-80.1578,-0.8199,37
23296,2,2023-02-12,08:17:34,12,MTP063,STP252,E,F,23.1,5.846111111111111,13.6463,-111.693,37
23297,1,2023-02-12,09:45:21,12,MTP063,STP252,I,F,23.13,12.816666666666666,-79.986,-28.4986,37
23297,2,2023-02-12,10:15:41,07,MTP063,STP252,E,F,23.14,5.8438888888888885,14.4978,-140.4728,37
23299,1,2023-02-12,13:41:13,09,MTP063,STP252,I,F,23.21,12.927777777777777,-79.8881,-84.2332,37
23302,1,2023-02-12,19:34:52,04,MTP063,STP252,I,F,23.32,12.986944444444443,-79.8018,-169.4151,37
23302,2,2023-02-12,20:05:57,05,MTP063,STP252,E,F,23.33,5.8116666666666665,17.0166,75.388,37
23304,1,2023-02-12,23:30:45,12,MTP063,STP252,I,F,23.4,13.009722222222223,-79.7546,133.52,37
23304,2,2023-02-13,00:02:04,11,MTP063,STP252,E,F,23.41,5.800833333333333,17.8244,17.7635,37
23307,1,2023-02-13,05:24:24,09,MTP063,STP252,I,F,23.51,13.13361111111111,-79.4975,49.308,37
23307,2,2023-02-13,05:56:16,09,MTP063,STP252,E,F,23.52,5.785833333333334,19.5332,-68.6637,37
23308,1,2023-02-13,07:22:25,12,MTP063,STP252,I,F,23.55,13.075555555555555,-79.7666,19.7157,37
23308,2,2023-02-13,07:54:08,12,MTP063,STP252,E,F,23.56,5.770555555555555,19.4265,-97.5829,37
23309,1,2023-02-13,09:20:12,09,MTP063,STP252,I,F,23.59,13.123888888888889,-79.5895,-8.2294,37
23309,2,2023-02-13,09:52:12,07,MTP063,STP252,E,F,23.6,5.769722222222222,20.1178,-126.3263,37
23312,1,2023-02-13,15:14:01,05,MTP063,STP252,I,F,23.7,13.22861111111111,-79.4528,-92.7691,37
23312,2,2023-02-13,15:46:26,04,MTP063,STP252,E,F,23.71,5.748888888888889,21.5972,147.1487,37
23314,1,2023-02-13,19:09:48,11,MTP063,STP252,I,F,23.78,13.22861111111111,-79.4209,-150.1456,37
23316,1,2023-02-13,23:05:34,12,MTP063,STP252,I,F,23.86,13.315833333333334,-79.3071,153.78,37
23316,2,2023-02-13,23:38:25,07,MTP063,STP252,E,F,23.87,5.727222222222222,23.0834,31.9534,37
23317,1,2023-02-14,01:03:36,12,MTP063,STP252,I,F,23.89,13.316111111111113,-79.4167,125.0556,37
23317,2,2023-02-14,01:36:26,12,MTP063,STP252,E,F,23.9,5.716666666666667,23.1757,3.0765,37
23319,1,2023-02-14,04:59:15,13,MTP063,STP252,I,F,23.97,13.419444444444444,-79.0339,69.2527,37
23319,2,2023-02-14,05:32:37,13,MTP063,STP252,E,F,23.98,5.712777777777778,24.6057,-54.4607,37
23321,1,2023-02-14,08:55:05,09,MTP063,STP252,I,F,24.05,13.387777777777778,-79.1539,11.3864,37
23321,2,2023-02-14,09:28:33,04,MTP063,STP252,E,F,24.06,5.694444444444445,25.2483,-112.1564,37
23323,1,2023-02-14,12:50:57,05,MTP063,STP252,I,F,24.12,13.455555555555556,-79.0481,-45.0008,37
23323,2,2023-02-14,13:24:36,12,MTP063,STP252,E,F,24.13,5.683333333333334,25.953,-169.773,37
23326,1,2023-02-14,18:44:43,11,MTP063,STP252,I,F,24.24,13.475277777777778,-78.9773,-130.8032,37
23328,1,2023-02-14,22:40:29,09,MTP063,STP252,I,F,24.31,13.535555555555556,-78.8741,172.7217,37
23328,2,2023-02-14,23:14:40,07,MTP063,STP252,E,F,24.32,5.651944444444445,27.8965,46.147,37
23331,1,2023-02-15,04:34:13,09,MTP063,STP252,I,F,24.43,13.613888888888889,-78.6064,87.807,37
23331,2,2023-02-15,05:08:49,09,MTP063,STP252,E,F,24.44,5.638888888888888,29.2005,-40.2394,37
23333,1,2023-02-15,08:30:01,05,MTP063,STP252,I,F,24.5,13.61111111111111,-78.6981,30.3807,37
23333,2,2023-02-15,09:04:44,04,MTP063,STP252,E,F,24.51,5.619444444444445,29.8137,-97.9469,37
23335,1,2023-02-15,12:25:54,12,MTP063,STP252,I,F,24.58,13.686111111111112,-78.6957,-25.9019,37
23335,2,2023-02-15,13:00:39,12,MTP063,STP252,E,F,24.59,5.605277777777777,30.0501,-155.5753,37
23336,1,2023-02-15,14:23:47,11,MTP063,STP252,I,F,24.62,13.698055555555555,-78.532,-54.4138,37
23338,1,2023-02-15,18:19:40,12,MTP063,STP252,I,F,24.69,13.668888888888889,-78.5394,-112.2592,37
23340,1,2023-02-15,22:50:45,07,MTP063,STP252,E,F,24.78,5.575277777777777,32.2395,60.3651,37
23343,1,2023-02-16,04:09:08,13,MTP063,STP252,I,F,24.88,13.792777777777777,-78.1555,106.1347,37
23343,2,2023-02-16,04:44:53,13,MTP063,STP252,E,F,24.9,5.5616666666666665,33.4517,-26.0317,37
23346,1,2023-02-16,10:02:51,09,MTP063,STP252,I,F,25.0,13.795277777777777,-78.2254,20.0908,37
23346,2,2023-02-16,10:38:43,04,MTP063,STP252,E,F,25.01,5.5375,34.1965,-112.507,37
23348,1,2023-02-16,13:58:42,05,MTP063,STP252,I,F,25.07,13.864166666666666,-78.0842,-36.2781,37
23348,2,2023-02-16,14:34:44,12,MTP063,STP252,E,F,25.09,5.525555555555555,34.7765,-170.1249,37
23350,1,2023-02-16,17:54:39,12,MTP063,STP252,I,F,25.15,13.888333333333334,-78.145,-93.3382,37
23350,2,2023-02-16,18:30:47,12,MTP063,STP252,E,F,25.16,5.504722222222222,35.3018,132.1156,37
23352,1,2023-02-16,21:50:19,11,MTP063,STP252,I,F,25.23,13.901944444444444,-77.9552,-150.4884,37
23352,2,2023-02-16,22:26:42,09,MTP063,STP252,E,F,25.24,5.496666666666667,36.1796,74.5767,37
23355,1,2023-02-17,03:44:08,07,MTP063,STP252,I,F,25.34,13.945555555555556,-77.8307,124.0575,37
23355,2,2023-02-17,04:20:46,05,MTP063,STP252,E,F,25.35,5.476944444444444,37.0853,-11.8876,37
23358,1,2023-02-17,09:37:50,12,MTP063,STP252,I,F,25.45,13.989722222222222,-77.8381,38.638,37
23358,2,2023-02-17,10:14:36,12,MTP063,STP252,E,F,25.47,5.452222222222223,37.7174,-98.3736,37
23359,1,2023-02-17,11:35:37,09,MTP063,STP252,I,F,25.49,14.005277777777778,-77.5305,10.2058,37
23359,2,2023-02-17,12:12:38,09,MTP063,STP252,E,F,25.5,5.458333333333334,38.3513,-127.0061,37
23361,1,2023-02-17,15:31:35,04,MTP063,STP252,I,F,25.57,14.028333333333334,-77.5814,-46.877,37
23362,1,2023-02-17,17:51:48,09,MTP063,STP252,C,F,25.61,4.2877777777777775,-14.2396,132.8889,37
23364,1,2023-02-17,21:25:16,11,MTP063,STP252,I,F,25.68,14.038055555555555,-77.5121,-132.8072,37
23364,2,2023-02-17,22:02:32,12,MTP063,STP252,E,F,25.69,5.414722222222222,39.7824,88.7742,37
23366,1,2023-02-18,01:21:07,07,MTP063,STP252,I,F,25.76,14.06388888888889,-77.4288,170.1813,37
23366,2,2023-02-18,01:58:31,09,MTP063,STP252,E,F,25.77,5.403611111111111,40.2327,31.172,37
23368,1,2023-02-18,05:16:59,04,MTP063,STP252,I,F,25.83,14.088611111111112,-77.3473,113.1454,37
23368,2,2023-02-18,05:54:31,05,MTP063,STP252,E,F,25.85,5.388888888888889,40.8196,-26.4814,37
23370,1,2023-02-18,09:12:46,12,MTP063,STP252,I,F,25.91,14.13861111111111,-77.3521,56.5117,37
23370,2,2023-02-18,09:50:22,12,MTP063,STP252,E,F,25.92,5.3694444444444445,41.1309,-84.173,37
23375,1,2023-02-18,19:02:22,13,MTP064,STP253,I,F,26.1,14.152777777777779,-76.9685,-86.7667,37
23375,2,2023-02-18,19:40:26,13,MTP064,STP253,E,F,26.11,5.343333333333333,42.9779,131.8258,37
23377,1,2023-02-18,22:58:06,07,MTP064,STP253,I,F,26.17,14.191666666666666,-76.9821,-143.5536,37
23377,2,2023-02-18,23:36:13,05,MTP064,STP253,E,F,26.19,5.323888888888889,43.2725,74.1521,37
23379,1,2023-02-19,02:54:03,12,MTP064,STP253,I,F,26.25,14.240277777777777,-76.9829,159.7527,37
23379,2,2023-02-19,03:32:12,12,MTP064,STP253,E,F,26.26,5.3052777777777775,43.4956,16.4431,37
23380,1,2023-02-19,04:51:55,04,MTP064,STP253,I,F,26.29,14.225555555555555,-76.857,130.8438,37
23380,2,2023-02-19,05:30:13,11,MTP064,STP253,E,F,26.3,5.302777777777778,44.0143,-12.3186,37
23382,1,2023-02-19,08:47:43,12,MTP064,STP253,I,F,26.36,14.227777777777778,-76.8175,73.4911,37
23382,2,2023-02-19,09:26:07,09,MTP064,STP253,E,F,26.38,5.285833333333334,44.6052,-69.986,37
23384,1,2023-02-19,12:43:27,05,MTP064,STP253,I,F,26.44,14.263333333333334,-76.7031,16.6517,37
23384,2,2023-02-19,13:22:01,07,MTP064,STP253,E,F,26.45,5.272222222222222,45.0548,-127.6024,37
23388,1,2023-02-19,20:35:10,09,MTP064,STP253,I,F,26.59,14.276666666666667,-76.4707,-97.9534,37
23390,1,2023-02-20,00:30:59,11,MTP064,STP253,I,F,26.67,14.308055555555557,-76.4954,-154.8729,37
23390,2,2023-02-20,01:09:49,04,MTP064,STP253,E,F,26.68,5.226944444444444,46.4981,59.4626,37
23391,1,2023-02-20,02:28:58,12,MTP064,STP253,I,F,26.71,14.355277777777777,-76.5084,177.1197,37
23391,2,2023-02-20,03:07:46,12,MTP064,STP253,E,F,26.72,5.215833333333333,46.4356,30.5879,37
23392,1,2023-02-20,04:26:52,09,MTP064,STP253,I,F,26.74,14.3325,-76.4016,148.0882,37
23392,2,2023-02-20,05:05:50,12,MTP064,STP253,E,F,26.76,5.210833333333333,46.9943,1.7811,37
23395,1,2023-02-20,10:20:33,07,MTP064,STP253,I,F,26.86,14.341666666666667,-76.3269,62.149,37
23395,2,2023-02-20,10:59:39,05,MTP064,STP253,E,F,26.87,5.1866666666666665,47.7259,-84.6941,37
23397,1,2023-02-20,14:16:21,04,MTP064,STP253,I,F,26.93,14.392222222222221,-76.1668,5.5202,37
23397,2,2023-02-20,14:55:34,11,MTP064,STP253,E,F,26.95,5.1725,48.1206,-142.3191,37
23399,1,2023-02-20,18:35:37,10,MTP064,STP253,C,F,27.02,3.741388888888889,-12.0965,142.6608,37
23402,1,2023-02-21,00:05:51,13,MTP064,STP253,I,F,27.12,14.422777777777776,-75.8637,-137.4911,37
23402,2,2023-02-21,00:45:25,09,MTP064,STP253,E,F,27.13,5.1375,49.4514,73.6039,37
23404,1,2023-02-21,04:01:49,12,MTP064,STP253,I,F,27.2,14.436111111111112,-75.9295,165.2793,37
23404,2,2023-02-21,04:41:21,09,MTP064,STP253,E,F,27.21,5.114999999999999,49.7137,15.8428,37
23407,1,2023-02-21,09:55:35,12,MTP064,STP253,I,F,27.31,14.480555555555556,-75.9042,79.851,37
23407,2,2023-02-21,10:35:09,12,MTP064,STP253,E,F,27.32,5.083055555555555,50.1878,-70.7409,37
23408,1,2023-02-21,11:53:23,05,MTP064,STP253,I,F,27.35,14.460277777777778,-75.7941,50.8759,37
23408,2,2023-02-21,12:33:07,07,MTP064,STP253,E,F,27.36,5.079722222222222,50.629,-99.4987,37
23410,1,2023-02-21,15:49:15,11,MTP064,STP253,I,F,27.42,14.497499999999999,-75.657,-5.97,37
23410,2,2023-02-21,16:29:04,04,MTP064,STP253,E,F,27.44,5.0633333333333335,51.0379,-157.1703,37
23412,1,2023-02-21,20:08:47,11,MTP064,STP253,C,F,27.51,3.5475,-10.7911,126.6177,37
23413,1,2023-02-21,21:43:04,09,MTP064,STP253,I,F,27.54,14.488333333333333,-75.6283,-92.2149,37
23416,1,2023-02-22,03:36:45,09,MTP064,STP253,I,F,27.65,14.527500000000002,-75.3269,-177.704,37
23416,2,2023-02-22,04:16:53,13,MTP064,STP253,E,F,27.66,5.018611111111111,52.4316,29.8924,37
23419,1,2023-02-22,09:30:32,12,MTP064,STP253,I,F,27.76,14.547222222222222,-75.3548,96.488,37
23419,2,2023-02-22,10:10:43,07,MTP064,STP253,E,F,27.78,4.978888888888889,53.0332,-56.8131,37
23421,1,2023-02-22,13:26:19,05,MTP064,STP253,I,F,27.84,14.555833333333334,-75.2935,39.2352,37
23421,2,2023-02-22,14:06:33,04,MTP064,STP253,E,F,27.85,4.964166666666667,53.3424,-114.4285,37
23422,1,2023-02-22,15:24:15,12,MTP064,STP253,I,F,27.88,14.617222222222223,-75.1584,11.4534,37
23422,2,2023-02-22,16:04:29,12,MTP064,STP253,E,F,27.89,4.957777777777778,53.3214,-143.232,37
23425,1,2023-02-22,21:18:05,11,MTP064,STP253,I,F,27.99,14.581388888888888,-75.146,-75.1967,37
23425,2,2023-02-22,21:58:27,12,MTP064,STP253,E,F,28.0,4.922777777777778,54.2381,130.1008,37
23428,1,2023-02-23,03:11:46,09,MTP064,STP253,I,F,28.1,14.615,-74.9902,-160.7716,37
23428,2,2023-02-23,03:52:14,05,MTP064,STP253,E,F,28.12,4.899166666666666,54.7025,43.6428,37
23429,1,2023-02-23,05:09:46,12,MTP064,STP253,I,F,28.14,14.658888888888889,-74.9872,171.1692,37
23429,2,2023-02-23,05:50:12,12,MTP064,STP253,E,F,28.15,4.884444444444444,54.6761,14.7126,37
23431,1,2023-02-23,09:05:31,13,MTP064,STP253,I,F,28.22,14.620277777777778,-74.7786,113.215,37
23431,2,2023-02-23,09:46:11,09,MTP064,STP253,E,F,28.23,4.87388888888889,55.5009,-42.8735,37
23434,1,2023-02-23,14:59:14,07,MTP064,STP253,I,F,28.33,14.657222222222222,-74.7486,27.6863,37
23434,2,2023-02-23,15:39:54,11,MTP064,STP253,E,F,28.34,4.84,55.8488,-129.4697,37
23438,1,2023-02-23,22:50:58,04,MTP064,STP253,I,F,28.48,14.673333333333332,-74.624,-86.8795,37
23439,1,2023-02-24,00:48:52,12,MTP064,STP253,I,F,28.52,14.724444444444444,-74.5915,-114.8073,37
23439,2,2023-02-24,01:29:38,12,MTP064,STP253,E,F,28.53,4.78,56.6423,86.1038,37
23440,1,2023-02-24,02:46:46,09,MTP064,STP253,I,F,28.56,14.698333333333334,-74.5057,-143.8913,37
23440,2,2023-02-24,03:27:37,12,MTP064,STP253,E,F,28.57,4.777222222222222,56.9843,57.3488,37
23443,1,2023-02-24,09:21:32,07,MTP064,STP253,E,F,28.68,4.7411111111111115,57.613,-29.3274,37
23446,1,2023-02-24,14:34:14,05,MTP064,STP253,I,F,28.78,14.72888888888889,-74.2932,44.3843,37
23448,1,2023-02-24,18:30:07,04,MTP064,STP253,I,F,28.86,14.760555555555555,-74.1463,-12.5478,37
23450,1,2023-02-24,22:26:01,11,MTP064,STP253,I,F,28.93,14.744166666666667,-74.1665,-70.2041,37
23451,1,2023-02-25,01:04:57,12,MTP064,STP253,E,F,28.98,4.647777777777777,58.7887,99.6731,37
23452,1,2023-02-25,02:21:46,12,MTP064,STP253,I,F,29.01,14.8125,-74.0366,-126.5518,37
23453,1,2023-02-25,05:00:55,12,MTP064,STP253,E,F,29.06,4.633333333333333,59.295,42.0265,37
23455,1,2023-02-25,08:56:53,13,MTP064,STP253,E,F,29.14,4.616111111111111,59.8043,-15.6593,37
23461,1,2023-02-25,20:03:05,09,MTP064,STP254,I,F,29.35,14.814444444444446,-73.5665,-24.8175,37
23465,1,2023-02-26,03:54:42,07,MTP064,STP254,I,F,29.5,14.850833333333332,-73.5021,-139.0529,37
23466,1,2023-02-26,06:34:08,12,MTP064,STP254,E,F,29.55,4.469722222222222,61.2523,26.43,37
23467,1,2023-02-26,07:50:39,12,MTP064,STP254,I,F,29.57,14.898055555555555,-73.4366,164.2289,37
23469,1,2023-02-26,12:27:58,05,MTP064,STP254,E,F,29.66,4.4275,62.0587,-60.3192,37
23471,1,2023-02-26,16:23:47,04,MTP064,STP254,E,F,29.74,4.4061111111111115,62.3015,-118.0318,37
23474,1,2023-02-26,22:17:40,11,MTP064,STP254,E,F,29.85,4.362222222222222,62.8122,155.1848,37
23477,1,2023-02-27,03:29:41,12,MTP064,STP254,I,F,29.95,14.916944444444443,-73.0195,-122.4304,37
23479,1,2023-02-27,07:25:37,09,MTP064,STP254,I,F,30.02,14.93,-72.9288,-179.6506,37
23482,1,2023-02-27,13:19:16,05,MTP064,STP254,I,F,30.14,14.935833333333333,-72.849,94.3637,37
23483,1,2023-02-27,15:58:56,12,MTP064,STP254,E,F,30.19,4.233888888888889,63.9179,-105.02,37
23484,1,2023-02-27,17:15:09,12,MTP064,STP254,I,F,30.21,14.999444444444444,-72.7034,37.9095,37
23487,1,2023-02-27,23:50:49,07,MTP064,STP254,E,F,30.34,4.168611111111112,64.8091,139.1524,37
23489,1,2023-02-28,03:46:36,09,MTP064,STP254,E,F,30.41,4.154166666666667,65.1371,81.5549,37
23492,1,2023-02-28,08:58:29,13,MTP064,STP254,I,F,30.51,14.986944444444443,-72.2941,168.1407,37
23493,1,2023-02-28,11:21:05,10,MTP064,STP254,C,F,30.56,2.0577777777777775,8.4146,-60.4994,37
23494,1,2023-02-28,12:54:18,11,MTP064,STP254,I,F,30.59,15.003333333333334,-72.337,110.9966,37
23495,1,2023-02-28,15:34:07,12,MTP064,STP254,E,F,30.64,4.042222222222222,65.7004,-92.3171,37
23496,1,2023-02-28,16:50:08,12,MTP064,STP254,I,F,30.66,15.059444444444445,-72.2106,54.4435,37
23499,1,2023-02-28,23:25:59,04,MTP064,STP254,E,F,30.79,3.971111111111111,66.5113,151.7789,37
23501,1,2023-03-01,03:21:43,09,MTP064,STP254,E,F,30.86,3.9380555555555556,66.7667,93.9119,37
23502,1,2023-03-01,04:37:41,12,MTP064,STP254,I,F,30.89,15.091111111111111,-71.9511,-117.28,37
23503,1,2023-03-01,07:17:38,12,MTP064,STP254,E,F,30.94,3.908888888888889,66.9806,36.0564,37
23505,1,2023-03-01,11:13:30,12,MTP064,STP254,E,F,31.01,3.863888888888889,67.1095,-22.0195,37
23506,1,2023-03-01,12:29:21,07,MTP064,STP254,I,F,31.04,15.06861111111111,-71.8157,127.5888,37
23508,1,2023-03-01,16:25:08,05,MTP064,STP254,I,F,31.11,15.080555555555556,-71.7217,70.3853,37
23510,1,2023-03-01,20:21:04,04,MTP064,STP254,I,F,31.19,15.101944444444444,-71.5824,13.2875,37
23514,1,2023-03-02,04:54:43,12,MTP064,STP254,E,F,31.35,3.6961111111111116,68.2493,77.1932,37
23515,1,2023-03-02,06:10:38,12,MTP064,STP254,I,F,31.38,15.161944444444444,-71.3611,-129.2973,37
23516,1,2023-03-02,08:50:43,11,MTP064,STP254,E,F,31.43,3.6555555555555554,68.7021,19.146,37
23518,1,2023-03-02,12:46:34,13,MTP064,STP254,E,F,31.5,3.6175,69.108,-38.8229,37
23521,1,2023-03-02,17:58:04,09,MTP064,STP254,I,F,31.6,15.135555555555555,-71.05,58.1399,37
23523,1,2023-03-02,21:54:03,12,MTP064,STP254,I,F,31.68,15.166666666666666,-71.0145,1.1713,37
23524,1,2023-03-03,00:34:06,12,MTP064,STP254,E,F,31.73,3.4783333333333335,69.535,146.8954,37
23525,1,2023-03-03,01:49:54,12,MTP064,STP254,I,F,31.75,15.2,-70.9752,-55.728,37
23526,1,2023-03-03,04:29:53,09,MTP064,STP254,E,F,31.8,3.4319444444444445,69.9643,88.8165,37
23528,1,2023-03-03,08:25:48,05,MTP064,STP254,E,F,31.88,3.393333333333333,70.1536,30.8216,37
23530,1,2023-03-03,12:21:39,07,MTP064,STP254,E,F,31.95,3.335,70.4499,-27.4546,37
23533,1,2023-03-03,17:33:10,11,MTP064,STP254,I,F,32.05,15.210277777777778,-70.5956,74.8587,37
23535,1,2023-03-03,21:29:06,04,MTP064,STP254,I,F,32.12,15.229444444444445,-70.4551,17.727,37
23537,1,2023-03-04,01:24:57,09,MTP064,STP254,I,F,32.2,15.224166666666667,-70.4435,-39.7492,37
23539,1,2023-03-04,06:02:50,12,MTP064,STP254,E,F,32.29,3.1219444444444444,71.2177,71.0883,37
23540,1,2023-03-04,07:18:41,12,MTP064,STP254,I,F,32.31,15.28888888888889,-70.2055,-124.866,37
23541,1,2023-03-04,09:58:48,09,MTP064,STP254,E,F,32.36,3.064722222222222,71.6181,12.8014,37
23542,1,2023-03-04,11:39:19,11,MTP064,STP254,C,F,32.39,22.52611111111111,-3.9274,-79.7398,37
23543,1,2023-03-04,17:50:26,09,MTP064,STP255,E,F,32.51,2.9647222222222225,72.1426,-103.4805,37
23548,1,2023-03-04,23:02:04,13,MTP064,STP255,I,F,32.61,15.272777777777778,-69.8004,5.2973,37
23550,1,2023-03-05,02:57:55,07,MTP064,STP255,I,F,32.68,15.28888888888889,-69.8335,-51.8586,37
23551,1,2023-03-05,05:37:53,12,MTP064,STP255,E,F,32.74,2.7819444444444446,72.4712,81.6041,37
23552,1,2023-03-05,06:53:48,12,MTP064,STP255,I,F,32.76,15.34888888888889,-69.6265,-108.3676,37
23553,1,2023-03-05,09:33:50,05,MTP064,STP255,E,F,32.81,2.7216666666666667,72.815,23.2747,37
23555,1,2023-03-05,13:29:40,04,MTP064,STP255,E,F,32.88,2.6416666666666666,73.0642,-35.3149,37
23559,1,2023-03-05,21:21:17,11,MTP064,STP255,E,F,33.03,2.5275,73.3768,-151.8128,37
23561,1,2023-03-06,01:17:09,12,MTP064,STP255,E,F,33.11,2.463888888888889,73.3981,149.8365,37
23562,1,2023-03-06,02:33:00,12,MTP064,STP255,I,F,33.13,15.349444444444446,-69.2448,-35.347,37
23564,1,2023-03-06,06:28:47,09,MTP064,STP255,I,F,33.21,15.368333333333334,-69.0898,-92.443,37
23566,1,2023-03-06,10:24:44,05,MTP064,STP255,I,F,33.28,15.385,-68.9488,-149.6193,37
23568,1,2023-03-06,14:45:14,10,MTP064,STP255,C,F,33.36,22.124166666666667,-1.5009,-111.9269,37
23569,1,2023-03-06,17:00:25,07,MTP064,STP255,E,F,33.41,2.1691666666666665,74.2298,-84.1507,37
23571,1,2023-03-06,20:56:17,13,MTP064,STP255,E,F,33.48,2.122777777777778,74.4409,-142.2512,37
23572,1,2023-03-06,22:12:17,12,MTP064,STP255,I,F,33.51,15.453888888888889,-68.5778,39.2194,37
23574,1,2023-03-07,02:50:02,12,MTP064,STP255,E,F,33.59,2.0,74.4185,129.8143,37
23575,1,2023-03-07,04:05:58,09,MTP064,STP255,I,F,33.62,15.395555555555555,-68.5351,-47.7353,37
23577,1,2023-03-07,08:01:52,11,MTP064,STP255,I,F,33.69,15.439166666666667,-68.3869,-104.4908,37
23580,1,2023-03-07,14:37:31,04,MTP064,STP255,E,F,33.82,1.7408333333333335,74.9846,-46.2532,37
23583,1,2023-03-07,20:31:10,09,MTP064,STP255,E,F,33.93,1.636111111111111,75.1254,-133.8967,37
23584,1,2023-03-07,21:47:21,12,MTP064,STP255,I,F,33.95,15.514166666666666,-67.9344,55.7324,37
23586,1,2023-03-08,02:24:59,12,MTP064,STP255,E,F,34.04,1.5002777777777778,75.3002,137.9616,37
23589,1,2023-03-08,07:36:54,07,MTP064,STP255,I,F,34.14,15.496944444444443,-67.7603,-88.0052,37
23593,1,2023-03-08,15:28:39,05,MTP064,STP255,I,F,34.29,15.511388888888888,-67.5796,157.4023,37
23594,1,2023-03-08,17:51:03,11,MTP064,STP255,C,F,34.33,22.398333333333333,18.9127,-133.95,37
23595,1,2023-03-08,19:24:27,04,MTP064,STP255,I,F,34.36,15.526666666666667,-67.4319,100.2453,37
23596,1,2023-03-08,22:03:57,12,MTP064,STP255,E,F,34.41,1.0977777777777777,75.5575,-155.0099,37
23597,1,2023-03-08,23:20:26,12,MTP064,STP255,I,F,34.44,15.58361111111111,-67.1768,43.6692,37
23599,1,2023-03-09,03:57:48,11,MTP064,STP255,E,F,34.52,0.9249999999999999,75.8024,116.2858,37
23600,1,2023-03-09,05:14:10,12,MTP064,STP255,I,F,34.55,15.58361111111111,-67.1156,-42.4223,37
23601,1,2023-03-09,07:53:33,09,MTP064,STP255,E,F,34.6,0.8538888888888889,75.9475,57.8431,37
23603,1,2023-03-09,11:49:23,12,MTP064,STP255,E,F,34.67,0.785,75.7446,-0.5868,37
23604,1,2023-03-09,13:05:51,13,MTP064,STP255,I,F,34.7,15.557500000000001,-66.852,-157.6073,37
23606,1,2023-03-09,17:01:40,12,MTP064,STP255,I,F,34.77,15.57861111111111,-66.834,145.316,37
23609,1,2023-03-09,23:36:47,09,MTP064,STP255,E,F,34.9,0.4638888888888889,75.967,-177.5633,37
23611,1,2023-03-10,03:32:39,05,MTP064,STP255,E,F,34.97,0.3580555555555555,75.9804,123.4464,37
23613,1,2023-03-10,07:28:21,07,MTP064,STP255,E,F,35.05,0.25666666666666665,75.9824,64.5635,37
23614,1,2023-03-10,08:45:07,12,MTP064,STP255,I,F,35.07,15.667222222222222,-66.1909,-82.9615,37
23615,1,2023-03-10,11:24:12,12,MTP064,STP255,E,F,35.12,0.21250000000000002,75.8519,6.5008,37
23616,1,2023-03-10,12:41:02,11,MTP064,STP255,I,F,35.14,15.648055555555555,-66.0993,-140.6671,37
23618,1,2023-03-10,16:36:51,04,MTP064,STP255,I,F,35.22,15.647222222222222,-66.0655,161.9313,37
23620,1,2023-03-10,20:32:39,09,MTP064,STP255,I,F,35.29,15.665000000000001,-65.8818,104.8105,37
23625,1,2023-03-11,06:22:18,09,MTP064,STP255,I,F,35.48,15.66388888888889,-65.6063,-38.7111,37
23626,1,2023-03-11,08:20:17,12,MTP064,STP255,I,F,35.52,15.731944444444444,-65.4034,-66.4032,37
23626,2,2023-03-11,09:01:02,12,MTP064,STP255,E,F,35.53,23.661666666666665,75.6659,42.6252,37
23628,1,2023-03-11,12:16:11,12,MTP064,STP255,I,F,35.59,15.716111111111111,-65.2963,-124.0523,37
23631,1,2023-03-11,18:09:56,12,MTP064,STP256,I,F,35.7,15.751388888888888,-65.1316,150.3864,37
23631,2,2023-03-11,18:50:35,12,MTP064,STP256,E,F,35.71,23.41333333333333,75.4897,-104.5786,37
23633,1,2023-03-11,22:05:45,07,MTP064,STP256,I,F,35.77,15.740277777777777,-64.9876,92.829,37
23633,2,2023-03-11,22:46:24,05,MTP064,STP256,E,F,35.79,23.299166666666668,75.5131,-163.6824,37
23636,1,2023-03-12,03:59:40,04,MTP064,STP256,I,F,35.89,15.75361111111111,-64.8106,6.894,37
23636,2,2023-03-12,04:40:11,11,MTP064,STP256,E,F,35.9,23.15138888888889,75.3619,108.0003,37
23638,1,2023-03-12,07:55:29,12,MTP064,STP256,I,F,35.96,15.797777777777778,-64.58,-49.8343,37
23638,2,2023-03-12,08:35:50,12,MTP064,STP256,E,F,35.97,23.083333333333332,75.1535,49.6303,37
23639,1,2023-03-12,09:53:24,12,MTP064,STP256,I,F,36.0,15.776944444444446,-64.5428,-78.844,37
23639,2,2023-03-12,10:33:48,09,MTP064,STP256,E,F,36.01,23.01888888888889,75.202,19.9527,37
23642,1,2023-03-12,15:47:13,13,MTP064,STP256,I,F,36.11,15.770000000000001,-64.354,-165.058,37
23642,2,2023-03-12,16:27:35,09,MTP064,STP256,E,F,36.12,22.851944444444445,75.0986,-68.6501,37
23644,1,2023-03-12,19:43:02,05,MTP064,STP256,I,F,36.18,15.796944444444444,-64.2596,137.954,37
23644,2,2023-03-12,20:23:17,07,MTP064,STP256,E,F,36.2,22.7775,74.8656,-127.1331,37
23648,1,2023-03-13,03:34:52,11,MTP064,STP256,I,F,36.33,15.825833333333334,-63.9092,23.558,37
23648,2,2023-03-13,04:14:56,04,MTP064,STP256,E,F,36.34,22.59638888888889,74.5629,115.3635,37
23650,1,2023-03-13,07:30:38,09,MTP064,STP256,I,F,36.41,15.830277777777777,-63.8276,-33.7571,37
23652,1,2023-03-13,11:26:35,12,MTP064,STP256,I,F,36.48,15.858888888888888,-63.5154,-90.7481,37
23652,2,2023-03-13,12:06:28,07,MTP064,STP256,E,F,36.49,22.43611111111111,74.2522,-1.7977,37
23654,1,2023-03-13,15:22:31,12,MTP064,STP256,I,F,36.55,15.898055555555555,-63.2977,-147.5775,37
23654,2,2023-03-13,16:02:15,12,MTP064,STP256,E,F,36.57,22.361111111111114,73.9622,-60.3032,37
23656,1,2023-03-13,19:18:12,09,MTP064,STP256,I,F,36.63,15.844444444444445,-63.3757,154.2556,37
23656,2,2023-03-13,19:58:02,13,MTP064,STP256,E,F,36.64,22.235277777777778,73.9472,-119.5745,37
23657,1,2023-03-13,21:39:46,12,MTP064,STP256,C,F,36.67,20.9375,13.0392,-163.7978,37
23658,1,2023-03-13,23:14:10,05,MTP064,STP256,I,F,36.7,15.895833333333332,-63.0288,97.6008,37
23658,2,2023-03-13,23:53:46,04,MTP064,STP256,E,F,36.71,22.16361111111111,73.6489,-178.018,37
23661,1,2023-03-14,05:08:05,12,MTP064,STP256,I,F,36.81,15.926388888888889,-62.7476,11.929,37
23661,2,2023-03-14,05:47:31,12,MTP064,STP256,E,F,36.83,22.074166666666667,73.3496,94.5459,37
23662,1,2023-03-14,07:05:56,11,MTP064,STP256,I,F,36.85,15.905833333333334,-62.8437,-17.0638,37
23664,1,2023-03-14,11:01:48,12,MTP064,STP256,I,F,36.92,15.929444444444444,-62.5617,-74.1129,37
23664,2,2023-03-14,11:41:09,09,MTP064,STP256,E,F,36.94,21.93611111111111,73.036,6.4093,37
23669,1,2023-03-14,20:51:27,05,MTP064,STP256,I,F,37.11,15.953333333333333,-62.2072,142.7422,37
23669,2,2023-03-14,21:30:33,07,MTP064,STP256,E,F,37.12,21.72611111111111,72.3912,-140.1829,37
23671,1,2023-03-15,00:47:20,09,MTP064,STP256,I,F,37.18,15.956944444444444,-61.9282,85.3883,37
23671,2,2023-03-15,01:26:23,09,MTP064,STP256,E,F,37.2,21.65083333333333,72.268,161.296,37
23673,1,2023-03-15,04:43:20,11,MTP064,STP256,I,F,37.26,15.985,-61.788,28.3742,37
23673,2,2023-03-15,05:22:10,04,MTP064,STP256,E,F,37.27,21.578611111111112,71.8738,102.8252,37
23676,1,2023-03-15,10:37:02,09,MTP064,STP256,I,F,37.37,16.004722222222224,-61.5084,-57.4113,37
23676,2,2023-03-15,11:15:45,12,MTP064,STP256,E,F,37.38,21.484722222222224,71.5102,15.364,37
23678,1,2023-03-15,14:33:03,07,MTP064,STP256,I,F,37.44,16.02861111111111,-61.1992,-114.4883,37
23678,2,2023-03-15,15:11:35,05,MTP064,STP256,E,F,37.45,21.40694444444444,71.2001,-43.1958,37
23679,1,2023-03-15,16:31:01,12,MTP064,STP256,I,F,37.48,16.061944444444446,-61.0199,-142.7022,37
23679,2,2023-03-15,17:09:24,12,MTP064,STP256,E,F,37.49,21.38138888888889,70.9374,-72.2523,37
23680,1,2023-03-15,18:28:52,04,MTP064,STP256,I,F,37.52,16.028888888888886,-61.1547,-171.878,37
23680,2,2023-03-15,19:07:18,11,MTP064,STP256,E,F,37.53,21.32027777777778,70.8381,-101.8628,37
23682,1,2023-03-15,22:47:37,13,MTP064,STP256,C,F,37.6,20.525555555555556,13.0484,-167.4017,37
23683,1,2023-03-16,00:22:37,13,MTP064,STP256,I,F,37.63,16.0375,-60.788,102.1602,37
23685,1,2023-03-16,04:18:38,12,MTP064,STP256,I,F,37.7,16.07,-60.5761,45.2059,37
23686,1,2023-03-16,06:16:37,12,MTP064,STP256,I,F,37.74,16.103611111111114,-60.3793,16.9961,37
23686,2,2023-03-16,06:54:35,12,MTP064,STP256,E,F,37.75,21.157777777777778,69.9044,83.5678,37
23688,1,2023-03-16,10:12:21,09,MTP064,STP256,I,F,37.81,16.085555555555555,-60.3287,-40.6459,37
23688,2,2023-03-16,10:50:17,05,MTP064,STP256,E,F,37.82,21.06888888888889,69.623,24.871,37
23690,1,2023-03-16,14:08:21,07,MTP064,STP256,I,F,37.89,16.111944444444447,-59.9684,-97.6847,37
23690,2,2023-03-16,14:46:08,11,MTP064,STP256,E,F,37.9,21.01,69.306,-33.4058,37
23693,1,2023-03-16,20:02:06,04,MTP064,STP256,I,F,38.0,16.11861111111111,-59.8236,176.3202,37
23693,2,2023-03-16,20:39:41,09,MTP064,STP256,E,F,38.01,20.903333333333332,68.7078,-121.0535,37
23695,1,2023-03-16,23:57:55,09,MTP064,STP256,I,F,38.07,16.11861111111111,-59.5676,118.936,37
23697,1,2023-03-17,03:53:58,12,MTP064,STP256,I,F,38.14,16.16,-59.2198,62.1067,37
23700,1,2023-03-17,09:47:42,07,MTP064,STP256,I,F,38.26,16.170833333333334,-59.0156,-23.8181,37
23700,2,2023-03-17,10:24:47,05,MTP064,STP256,E,F,38.27,20.710555555555555,67.478,35.2523,37
23702,1,2023-03-17,13:43:41,04,MTP064,STP256,I,F,38.33,16.197777777777777,-58.6218,-80.8434,37
23702,2,2023-03-17,14:20:35,11,MTP064,STP256,E,F,38.34,20.660833333333333,67.1286,-22.8824,37
23704,1,2023-03-17,17:39:36,12,MTP064,STP256,I,F,38.4,16.209444444444443,-58.4257,-138.0887,37
23704,2,2023-03-17,18:16:20,09,MTP064,STP256,E,F,38.41,20.59111111111111,66.6339,-81.2999,37
23705,1,2023-03-17,19:37:34,12,MTP064,STP256,I,F,38.44,16.241666666666667,-58.2044,-166.3132,37
23705,2,2023-03-17,20:14:05,12,MTP064,STP256,E,F,38.45,20.57611111111111,66.3312,-110.1839,37
23709,1,2023-03-18,03:29:19,13,MTP064,STP256,I,F,38.59,16.233333333333334,-57.7762,78.7522,37
23711,1,2023-03-18,07:25:16,05,MTP064,STP256,I,F,38.66,16.25777777777778,-57.6125,21.6979,37
23711,2,2023-03-18,08:01:24,07,MTP064,STP256,E,F,38.67,20.410555555555554,65.1895,75.1934,37
23713,1,2023-03-18,11:21:07,12,MTP064,STP256,I,F,38.74,16.304722222222225,-57.1409,-34.9987,37
23713,2,2023-03-18,11:56:59,12,MTP064,STP256,E,F,38.75,20.379166666666666,64.7097,17.3883,37
23717,1,2023-03-18,19:12:54,09,MTP065,STP257,I,F,38.88,16.28611111111111,-56.8601,-150.099,37
23717,2,2023-03-18,19:48:35,13,MTP065,STP257,E,F,38.89,20.250833333333333,63.9278,-99.3134,37
23718,1,2023-03-18,21:32:26,12,MTP065,STP257,C,F,38.93,19.907777777777778,12.1301,-129.7296,37
23719,1,2023-03-18,23:08:48,05,MTP065,STP257,I,F,38.96,16.32361111111111,-56.4916,153.0577,37
23719,2,2023-03-18,23:44:10,04,MTP065,STP257,E,F,38.97,20.20722222222222,63.3096,-157.2994,37
23724,1,2023-03-19,08:58:39,11,MTP065,STP257,I,F,39.14,16.3625,-55.7973,10.0845,37
23726,1,2023-03-19,12:54:34,12,MTP065,STP257,I,F,39.22,16.38888888888889,-55.3394,-46.9312,37
23726,2,2023-03-19,13:29:13,09,MTP065,STP257,E,F,39.23,20.055555555555557,61.6778,-0.3681,37
23728,1,2023-03-19,16:50:35,07,MTP065,STP257,I,F,39.29,16.41,-54.9609,-104.0559,37
23728,2,2023-03-19,17:24:59,04,MTP065,STP257,E,F,39.3,20.004166666666666,61.0873,-58.5162,37
23730,1,2023-03-19,21:07:22,13,MTP065,STP257,C,F,39.37,19.704444444444444,11.812,-117.1334,37
23732,1,2023-03-20,00:42:18,13,MTP065,STP257,I,F,39.44,16.42361111111111,-54.4175,141.3478,37
23732,2,2023-03-20,01:16:20,09,MTP065,STP257,E,F,39.45,19.91111111111111,60.1507,-174.6254,37
23734,1,2023-03-20,04:38:21,05,MTP065,STP257,I,F,39.51,16.461666666666666,-53.9746,84.4718,37
23736,1,2023-03-20,08:54:52,12,MTP065,STP257,C,F,39.59,19.604722222222225,11.6971,69.1875,37
23737,1,2023-03-20,10:32:10,12,MTP065,STP257,I,F,39.62,16.47861111111111,-53.6197,-1.3847,37
23741,1,2023-03-20,18:24:12,11,MTP065,STP257,I,F,39.77,16.53111111111111,-52.6093,-115.4765,37
23741,2,2023-03-20,18:56:55,07,MTP065,STP257,E,F,39.78,19.716944444444444,57.2369,-75.653,37
23743,1,2023-03-20,22:20:01,09,MTP065,STP257,I,F,39.84,16.5375,-52.4496,-172.7725,37
23743,2,2023-03-20,22:52:31,05,MTP065,STP257,E,F,39.85,19.674444444444447,56.5839,-133.6261,37
23745,1,2023-03-21,02:39:40,13,MTP065,STP257,C,F,39.92,19.633888888888887,25.2021,170.4877,37
23747,1,2023-03-21,06:12:01,09,MTP065,STP257,I,F,39.99,16.57027777777778,-51.5069,72.8499,37
23749,1,2023-03-21,10:07:56,04,MTP065,STP257,I,F,40.06,16.59583333333333,-51.2249,15.8207,37
23753,1,2023-03-21,18:00:01,11,MTP065,STP257,I,F,40.21,16.65361111111111,-49.998,-98.2028,37
23753,2,2023-03-21,18:30:55,12,MTP065,STP257,E,F,40.22,19.478888888888886,53.2207,-63.3425,37
23755,1,2023-03-21,21:55:54,09,MTP065,STP257,I,F,40.28,16.665555555555553,-49.7123,-155.4339,37
23755,2,2023-03-21,22:26:30,07,MTP065,STP257,E,F,40.29,19.43861111111111,52.4526,-121.2832,37
23758,1,2023-03-22,03:49:54,04,MTP065,STP257,I,F,40.39,16.70638888888889,-48.7908,119.0299,37
23758,2,2023-03-22,04:19:54,05,MTP065,STP257,E,F,40.4,19.378888888888888,51.2652,151.8149,37
23763,1,2023-03-22,13:39:46,13,MTP065,STP257,I,F,40.58,16.738055555555558,-47.7297,-24.0517,37
23763,2,2023-03-22,14:09:00,13,MTP065,STP257,E,F,40.59,19.28388888888889,49.4961,7.0234,37
23765,1,2023-03-22,17:35:57,12,MTP065,STP257,I,F,40.65,16.78611111111111,-46.8734,-80.8131,37
23765,2,2023-03-22,18:04:36,11,MTP065,STP257,E,F,40.66,19.246944444444445,48.3902,-50.8731,37
23767,1,2023-03-22,21:31:54,07,MTP065,STP257,I,F,40.72,16.800555555555555,-46.4915,-138.0164,37
23767,2,2023-03-22,22:00:09,09,MTP065,STP257,E,F,40.73,19.205,47.4059,-108.8298,37
23768,1,2023-03-22,23:47:49,09,MTP065,STP257,C,F,40.77,19.068055555555556,10.7196,-137.08,37
23771,1,2023-03-23,05:44:07,10,MTP065,STP257,C,F,40.88,18.97472222222222,20.704,134.8021,37
23774,1,2023-03-23,11:17:59,05,MTP065,STP257,I,F,40.98,16.883888888888887,-44.3175,22.1902,37
23776,1,2023-03-23,15:14:07,04,MTP065,STP257,I,F,41.06,16.923055555555557,-43.2766,-34.6922,37
23776,2,2023-03-23,15:40:12,11,MTP065,STP257,E,F,41.06,19.040000000000003,43.1359,-9.2865,37
23780,1,2023-03-23,23:06:05,09,MTP065,STP257,I,F,41.2,16.94611111111111,-42.2866,-149.2087,37
23780,2,2023-03-23,23:31:21,09,MTP065,STP257,E,F,41.21,18.960277777777776,41.145,-125.144,37
23782,1,2023-03-24,03:02:19,12,MTP065,STP257,I,F,41.28,17.00638888888889,-40.8818,154.2044,37
23782,2,2023-03-24,03:26:41,09,MTP065,STP257,E,F,41.28,18.91861111111111,39.5787,176.9575,37
23787,1,2023-03-24,12:52:29,07,MTP065,STP257,I,F,41.46,17.066944444444445,-39.0193,11.4834,37
23787,2,2023-03-24,13:15:24,04,MTP065,STP257,E,F,41.47,18.824444444444445,36.5489,32.271,37
23789,1,2023-03-24,16:48:49,05,MTP065,STP257,I,F,41.53,17.11527777777778,-37.5091,-45.3093,37
23789,2,2023-03-24,17:10:53,12,MTP065,STP257,E,F,41.54,18.78388888888889,35.1666,-25.6485,37
23791,1,2023-03-24,20:44:58,11,MTP065,STP257,I,F,41.61,17.141666666666666,-36.641,-102.3855,37
23791,2,2023-03-24,21:06:17,07,MTP065,STP257,E,F,41.61,18.7375,33.5358,-83.6356,37
23794,1,2023-03-25,02:39:04,13,MTP065,STP257,I,F,41.72,17.17527777777778,-35.1709,171.9458,37
23794,2,2023-03-25,02:59:22,13,MTP065,STP257,E,F,41.72,18.674166666666668,31.5454,-170.5145,37
23796,1,2023-03-25,06:35:30,09,MTP065,STP257,I,F,41.79,17.233333333333334,-33.5026,115.2757,37
23796,2,2023-03-25,06:54:41,05,MTP065,STP257,E,F,41.8,18.63138888888889,29.568,131.5745,37
23808,1,2023-03-26,06:13:56,12,MTP065,STP258,I,F,42.23,17.51833333333333,-22.3187,134.3483,37
23893,1,2023-04-02,04:25:47,11,MTP065,STP259,C,F,45.32,5.956944444444445,1.297,54.1,37
23959,1,2023-04-07,15:06:46,04,MTP065,STP259,C,F,47.75,17.92388888888889,-4.3295,125.3728,37
24042,1,2023-04-14,11:08:57,05,MTP065,STP260,I,F,50.77,5.4575000000000005,22.5181,63.1424,37
24042,2,2023-04-14,11:27:09,04,MTP065,STP260,E,F,50.78,7.001666666666667,-36.1757,81.874,37
24044,1,2023-04-14,15:04:24,11,MTP065,STP260,I,F,50.85,5.4125000000000005,24.1159,5.1672,37
24044,2,2023-04-14,15:23:25,12,MTP065,STP260,E,F,50.85,7.041111111111111,-37.1943,24.9728,37
24047,1,2023-04-14,20:57:24,09,MTP065,STP260,I,F,50.95,5.338611111111111,26.6292,-81.8469,37
24047,2,2023-04-14,21:17:51,07,MTP065,STP260,E,F,50.96,7.127777777777777,-39.3255,-59.9874,37
24048,1,2023-04-14,23:12:18,11,MTP065,STP260,C,F,51.0,6.052222222222222,-32.3336,-103.974,37
24049,1,2023-04-15,00:52:39,09,MTP065,STP260,I,F,51.03,5.290277777777778,28.5088,-139.8237,37
24049,2,2023-04-15,01:14:01,09,MTP065,STP260,E,F,51.03,7.1825,-40.3483,-116.6403,37
24050,1,2023-04-15,03:08:05,12,MTP065,STP260,C,F,51.07,5.959444444444444,-32.3597,-162.7428,37
24052,1,2023-04-15,06:45:56,04,MTP065,STP260,I,F,51.13,5.219722222222222,30.4307,133.1419,37
24052,2,2023-04-15,07:08:21,05,MTP065,STP260,E,F,51.14,7.243888888888889,-41.9524,158.0495,37
24058,1,2023-04-15,18:32:19,13,MTP066,STP261,I,F,51.35,5.092499999999999,34.4167,-40.6736,37
24058,2,2023-04-15,18:56:46,13,MTP066,STP261,E,F,51.36,7.381944444444444,-44.5257,-12.2869,37
24060,1,2023-04-15,22:27:51,04,MTP066,STP261,I,F,51.42,5.052777777777778,35.2241,-98.592,37
24060,2,2023-04-15,22:52:45,11,MTP066,STP261,E,F,51.43,7.406944444444445,-45.2258,-69.3355,37
24066,1,2023-04-16,10:40:57,12,MTP066,STP261,E,F,51.65,7.522222222222222,-47.2846,120.0428,37
24069,1,2023-04-16,16:07:50,09,MTP066,STP261,I,F,51.75,4.863888888888889,39.9415,0.6157,37
24069,2,2023-04-16,16:35:00,07,MTP066,STP261,E,F,51.76,7.562222222222222,-47.9373,34.4795,37
24070,1,2023-04-16,18:25:37,13,MTP066,STP261,C,F,51.79,6.133055555555555,-28.717,-13.8772,37
24071,1,2023-04-16,20:03:27,05,MTP066,STP261,I,F,51.82,4.824722222222222,40.8305,-57.3099,37
24071,2,2023-04-16,20:31:07,11,MTP066,STP261,E,F,51.83,7.609722222222222,-48.7138,-22.2693,37
24074,1,2023-04-17,01:24:25,05,MTP066,STP261,C,F,51.92,19.421111111111113,45.9915,83.5234,37
24074,2,2023-04-17,02:25:04,09,MTP066,STP261,E,F,51.94,7.667777777777778,-49.3971,-107.5408,37
24077,1,2023-04-17,07:50:12,04,MTP066,STP261,I,F,52.04,4.695,43.5936,128.7468,37
24077,2,2023-04-17,08:19:10,09,MTP066,STP261,E,F,52.05,7.7138888888888895,-50.2876,166.9785,37
24081,1,2023-04-17,15:41:23,12,MTP066,STP261,I,F,52.18,4.614166666666667,45.1672,12.8647,37
24081,2,2023-04-17,16:11:04,05,MTP066,STP261,E,F,52.19,7.766111111111111,-51.0138,52.9193,37
24084,1,2023-04-17,21:34:54,07,MTP066,STP261,I,F,52.29,4.556388888888889,46.233,-74.0355,37
24084,2,2023-04-17,22:05:08,04,MTP066,STP261,E,F,52.3,7.825,-51.8176,-32.3645,37
24087,1,2023-04-18,03:28:18,11,MTP066,STP261,I,F,52.4,4.490555555555556,47.3852,-161.025,37
24087,2,2023-04-18,03:59:02,12,MTP066,STP261,E,F,52.41,7.859166666666666,-52.2509,-117.9754,37
24090,1,2023-04-18,09:53:13,13,MTP066,STP261,E,F,52.52,7.95,-53.2215,157.195,37
24092,1,2023-04-18,13:17:23,09,MTP066,STP261,I,F,52.58,4.383611111111112,49.1401,54.0061,37
24093,1,2023-04-18,14:15:31,10,MTP066,STP261,C,F,52.6,16.283333333333335,-50.1215,-141.6427,37
24093,2,2023-04-18,15:38:02,09,MTP066,STP261,C,F,52.62,5.730833333333334,-32.2781,39.9867,37
24095,1,2023-04-18,19:11:00,07,MTP066,STP261,I,F,52.69,4.323611111111111,50.0528,-32.9484,37
24095,2,2023-04-18,19:43:02,05,MTP066,STP261,E,F,52.7,7.991666666666667,-53.8675,14.2774,37
24097,1,2023-04-18,23:06:37,11,MTP066,STP261,I,F,52.76,4.281666666666666,50.67,-90.9185,37
24097,2,2023-04-18,23:38:57,04,MTP066,STP261,E,F,52.77,8.029444444444445,-54.3035,-42.569,37
24100,1,2023-04-19,05:00:07,09,MTP066,STP261,I,F,52.87,4.210277777777778,51.6759,-178.0144,37
24100,2,2023-04-19,05:32:50,12,MTP066,STP261,E,F,52.88,8.055277777777778,-54.5703,-128.3035,37
24104,1,2023-04-19,12:51:22,09,MTP066,STP261,I,F,53.01,4.121944444444444,53.0419,65.9724,37
24104,2,2023-04-19,13:24:45,09,MTP066,STP261,E,F,53.02,8.141388888888889,-55.3231,118.1411,37
24107,1,2023-04-19,18:45:06,05,MTP066,STP261,I,F,53.12,4.061944444444444,53.5858,-21.0091,37
24107,2,2023-04-19,19:18:42,07,MTP066,STP261,E,F,53.13,8.15388888888889,-55.6028,32.1913,37
24109,1,2023-04-19,22:40:45,04,MTP066,STP261,I,F,53.19,4.012777777777778,54.1773,-79.0954,37
24109,2,2023-04-19,23:14:38,11,MTP066,STP261,E,F,53.2,8.193055555555556,-56.0052,-24.6383,37
24113,1,2023-04-20,07:06:30,12,MTP066,STP261,E,F,53.35,8.236388888888888,-56.4071,-138.8225,37
24115,1,2023-04-20,11:02:28,09,MTP066,STP261,E,F,53.42,8.277777777777779,-56.8067,164.3743,37
24119,1,2023-04-20,18:19:14,13,MTP066,STP261,I,F,53.55,3.776944444444444,56.8954,-9.4314,37
24119,2,2023-04-20,18:54:20,13,MTP066,STP261,E,F,53.56,8.334444444444445,-57.1416,50.3879,37
24121,1,2023-04-20,22:15:01,07,MTP066,STP261,I,F,53.63,3.733611111111111,57.1341,-67.4615,37
24121,2,2023-04-20,22:50:14,05,MTP066,STP261,E,F,53.64,8.350555555555555,-57.4456,-6.7756,37
24125,1,2023-04-21,06:06:25,11,MTP066,STP261,I,F,53.77,3.6283333333333334,58.1046,176.2402,37
24125,2,2023-04-21,06:42:00,04,MTP066,STP261,E,F,53.78,8.383888888888889,-57.7084,-121.0879,37
24127,1,2023-04-21,10:02:12,09,MTP066,STP261,I,F,53.84,3.5827777777777774,58.4972,118.1782,37
24127,2,2023-04-21,10:37:58,12,MTP066,STP261,E,F,53.85,8.422222222222222,-58.0404,-177.9375,37
24130,1,2023-04-21,15:55:43,05,MTP066,STP261,I,F,53.95,3.5097222222222224,59.1045,31.0483,37
24130,2,2023-04-21,16:31:43,07,MTP066,STP261,E,F,53.96,8.443333333333333,-58.1928,96.2894,37
24133,1,2023-04-21,21:49:21,09,MTP066,STP261,I,F,54.06,3.4305555555555554,59.8937,-56.1994,37
24133,2,2023-04-21,22:25:48,09,MTP066,STP261,E,F,54.07,8.513333333333334,-58.6051,11.1698,37
24136,1,2023-04-22,03:42:57,04,MTP066,STP261,I,F,54.17,3.3608333333333333,60.2493,-143.2984,37
24136,2,2023-04-22,04:19:30,11,MTP066,STP261,E,F,54.18,8.518333333333334,-58.7754,-74.8295,37
24138,1,2023-04-22,08:15:26,12,MTP066,STP261,E,F,54.25,8.537222222222223,-58.91,-131.9677,37
24143,1,2023-04-22,17:28:04,04,MTP066,STP262,I,F,54.42,3.1688888888888886,61.5643,13.022,37
24143,2,2023-04-22,18:05:09,11,MTP066,STP262,E,F,54.43,8.591111111111111,-59.2971,85.3321,37
24145,1,2023-04-22,21:23:52,12,MTP066,STP262,I,F,54.49,3.111388888888889,61.9267,-45.2257,37
24145,2,2023-04-22,22:01:08,09,MTP066,STP262,E,F,54.5,8.61888888888889,-59.4952,28.3156,37
24148,1,2023-04-23,03:43:12,10,MTP066,STP262,C,F,54.61,5.154444444444445,-36.7243,-106.8959,37
24150,1,2023-04-23,07:13:11,13,MTP066,STP262,I,F,54.67,2.966388888888889,62.9226,169.1858,37
24150,2,2023-04-23,07:50:53,13,MTP066,STP262,E,F,54.68,8.68361111111111,-59.7838,-114.2336,37
24152,1,2023-04-23,11:09:01,07,MTP066,STP262,I,F,54.74,2.917777777777778,63.0399,111.0569,37
24152,2,2023-04-23,11:46:47,05,MTP066,STP262,E,F,54.75,8.700555555555555,-60.0465,-171.3886,37
24155,1,2023-04-23,17:02:35,11,MTP066,STP262,I,F,54.85,2.8274999999999997,63.5117,23.6631,37
24155,2,2023-04-23,17:40:32,04,MTP066,STP262,E,F,54.86,8.716666666666667,-60.1318,102.7667,37
24157,1,2023-04-23,20:58:26,09,MTP066,STP262,I,F,54.92,2.7725,63.7838,-34.5598,37
24157,2,2023-04-23,21:36:32,12,MTP066,STP262,E,F,54.93,8.741944444444444,-60.2955,45.7107,37
24159,1,2023-04-24,01:20:18,11,MTP066,STP262,C,F,55.0,5.008055555555556,-37.9714,-64.7536,37
24161,1,2023-04-24,04:49:54,05,MTP066,STP262,I,F,55.07,2.6580555555555554,64.3192,-151.0129,37
24161,2,2023-04-24,05:28:12,07,MTP066,STP262,E,F,55.08,8.773611111111112,-60.4798,-68.5973,37
24164,1,2023-04-24,10:43:34,09,MTP066,STP262,I,F,55.17,2.5524999999999998,64.9186,121.3366,37
24164,2,2023-04-24,11:22:13,09,MTP066,STP262,E,F,55.19,8.83888888888889,-60.7526,-153.7738,37
24166,1,2023-04-24,14:39:17,04,MTP066,STP262,I,F,55.25,2.4975,65.0073,63.1459,37
24166,2,2023-04-24,15:17:56,11,MTP066,STP262,E,F,55.26,8.835833333333333,-60.8613,148.817,37
24168,1,2023-04-24,18:35:07,12,MTP066,STP262,I,F,55.32,2.4333333333333336,65.262,4.7932,37
24168,2,2023-04-24,19:13:52,09,MTP066,STP262,E,F,55.33,8.84388888888889,-60.8938,91.5232,37
24171,1,2023-04-25,00:28:50,07,MTP066,STP262,I,F,55.43,2.3497222222222223,65.5719,-82.5437,37
24171,2,2023-04-25,01:07:45,05,MTP066,STP262,E,F,55.44,8.883055555555556,-61.1248,5.9874,37
24173,1,2023-04-25,04:24:32,11,MTP066,STP262,I,F,55.5,2.2816666666666667,65.8154,-140.9235,37
24173,2,2023-04-25,05:03:33,04,MTP066,STP262,E,F,55.51,8.887222222222222,-61.1297,-51.3332,37
24176,1,2023-04-25,10:57:32,13,MTP066,STP262,E,F,55.62,8.941666666666666,-61.3045,-136.6662,37
24179,1,2023-04-25,16:11:53,09,MTP066,STP262,I,F,55.71,2.0847222222222226,66.4552,43.9811,37
24179,2,2023-04-25,16:51:12,12,MTP066,STP262,E,F,55.73,8.948055555555555,-61.4606,137.3629,37
24182,1,2023-04-25,22:05:40,05,MTP066,STP262,I,F,55.82,1.9866666666666668,66.7401,-43.5865,37
24182,2,2023-04-25,22:45:08,07,MTP066,STP262,E,F,55.83,8.969722222222222,-61.5652,51.5549,37
24185,1,2023-04-26,03:59:15,04,MTP066,STP262,I,F,55.93,1.8894444444444445,67.0019,-131.0907,37
24185,2,2023-04-26,04:38:51,11,MTP066,STP262,E,F,55.94,8.993888888888888,-61.6851,-34.1592,37
24187,1,2023-04-26,07:55:05,12,MTP066,STP262,I,F,56.0,1.8127777777777778,67.1991,170.3644,37
24187,2,2023-04-26,08:34:46,09,MTP066,STP262,E,F,56.01,9.00388888888889,-61.724,-91.4241,37
24191,1,2023-04-26,15:46:34,13,MTP066,STP262,I,F,56.15,1.669722222222222,67.6532,53.4803,37
24191,2,2023-04-26,16:26:30,09,MTP066,STP262,E,F,56.16,9.061111111111112,-61.8848,154.6332,37
24193,1,2023-04-26,19:42:28,07,MTP066,STP262,I,F,56.22,1.6094444444444445,67.6586,-4.8344,37
24193,2,2023-04-26,20:22:24,05,MTP066,STP262,E,F,56.23,9.049722222222222,-61.9376,97.0531,37
24196,1,2023-04-27,01:36:12,11,MTP066,STP262,I,F,56.33,1.511388888888889,67.8523,-92.3864,37
24196,2,2023-04-27,02:16:17,04,MTP066,STP262,E,F,56.34,9.091666666666667,-62.1561,11.5637,37
24199,1,2023-04-27,07:29:50,09,MTP066,STP262,I,F,56.43,1.3936111111111111,68.0692,179.7825,37
24199,2,2023-04-27,08:10:01,12,MTP066,STP262,E,F,56.45,9.092500000000001,-62.1279,-74.5071,37
24202,1,2023-04-27,14:03:54,05,MTP066,STP262,E,F,56.55,9.134444444444444,-62.3384,-160.0017,37
24205,1,2023-04-27,19:17:12,09,MTP066,STP262,I,F,56.65,1.171388888888889,68.5279,4.3091,37
24205,2,2023-04-27,19:57:41,13,MTP066,STP262,E,F,56.66,9.15638888888889,-62.2884,114.2338,37
24208,1,2023-04-28,01:11:01,07,MTP066,STP262,I,F,56.76,1.0844444444444443,68.5199,-83.0989,37
24208,2,2023-04-28,01:51:31,04,MTP066,STP262,E,F,56.77,9.174722222222222,-62.5019,28.4002,37
24211,1,2023-04-28,07:04:38,11,MTP066,STP262,I,F,56.87,0.9702777777777778,68.6525,-170.8704,37
24211,2,2023-04-28,07:45:13,12,MTP066,STP262,E,F,56.88,9.176666666666666,-62.4797,-57.6473,37
24214,1,2023-04-28,12:58:26,09,MTP066,STP262,I,F,56.97,0.8641666666666666,68.7568,101.4381,37
24214,2,2023-04-28,13:39:08,07,MTP066,STP262,E,F,56.99,9.214722222222221,-62.6574,-143.2073,37
24216,1,2023-04-28,16:54:07,05,MTP066,STP262,I,F,57.05,0.7886111111111112,68.8226,42.9489,37
24216,2,2023-04-28,17:34:53,11,MTP066,STP262,E,F,57.06,9.221944444444444,-62.6752,159.5304,37
24220,1,2023-04-29,00:45:49,13,MTP066,STP262,I,F,57.19,0.6341666666666667,69.0449,-74.1596,37
24220,2,2023-04-29,01:26:48,09,MTP066,STP262,E,F,57.2,9.265277777777778,-62.7248,45.3312,37
24222,1,2023-04-29,04:41:36,04,MTP066,STP262,I,F,57.26,0.5797222222222222,68.9589,-132.356,37
24224,1,2023-04-29,08:37:25,09,MTP066,STP262,I,F,57.33,0.49194444444444446,69.0033,168.9384,37
24230,1,2023-04-29,21:06:00,04,MTP066,STP263,E,F,57.56,9.300833333333333,-62.9445,118.8975,37
24232,1,2023-04-30,01:01:57,11,MTP066,STP263,E,F,57.63,9.319166666666666,-63.0182,61.7535,37
24237,1,2023-04-30,10:10:13,12,MTP066,STP263,I,F,57.8,0.015833333333333335,69.0466,148.7805,37
24239,1,2023-04-30,14:06:05,09,MTP066,STP263,I,F,57.87,23.954722222222223,69.028,90.462,37
24242,1,2023-04-30,20:41:09,07,MTP066,STP263,E,F,57.99,9.362777777777778,-63.1351,135.4394,37
24244,1,2023-05-01,00:37:07,05,MTP066,STP263,E,F,58.07,9.375833333333334,-63.1798,78.2124,37
24246,1,2023-05-01,04:32:58,09,MTP066,STP263,E,F,58.14,9.408333333333333,-63.1828,21.3009,37
24249,1,2023-05-01,09:45:06,13,MTP066,STP263,I,F,58.23,23.579444444444444,68.9376,157.9108,37
24251,1,2023-05-01,13:41:01,11,MTP066,STP263,I,F,58.3,23.525277777777777,68.7762,99.6855,37
24253,1,2023-05-01,17:36:46,04,MTP066,STP263,I,F,58.38,23.466944444444444,68.7197,41.4407,37
24256,1,2023-05-02,00:12:17,09,MTP066,STP263,E,F,58.5,9.431388888888888,-63.3281,94.6519,37
24258,1,2023-05-02,04:08:09,12,MTP066,STP263,E,F,58.57,9.453888888888889,-63.4155,37.5902,37
24261,1,2023-05-02,09:20:06,05,MTP066,STP263,I,F,58.66,23.184722222222224,68.3937,167.6416,37
24265,1,2023-05-02,17:39:01,12,MTP066,STP263,C,F,58.81,3.129722222222222,-37.4128,105.4017,37
24266,1,2023-05-02,19:09:40,07,MTP066,STP263,I,F,58.84,23.02777777777778,68.1576,21.8125,37
24269,1,2023-05-03,01:45:24,04,MTP066,STP263,E,F,58.96,9.486388888888888,-63.4586,82.3849,37
24273,1,2023-05-03,09:37:01,11,MTP066,STP263,E,F,59.11,9.497222222222222,-63.4686,-32.2275,37
24275,1,2023-05-03,13:32:59,13,MTP066,STP263,E,F,59.18,9.515833333333333,-63.4018,-89.3678,37
24278,1,2023-05-03,18:44:38,09,MTP066,STP263,I,F,59.27,22.63611111111111,67.5206,31.5911,37
24280,1,2023-05-03,22:40:34,12,MTP066,STP263,I,F,59.35,22.578611111111112,67.2689,-26.6859,37
24282,1,2023-05-04,02:36:29,09,MTP066,STP263,I,F,59.42,22.523333333333333,67.1333,-84.9271,37
24285,1,2023-05-04,09:12:13,07,MTP066,STP263,E,F,59.54,9.54,-63.5477,-15.98,37
24287,1,2023-05-04,13:08:08,05,MTP066,STP263,E,F,59.61,9.545,-63.5503,-73.3192,37
24290,1,2023-05-04,18:46:39,13,MTP066,STP263,C,F,59.71,2.718888888888889,-37.3109,101.9092,37
24293,1,2023-05-05,00:13:37,11,MTP066,STP263,I,F,59.81,22.202222222222222,66.2363,-45.4077,37
24295,1,2023-05-05,04:09:28,04,MTP066,STP263,I,F,59.88,22.153055555555554,66.0778,-103.5406,37
24300,1,2023-05-05,14:41:14,09,MTP066,STP263,E,F,60.08,9.5825,-63.5928,-85.8457,37
24302,1,2023-05-05,18:37:02,12,MTP066,STP263,E,F,60.15,9.596666666666668,-63.636,-143.0172,37
24304,1,2023-05-05,22:32:54,09,MTP066,STP263,E,F,60.22,9.595277777777778,-63.4791,159.5652,37
24307,1,2023-05-06,03:44:34,13,MTP066,STP263,I,F,60.31,21.819444444444443,64.9974,-92.9193,37
24309,1,2023-05-06,07:40:23,05,MTP066,STP263,I,F,60.39,21.788333333333334,64.7344,-150.7749,37
24311,1,2023-05-06,11:36:15,07,MTP066,STP263,I,F,60.46,21.728055555555553,64.4836,150.9207,37
24316,1,2023-05-06,22:07:58,04,MTP066,STP264,E,F,60.65,9.616666666666667,-63.5921,175.5193,37
24318,1,2023-05-07,02:03:57,11,MTP066,STP264,E,F,60.72,9.614722222222222,-63.5645,118.0591,37
24321,1,2023-05-07,07:15:31,12,MTP066,STP264,I,F,60.82,21.497500000000002,63.4082,-139.5179,37
24323,1,2023-05-07,11:11:20,09,MTP066,STP264,I,F,60.89,21.444166666666668,63.139,162.2945,37
24327,1,2023-05-07,19:45:14,07,MTP066,STP264,E,F,61.04,9.641388888888889,-63.5966,-139.8088,37
24329,1,2023-05-07,23:41:04,05,MTP066,STP264,E,F,61.12,9.630277777777778,-63.5302,162.6317,37
24330,1,2023-05-08,01:22:20,09,MTP066,STP264,C,F,61.15,22.24527777777778,-33.7156,-32.7826,37
24331,1,2023-05-08,03:37:04,13,MTP066,STP264,E,F,61.19,9.640277777777778,-63.4234,105.3485,37
24334,1,2023-05-08,08:48:34,09,MTP066,STP264,I,F,61.28,21.196944444444444,61.8927,-157.104,37
24336,1,2023-05-08,12:44:29,11,MTP066,STP264,I,F,61.35,21.15722222222222,61.5053,144.8883,37
24340,1,2023-05-08,20:36:10,04,MTP066,STP264,I,F,61.5,21.083888888888886,61.0333,29.0048,37
24345,1,2023-05-09,07:08:00,09,MTP066,STP264,E,F,61.69,9.65611111111111,-63.4964,63.824,37
24347,1,2023-05-09,11:03:46,12,MTP066,STP264,E,F,61.76,9.648055555555555,-63.4449,6.3297,37
24351,1,2023-05-09,18:13:32,05,MTP066,STP264,I,F,61.89,20.863055555555558,59.4818,69.9702,37
24353,1,2023-05-09,22:09:19,07,MTP066,STP264,I,F,61.96,20.82611111111111,59.199,12.0361,37
24356,1,2023-05-10,04:45:13,04,MTP066,STP264,E,F,62.08,9.650277777777777,-63.375,108.0545,37
24358,1,2023-05-10,08:41:04,11,MTP066,STP264,E,F,62.16,9.657222222222222,-63.3869,50.7674,37
24360,1,2023-05-10,12:36:53,09,MTP066,STP264,E,F,62.23,9.651944444444444,-63.2146,-6.7033,37
24363,1,2023-05-10,17:48:47,13,MTP066,STP264,I,F,62.32,20.630277777777778,57.7496,82.071,37
24365,1,2023-05-10,21:44:36,12,MTP066,STP264,I,F,62.39,20.609722222222224,57.4007,24.3741,37
24367,1,2023-05-11,01:40:30,09,MTP066,STP264,I,F,62.47,20.56888888888889,57.0344,-33.6475,37
24370,1,2023-05-11,08:16:13,07,MTP066,STP264,E,F,62.59,9.652777777777779,-63.2635,66.3143,37
24374,1,2023-05-11,16:07:55,05,MTP066,STP264,E,F,62.73,9.64111111111111,-63.1787,-48.6529,37
24380,1,2023-05-12,03:13:49,11,MTP066,STP264,I,F,62.93,20.352777777777778,54.9081,-50.0238,37
24381,1,2023-05-12,05:39:44,10,MTP066,STP264,C,F,62.98,22.72222222222222,-69.6028,-49.9925,37
24382,1,2023-05-12,07:09:45,04,MTP066,STP264,I,F,63.0,20.322499999999998,54.5848,-107.892,37
24385,1,2023-05-12,13:45:05,09,MTP066,STP264,E,F,63.12,9.630277777777778,-63.0381,-4.484,37
24389,1,2023-05-12,21:36:52,12,MTP066,STP264,E,F,63.27,9.631388888888889,-63.0089,-119.2751,37
24391,1,2023-05-13,01:32:42,13,MTP066,STP264,E,F,63.34,9.621111111111112,-62.8148,-176.8207,37
24394,1,2023-05-13,06:45:05,09,MTP066,STP264,I,F,63.43,20.128888888888888,52.538,-95.2271,37
24396,1,2023-05-13,10:40:56,05,MTP066,STP264,I,F,63.5,20.113611111111112,52.1613,-152.85,37
24404,1,2023-05-14,03:05:50,09,MTP067,STP265,E,F,63.8,9.595,-62.5896,169.6922,37
24406,1,2023-05-14,07:01:46,11,MTP067,STP265,E,F,63.87,9.592777777777778,-62.6961,112.245,37
24409,1,2023-05-14,12:14:18,12,MTP067,STP265,I,F,63.97,19.925833333333333,49.6789,-168.817,37
24411,1,2023-05-14,16:10:13,09,MTP067,STP265,I,F,64.04,19.896666666666665,49.2627,133.3314,37
24413,1,2023-05-14,20:06:12,07,MTP067,STP265,I,F,64.11,19.87027777777778,48.8813,75.5133,37
24416,1,2023-05-15,02:40:56,05,MTP067,STP265,E,F,64.23,9.567777777777778,-62.4992,-175.084,37
24418,1,2023-05-15,06:36:55,04,MTP067,STP265,E,F,64.3,9.561111111111112,-62.4517,127.3859,37
24420,1,2023-05-15,09:51:49,13,MTP067,STP265,I,F,64.36,19.771666666666665,47.59,-126.8808,37
24420,2,2023-05-15,10:32:48,13,MTP067,STP265,E,F,64.38,9.5625,-62.309,70.0037,37
24424,1,2023-05-15,18:24:29,12,MTP067,STP265,E,F,64.52,9.544722222222221,-62.3271,-45.0488,37
24426,1,2023-05-15,22:20:21,11,MTP067,STP265,E,F,64.59,9.54138888888889,-62.2954,-102.4968,37
24430,1,2023-05-16,05:31:27,07,MTP067,STP265,I,F,64.72,19.64638888888889,45.3429,-55.8311,37
24430,2,2023-05-16,06:12:05,09,MTP067,STP265,E,F,64.73,9.519722222222223,-62.1614,142.3809,37
24432,1,2023-05-16,09:27:23,04,MTP067,STP265,I,F,64.79,19.6225,44.9336,-113.6023,37
24432,2,2023-05-16,10:07:55,05,MTP067,STP265,E,F,64.81,9.529722222222222,-62.1919,85.14,37
24437,1,2023-05-16,19:57:39,09,MTP067,STP265,E,F,64.98,9.498333333333333,-61.869,-58.8429,37
24439,1,2023-05-16,23:53:24,11,MTP067,STP265,E,F,65.06,9.499444444444444,-61.9928,-116.1956,37
24442,1,2023-05-17,05:07:00,12,MTP067,STP265,I,F,65.15,19.49527777777778,42.6421,-42.5753,37
24442,2,2023-05-17,05:47:14,09,MTP067,STP265,E,F,65.16,9.475833333333334,-61.8538,157.3412,37
24446,1,2023-05-17,12:58:47,07,MTP067,STP265,I,F,65.29,19.453333333333333,41.8378,-158.0138,37
24446,2,2023-05-17,13:38:55,05,MTP067,STP265,E,F,65.31,9.466111111111111,-61.7754,42.4132,37
24448,1,2023-05-17,16:54:45,04,MTP067,STP265,I,F,65.37,19.425833333333333,41.3014,144.1495,37
24448,2,2023-05-17,17:34:50,12,MTP067,STP265,E,F,65.38,9.452222222222222,-61.6908,-15.2068,37
24451,1,2023-05-17,23:28:40,13,MTP067,STP265,E,F,65.49,9.444166666666668,-61.4912,-101.4372,37
24454,1,2023-05-18,04:42:33,11,MTP067,STP265,I,F,65.58,19.354166666666668,39.859,-29.1716,37
24454,2,2023-05-18,05:22:25,07,MTP067,STP265,E,F,65.59,9.418888888888889,-61.4762,172.1004,37
24457,1,2023-05-18,10:36:29,09,MTP067,STP265,I,F,65.69,19.321666666666665,39.1839,-115.7866,37
24457,2,2023-05-18,11:16:14,04,MTP067,STP265,E,F,65.7,9.423888888888888,-61.4773,86.0738,37
24460,1,2023-05-18,16:30:21,05,MTP067,STP265,I,F,65.8,19.28666666666667,38.4378,157.5768,37
24460,2,2023-05-18,17:10:00,11,MTP067,STP265,E,F,65.81,9.399722222222222,-61.3308,-0.3795,37
24463,1,2023-05-18,22:24:20,12,MTP067,STP265,I,F,65.9,19.253333333333334,37.714,70.9335,37
24463,2,2023-05-18,23:03:51,09,MTP067,STP265,E,F,65.91,9.38861111111111,-61.2504,-86.6541,37
24467,1,2023-05-19,06:16:10,09,MTP067,STP265,I,F,66.05,19.199444444444445,36.7478,-44.6974,37
24467,2,2023-05-19,06:55:40,09,MTP067,STP265,E,F,66.06,9.35,-60.8793,157.9488,37
24469,1,2023-05-19,10:12:12,07,MTP067,STP265,I,F,66.12,19.183333333333334,36.1425,-102.378,37
24469,2,2023-05-19,10:51:31,05,MTP067,STP265,E,F,66.13,9.35361111111111,-61.02,100.6078,37
24471,1,2023-05-19,14:08:03,04,MTP067,STP265,I,F,66.19,19.163888888888888,35.6913,-160.0649,37
24471,2,2023-05-19,14:47:18,12,MTP067,STP265,E,F,66.2,9.336111111111112,-60.9115,42.9681,37
24474,1,2023-05-19,20:41:12,11,MTP067,STP265,E,F,66.31,9.317222222222222,-60.7851,-43.4376,37
24476,1,2023-05-20,00:37:02,07,MTP067,STP265,E,F,66.38,9.311666666666667,-60.7398,-100.9093,37
24478,1,2023-05-20,03:53:49,13,MTP067,STP265,I,F,66.44,19.080277777777777,33.9413,-2.273,37
24478,2,2023-05-20,04:32:53,13,MTP067,STP265,E,F,66.45,9.292777777777777,-60.4825,-158.587,37
24481,1,2023-05-20,09:47:58,09,MTP067,STP265,I,F,66.55,19.048611111111114,32.9256,-88.9259,37
24481,2,2023-05-20,10:26:47,04,MTP067,STP265,E,F,66.56,9.278055555555556,-60.5153,115.0654,37
24482,1,2023-05-20,16:20:30,11,MTP067,STP266,E,F,66.67,9.258333333333333,-60.3825,28.695,37
24488,1,2023-05-20,23:33:49,12,MTP067,STP266,I,F,66.8,18.975277777777777,31.066,69.0028,37
24488,2,2023-05-21,00:12:21,09,MTP067,STP266,E,F,66.81,9.231111111111112,-60.1955,-86.5386,37
24490,1,2023-05-21,03:29:42,07,MTP067,STP266,I,F,66.87,18.953333333333333,30.4907,11.269,37
24490,2,2023-05-21,04:08:07,05,MTP067,STP266,E,F,66.88,9.2225,-60.1309,-144.0399,37
24493,1,2023-05-21,09:23:43,09,MTP067,STP266,I,F,66.98,18.914166666666667,29.7114,-75.4661,37
24493,2,2023-05-21,10:02:08,09,MTP067,STP266,E,F,66.99,9.189444444444444,-59.7731,129.3088,37
24495,1,2023-05-21,13:19:40,04,MTP067,STP266,I,F,67.05,18.900555555555552,29.0881,-133.0914,37
24495,2,2023-05-21,13:57:53,12,MTP067,STP266,E,F,67.06,9.185,-59.8719,71.8712,37
24497,1,2023-05-21,17:15:38,11,MTP067,STP266,I,F,67.12,18.87611111111111,28.4278,169.1183,37
24497,2,2023-05-21,17:53:46,07,MTP067,STP266,E,F,67.13,9.165000000000001,-59.7381,14.1748,37
24500,1,2023-05-21,23:09:40,09,MTP067,STP266,I,F,67.23,18.84472222222222,27.5687,82.494,37
24500,2,2023-05-21,23:47:39,04,MTP067,STP266,E,F,67.24,9.145277777777777,-59.5962,-72.2383,37
24502,1,2023-05-22,03:05:32,05,MTP067,STP266,I,F,67.3,18.825555555555557,27.0292,24.806,37
24502,2,2023-05-22,03:43:25,11,MTP067,STP266,E,F,67.31,9.137222222222222,-59.5306,-129.7363,37
24504,1,2023-05-22,07:01:34,13,MTP067,STP266,I,F,67.37,18.794722222222223,26.4183,-33.096,37
24504,2,2023-05-22,07:39:26,13,MTP067,STP266,E,F,67.38,9.106388888888889,-59.1819,172.3667,37
24507,1,2023-05-22,12:55:36,12,MTP067,STP266,I,F,67.48,18.770833333333332,25.481,-119.6027,37
24507,2,2023-05-22,13:33:15,09,MTP067,STP266,E,F,67.49,9.095,-59.2311,86.0962,37
24509,1,2023-05-22,16:51:34,07,MTP067,STP266,I,F,67.55,18.746944444444445,24.7883,-177.3869,37
24509,2,2023-05-22,17:29:06,05,MTP067,STP266,E,F,67.56,9.072222222222223,-59.0707,28.3587,37
24512,1,2023-05-22,22:45:37,04,MTP067,STP266,I,F,67.66,18.71638888888889,23.8968,95.9986,37
24512,2,2023-05-22,23:23:01,12,MTP067,STP266,E,F,67.67,9.046111111111111,-58.8801,-58.1582,37
24514,1,2023-05-23,02:41:31,11,MTP067,STP266,I,F,67.73,18.697222222222223,23.3267,38.3024,37
24514,2,2023-05-23,03:18:47,07,MTP067,STP266,E,F,67.74,9.04111111111111,-58.8333,-115.6056,37
24517,1,2023-05-23,08:35:34,09,MTP067,STP266,I,F,67.83,18.655555555555555,22.346,-48.4798,37
24519,1,2023-05-23,12:31:34,09,MTP067,STP266,I,F,67.91,18.642777777777777,21.6941,-106.1016,37
24519,2,2023-05-23,13:08:36,04,MTP067,STP266,E,F,67.92,8.996666666666666,-58.5011,100.1958,37
24521,1,2023-05-23,16:27:31,05,MTP067,STP266,I,F,67.98,18.619444444444444,20.9849,-163.8711,37
24521,2,2023-05-23,17:04:26,11,MTP067,STP266,E,F,67.99,8.969166666666666,-58.2984,42.3903,37
24524,1,2023-05-23,22:58:20,12,MTP067,STP266,E,F,68.1,8.947777777777778,-58.1286,-44.0515,37
24526,1,2023-05-24,02:54:11,09,MTP067,STP266,E,F,68.17,8.929722222222221,-57.9874,-101.7179,37
24528,1,2023-05-24,06:13:28,13,MTP067,STP266,I,F,68.23,18.541944444444447,18.8405,-6.0265,37
24528,2,2023-05-24,06:50:06,09,MTP067,STP266,E,F,68.24,8.90388888888889,-57.6415,-159.5127,37
24531,1,2023-05-24,12:07:38,07,MTP067,STP266,I,F,68.34,18.51388888888889,17.6804,-92.6343,37
24531,2,2023-05-24,12:44:02,05,MTP067,STP266,E,F,68.35,8.87861111111111,-57.5854,113.9772,37
24533,1,2023-05-24,16:03:35,04,MTP067,STP266,I,F,68.41,18.492222222222225,16.988,-150.3793,37
24533,2,2023-05-24,16:39:51,12,MTP067,STP266,E,F,68.42,8.855277777777777,-57.4002,56.2426,37
24536,1,2023-05-24,22:33:45,11,MTP067,STP266,E,F,68.53,8.830277777777777,-57.1913,-30.2544,37
24538,1,2023-05-25,02:29:38,07,MTP067,STP266,E,F,68.6,8.81,-57.0239,-87.9605,37
24541,1,2023-05-25,07:47:35,09,MTP067,STP266,I,F,68.69,18.403333333333332,14.3752,-21.4316,37
24541,2,2023-05-25,08:23:32,13,MTP067,STP266,E,F,68.7,8.763055555555555,-56.4872,-174.7865,37
24543,1,2023-05-25,11:43:44,09,MTP067,STP266,I,F,68.76,18.383888888888887,13.4606,-79.1936,37
24543,2,2023-05-25,12:19:28,04,MTP067,STP266,E,F,68.78,8.750833333333333,-56.529,127.6166,37
24545,1,2023-05-25,15:39:41,05,MTP067,STP266,I,F,68.84,18.36416666666667,12.8058,-136.9063,37
24545,2,2023-05-25,16:15:16,11,MTP067,STP266,E,F,68.85,8.736388888888888,-56.3984,70.0169,37
24548,1,2023-05-25,21:33:46,12,MTP067,STP266,I,F,68.94,18.329444444444444,11.6512,136.4084,37
24548,2,2023-05-25,22:09:11,09,MTP067,STP266,E,F,68.95,8.70111111111111,-56.0921,-16.6371,37
24550,1,2023-05-26,01:29:47,07,MTP067,STP266,I,F,69.02,18.31138888888889,11.0443,78.702,37
24550,2,2023-05-26,02:05:06,05,MTP067,STP266,E,F,69.03,8.68,-55.9045,-74.3628,37
24552,1,2023-05-26,05:25:38,13,MTP067,STP266,I,F,69.09,18.28805555555556,10.5288,20.9548,37
24552,2,2023-05-26,06:00:59,09,MTP067,STP266,E,F,69.1,8.655000000000001,-55.5242,-132.139,37
24555,1,2023-05-26,11:19:56,04,MTP067,STP266,I,F,69.19,18.252777777777776,9.066,-65.7886,37
24555,2,2023-05-26,11:54:56,12,MTP067,STP266,E,F,69.2,8.620277777777778,-55.3633,141.2047,37
24557,1,2023-05-26,15:15:52,11,MTP067,STP266,I,F,69.27,18.234722222222224,8.4551,-123.476,37
24557,2,2023-05-26,15:50:48,07,MTP067,STP266,E,F,69.28,8.6,-55.173,83.5027,37
24560,1,2023-05-26,21:09:56,09,MTP067,STP266,I,F,69.37,18.200277777777778,7.2807,149.8476,37
24560,2,2023-05-26,21:44:40,04,MTP067,STP266,E,F,69.38,8.565277777777778,-54.8438,-3.1333,37
24562,1,2023-05-27,01:06:01,05,MTP067,STP266,I,F,69.44,18.179166666666667,6.5546,92.0784,37
24562,2,2023-05-27,01:40:39,11,MTP067,STP266,E,F,69.46,8.537777777777778,-54.5817,-60.9682,37
24565,1,2023-05-27,06:59:53,09,MTP067,STP266,I,F,69.55,18.144444444444446,5.6466,5.446,37
24565,2,2023-05-27,07:34:29,13,MTP067,STP266,E,F,69.56,8.49861111111111,-54.0387,-147.6593,37
24567,1,2023-05-27,10:56:07,12,MTP067,STP266,I,F,69.62,18.1225,4.6166,-52.3697,37
24571,1,2023-05-27,18:48:09,06,MTP067,STP267,I,F,69.77,18.077222222222222,3.0541,-167.9215,37
24571,2,2023-05-27,19:22:14,04,MTP067,STP267,E,F,69.78,8.430277777777777,-53.5027,39.0797,37
24574,1,2023-05-28,01:16:14,11,MTP067,STP267,E,F,69.88,8.390833333333333,-53.0919,-47.6537,37
24576,1,2023-05-28,05:12:05,12,MTP067,STP267,E,F,69.96,8.370000000000001,-52.8672,-105.3607,37
24578,1,2023-05-28,08:34:17,13,MTP067,STP267,I,F,70.02,17.99527777777778,0.512,-10.1876,37
24578,2,2023-05-28,09:08:07,09,MTP067,STP267,E,F,70.03,8.329444444444444,-52.2672,-163.4079,37
24581,1,2023-05-28,14:28:29,09,MTP067,STP267,I,F,70.12,17.965,-0.8038,-96.8357,37
24581,2,2023-05-28,15:02:03,07,MTP067,STP267,E,F,70.13,8.300277777777778,-52.107,110.0267,37
24583,1,2023-05-28,18:24:28,05,MTP067,STP267,I,F,70.2,17.941944444444445,-1.5953,-154.6088,37
24583,2,2023-05-28,18:57:54,04,MTP067,STP267,E,F,70.21,8.271111111111113,-51.7804,52.1967,37
24586,1,2023-05-29,00:51:54,06,MTP067,STP267,E,F,70.31,8.231666666666667,-51.3263,-34.5395,37
24588,1,2023-05-29,04:47:47,12,MTP067,STP267,E,F,70.38,8.210555555555555,-51.0756,-92.2577,37
24591,1,2023-05-29,10:08:42,09,MTP067,STP267,I,F,70.48,17.844166666666666,-4.6472,-25.8499,37
24591,2,2023-05-29,10:41:49,13,MTP067,STP267,E,F,70.49,8.154722222222222,-50.2379,-179.2493,37
24593,1,2023-05-29,14:04:54,11,MTP067,STP267,I,F,70.55,17.821944444444444,-5.6705,-83.662,37
24593,2,2023-05-29,14:37:46,07,MTP067,STP267,E,F,70.56,8.1375,-50.1952,123.0731,37
24595,1,2023-05-29,18:00:52,05,MTP067,STP267,I,F,70.63,17.800555555555555,-6.3878,-141.4047,37
24595,2,2023-05-29,18:33:39,09,MTP067,STP267,E,F,70.64,8.107777777777777,-49.8243,65.2241,37
24598,1,2023-05-29,23:55:02,12,MTP067,STP267,I,F,70.73,17.7625,-7.6657,131.8356,37
24598,2,2023-05-30,00:27:38,04,MTP067,STP267,E,F,70.74,8.071388888888889,-49.3598,-21.4604,37
24600,1,2023-05-30,04:23:36,11,MTP067,STP267,E,F,70.81,8.039722222222222,-48.9495,-79.3595,37
24602,1,2023-05-30,07:47:00,13,MTP067,STP267,I,F,70.88,17.71388888888889,-9.0,16.2567,37
24602,2,2023-05-30,08:19:32,09,MTP067,STP267,E,F,70.89,8.011111111111111,-48.3888,-137.2031,37
24605,1,2023-05-30,13:41:20,06,MTP067,STP267,I,F,70.98,17.675833333333333,-10.517,-70.5372,37
24605,2,2023-05-30,14:13:35,09,MTP067,STP267,E,F,70.99,7.966944444444445,-47.97,135.9763,37
24607,1,2023-05-30,17:37:18,07,MTP067,STP267,I,F,71.05,17.654166666666665,-11.2212,-128.285,37
24607,2,2023-05-30,18:09:29,05,MTP067,STP267,E,F,71.06,7.938055555555556,-47.5703,78.138,37
24610,1,2023-05-30,23:31:27,12,MTP067,STP267,I,F,71.16,17.61416666666667,-12.5159,144.9308,37
24610,2,2023-05-31,00:03:27,06,MTP067,STP267,E,F,71.17,7.899166666666666,-47.0169,-8.5833,37
24612,1,2023-05-31,03:27:31,04,MTP067,STP267,I,F,71.23,17.591944444444444,-13.2242,87.1494,37
24612,2,2023-05-31,03:59:29,11,MTP067,STP267,E,F,71.24,7.864166666666667,-46.5127,-66.5448,37
24615,1,2023-05-31,09:21:28,09,MTP067,STP267,I,F,71.34,17.552222222222223,-14.2091,0.4239,37
24615,2,2023-05-31,09:53:26,13,MTP067,STP267,E,F,71.35,7.818611111111111,-45.6432,-153.3641,37
24617,1,2023-05-31,13:17:44,07,MTP067,STP267,I,F,71.41,17.52583333333333,-15.3038,-57.4718,37
24619,1,2023-05-31,17:13:45,05,MTP067,STP267,I,F,71.48,17.502777777777776,-16.0155,-115.2508,37
24619,2,2023-05-31,17:45:25,09,MTP067,STP267,E,F,71.49,7.766111111111111,-45.0251,90.9935,37
24622,1,2023-05-31,23:07:52,06,MTP067,STP267,I,F,71.59,17.46222222222222,-17.2549,157.97,37
24622,2,2023-05-31,23:39:25,04,MTP067,STP267,E,F,71.6,7.719722222222222,-44.2925,4.1551,37
24624,1,2023-06-01,03:03:58,11,MTP067,STP267,I,F,71.66,17.438333333333333,-17.9735,100.1584,37
24624,2,2023-06-01,03:35:27,12,MTP067,STP267,E,F,71.67,7.688611111111111,-43.7875,-53.7512,37
24626,1,2023-06-01,06:59:52,13,MTP067,STP267,I,F,71.73,17.411944444444444,-18.5046,42.3558,37
24626,2,2023-06-01,07:31:26,09,MTP067,STP267,E,F,71.74,7.658333333333334,-43.0887,-111.6291,37
24629,1,2023-06-01,12:54:08,09,MTP067,STP267,I,F,71.84,17.371111111111112,-19.9562,-44.4623,37
24631,1,2023-06-01,16:50:13,07,MTP067,STP267,I,F,71.91,17.341944444444444,-20.8096,-102.3562,37
24634,1,2023-06-01,22:44:15,05,MTP067,STP267,I,F,72.02,17.302222222222223,-21.9355,170.8979,37
24634,2,2023-06-01,23:15:24,04,MTP067,STP267,E,F,72.03,7.541666666666667,-41.2658,16.9087,37
24636,1,2023-06-02,03:11:28,06,MTP067,STP267,E,F,72.1,7.511666666666667,-40.7213,-40.9871,37
24639,1,2023-06-02,08:34:16,09,MTP067,STP267,I,F,72.2,17.23611111111111,-23.5255,26.3253,37
24639,2,2023-06-02,09:05:28,13,MTP067,STP267,E,F,72.21,7.466388888888889,-39.6687,-127.8104,37
24641,1,2023-06-02,12:30:29,12,MTP067,STP267,I,F,72.27,17.209444444444443,-24.4941,-31.5551,37
24641,2,2023-06-02,13:01:33,11,MTP067,STP267,E,F,72.28,7.4286111111111115,-39.1604,174.1722,37
24643,1,2023-06-02,16:26:37,07,MTP067,STP267,I,F,72.34,17.178611111111113,-25.3199,-89.4806,37
24643,2,2023-06-02,16:57:35,05,MTP067,STP267,E,F,72.35,7.405277777777778,-38.7069,116.3845,37
24646,1,2023-06-02,22:20:37,09,MTP067,STP267,I,F,72.45,17.138333333333332,-26.3809,-176.2317,37
24646,2,2023-06-02,22:51:33,06,MTP067,STP267,E,F,72.46,7.357777777777778,-37.7624,29.5318,37
24648,1,2023-06-03,02:47:37,04,MTP067,STP267,E,F,72.53,7.3311111111111105,-37.219,-28.3144,37
24650,1,2023-06-03,06:43:43,09,MTP067,STP267,E,F,72.6,7.296388888888889,-36.2849,-86.2868,37
24652,1,2023-06-03,09:10:00,07,MTP067,STP267,C,F,72.65,4.981944444444444,30.074,-156.6031,37
24653,1,2023-06-03,12:06:48,11,MTP067,STP267,I,F,72.7,17.040833333333335,-28.8405,-18.7411,37
24656,1,2023-06-03,18:00:56,06,MTP067,STP268,I,F,72.81,16.99527777777778,-29.9503,-105.605,37
24661,1,2023-06-04,04:21:53,04,MTP067,STP268,E,F,73.0,7.136388888888889,-32.9976,-44.5897,37
24663,1,2023-06-04,08:17:52,11,MTP067,STP268,E,F,73.07,7.108055555555556,-32.3404,-102.439,37
24668,1,2023-06-04,15:39:09,09,MTP067,STP268,I,F,73.2,16.835555555555555,-33.3728,-63.9143,37
24668,2,2023-06-04,16:10:10,13,MTP067,STP268,E,F,73.21,7.043611111111111,-30.5766,141.6594,37
24670,1,2023-06-04,19:35:12,12,MTP067,STP268,I,F,73.27,16.80638888888889,-34.2267,-121.7946,37
24672,1,2023-06-04,23:31:10,09,MTP067,STP268,I,F,73.34,16.7825,-34.7302,-179.5723,37
24675,1,2023-06-05,05:25:16,07,MTP067,STP268,I,F,73.45,16.740000000000002,-35.6126,93.6217,37
24675,2,2023-06-05,05:56:12,05,MTP067,STP268,E,F,73.46,6.949166666666667,-28.4642,-60.7713,37
24677,1,2023-06-05,09:21:12,06,MTP067,STP268,I,F,73.52,16.71,-36.217,35.762,37
24677,2,2023-06-05,09:52:11,04,MTP067,STP268,E,F,73.53,6.921388888888889,-27.7519,-118.6115,37
24679,1,2023-06-05,13:17:12,09,MTP067,STP268,I,F,73.59,16.680833333333336,-36.5836,-22.1064,37
24679,2,2023-06-05,13:48:21,13,MTP067,STP268,E,F,73.6,6.891666666666667,-26.7456,-176.5229,37
24682,1,2023-06-05,19:11:23,11,MTP067,STP268,I,F,73.7,16.630277777777778,-37.7833,-109.0538,37
24684,1,2023-06-05,23:07:20,12,MTP067,STP268,I,F,73.77,16.603333333333335,-38.2948,-166.8773,37
24684,2,2023-06-05,23:38:27,09,MTP067,STP268,E,F,73.78,6.820277777777777,-25.0808,38.8052,37
24687,1,2023-06-06,05:32:36,07,MTP067,STP268,E,F,73.89,6.779722222222222,-23.9674,-47.9887,37
24689,1,2023-06-06,09:28:37,05,MTP067,STP268,E,F,73.96,6.751388888888889,-23.1835,-105.8425,37
24692,1,2023-06-06,14:51:21,09,MTP067,STP268,I,F,74.06,16.490277777777777,-40.1335,-38.2943,37
24694,1,2023-06-06,18:47:28,06,MTP067,STP268,I,F,74.13,16.454722222222223,-40.9549,-96.2896,37
24694,2,2023-06-06,19:18:52,04,MTP067,STP268,E,F,74.14,6.6819444444444445,-21.2118,109.478,37
24696,1,2023-06-06,22:43:22,11,MTP067,STP268,I,F,74.2,16.428055555555556,-41.4022,-154.0934,37
24696,2,2023-06-06,23:14:51,12,MTP067,STP268,E,F,74.21,6.655,-20.4307,51.6516,37
24699,1,2023-06-07,05:09:00,09,MTP067,STP268,E,F,74.32,6.617500000000001,-19.3294,-35.095,37
24701,1,2023-06-07,09:05:03,07,MTP067,STP268,E,F,74.39,6.588055555555555,-18.4583,-92.9768,37
24703,1,2023-06-07,12:29:16,13,MTP067,STP268,I,F,74.45,16.32777777777778,-42.8314,3.423,37
24703,2,2023-06-07,13:01:08,13,MTP067,STP268,E,F,74.46,6.5649999999999995,-17.5057,-150.7706,37
24706,1,2023-06-07,18:23:29,05,MTP067,STP268,I,F,74.56,16.27611111111111,-43.8239,-83.5476,37
24706,2,2023-06-07,18:55:20,06,MTP067,STP268,E,F,74.57,6.520277777777777,-16.4032,122.3614,37
24708,1,2023-06-07,22:19:21,04,MTP067,STP268,I,F,74.63,16.253611111111113,-44.161,-141.2835,37
24708,2,2023-06-07,22:51:17,11,MTP067,STP268,E,F,74.64,6.496388888888889,-15.6738,64.588,37
24711,1,2023-06-08,04:13:25,12,MTP067,STP268,I,F,74.74,16.206944444444442,-44.8459,131.8592,37
24711,2,2023-06-08,04:45:28,09,MTP067,STP268,E,F,74.75,6.458611111111111,-14.4987,-22.1692,37
24713,1,2023-06-08,08:09:19,07,MTP067,STP268,I,F,74.81,16.186666666666667,-45.1343,74.1455,37
24713,2,2023-06-08,08:41:30,05,MTP067,STP268,E,F,74.82,6.433333333333334,-13.7118,-79.9836,37
24716,1,2023-06-08,14:03:11,09,MTP067,STP268,I,F,74.92,16.144444444444446,-45.5396,-12.5966,37
24716,2,2023-06-08,14:35:37,09,MTP067,STP268,E,F,74.93,6.396666666666667,-12.2918,-166.7077,37
24720,1,2023-06-08,21:55:13,06,MTP067,STP268,I,F,75.06,16.08222222222222,-46.5754,-128.3997,37
24720,2,2023-06-08,22:27:43,04,MTP067,STP268,E,F,75.07,6.343055555555555,-10.8467,77.606,37
24723,1,2023-06-09,03:49:12,11,MTP067,STP268,I,F,75.17,16.041111111111114,-47.1131,144.8457,37
24723,2,2023-06-09,04:21:51,12,MTP067,STP268,E,F,75.18,6.307777777777778,-9.716,-9.0969,37
24725,1,2023-06-09,07:45:11,09,MTP067,STP268,I,F,75.24,16.01361111111111,-47.4653,87.0098,37
24725,2,2023-06-09,08:17:56,07,MTP067,STP268,E,F,75.25,6.280555555555556,-8.8297,-66.9589,37
24727,1,2023-06-09,11:41:03,05,MTP067,STP268,I,F,75.31,15.98361111111111,-47.8417,29.1626,37
24727,2,2023-06-09,12:13:54,06,MTP067,STP268,E,F,75.32,6.258611111111111,-8.1173,-124.7075,37
24730,1,2023-06-09,17:35:02,13,MTP067,STP268,I,F,75.42,15.948055555555555,-48.1,-57.5104,37
24732,1,2023-06-09,21:31:03,04,MTP067,STP268,I,F,75.49,15.911944444444444,-48.7141,-115.485,37
24735,1,2023-06-10,03:24:58,11,MTP067,STP268,I,F,75.6,15.872777777777777,-49.1731,157.8015,37
24735,2,2023-06-10,03:58:15,12,MTP067,STP268,E,F,75.61,6.1594444444444445,-4.8729,4.0051,37
24737,1,2023-06-10,07:54:19,09,MTP067,STP268,E,F,75.68,6.1352777777777785,-4.0717,-53.8061,37
24743,1,2023-06-10,19:08:46,04,MTP068,STP269,I,F,75.88,15.770555555555557,-50.3133,-73.4003,37
24743,2,2023-06-10,19:42:31,12,MTP068,STP269,E,F,75.89,6.061944444444444,-1.6486,132.7582,37
24745,1,2023-06-10,23:04:33,09,MTP068,STP269,I,F,75.96,15.748333333333333,-50.3807,-131.1082,37
24745,2,2023-06-10,23:38:32,13,MTP068,STP269,E,F,75.97,6.039722222222222,-0.6494,74.9921,37
24748,1,2023-06-11,04:58:35,11,MTP068,STP269,I,F,76.06,15.705277777777777,-51.0016,142.096,37
24748,2,2023-06-11,05:32:36,09,MTP068,STP269,E,F,76.07,6.005277777777778,0.224,-11.6839,37
24750,1,2023-06-11,08:54:30,07,MTP068,STP269,I,F,76.13,15.684166666666666,-51.2174,84.3698,37
24750,2,2023-06-11,09:28:39,05,MTP068,STP269,E,F,76.15,5.98,1.0583,-69.5041,37
24752,1,2023-06-11,12:50:20,06,MTP068,STP269,I,F,76.21,15.658888888888889,-51.4741,26.5989,37
24752,2,2023-06-11,13:24:37,04,MTP068,STP269,E,F,76.22,5.957777777777778,1.7946,-127.2604,37
24757,1,2023-06-11,22:40:16,11,MTP068,STP269,I,F,76.39,15.589722222222223,-52.1539,-117.9949,37
24759,1,2023-06-12,02:36:04,13,MTP068,STP269,I,F,76.46,15.574166666666667,-52.136,-175.6098,37
24759,2,2023-06-12,03:10:51,09,MTP068,STP269,E,F,76.47,5.8788888888888895,4.6491,30.4999,37
24762,1,2023-06-12,08:30:05,12,MTP068,STP269,I,F,76.56,15.535833333333333,-52.6558,97.6732,37
24762,2,2023-06-12,09:04:55,09,MTP068,STP269,E,F,76.57,5.840833333333333,5.631,-56.2326,37
24764,1,2023-06-12,12:25:55,07,MTP068,STP269,I,F,76.64,15.508333333333333,-52.9101,39.8688,37
24764,2,2023-06-12,13:00:52,05,MTP068,STP269,E,F,76.65,5.818611111111111,6.3551,-113.9845,37
24767,1,2023-06-12,18:19:51,06,MTP068,STP269,I,F,76.74,15.481111111111112,-53.1504,-46.6672,37
24769,1,2023-06-12,22:15:47,04,MTP068,STP269,I,F,76.81,15.450277777777776,-53.4249,-104.54,37
24772,1,2023-06-13,04:09:33,09,MTP068,STP269,I,F,76.92,15.422777777777776,-53.5041,168.9578,37
24772,2,2023-06-13,04:45:04,13,MTP068,STP269,E,F,76.93,5.731388888888889,9.4245,14.9416,37
24774,1,2023-06-13,08:41:06,11,MTP068,STP269,E,F,77.0,5.704166666666667,10.0252,-42.9015,37
24776,1,2023-06-13,12:01:24,12,MTP068,STP269,I,F,77.07,15.375277777777779,-54.0611,53.4254,37
24776,2,2023-06-13,12:37:03,09,MTP068,STP269,E,F,77.08,5.681666666666667,10.7329,-100.6547,37
24779,1,2023-06-13,17:55:19,07,MTP068,STP269,I,F,77.17,15.348055555555556,-54.2822,-33.1053,37
24781,1,2023-06-13,21:51:18,05,MTP068,STP269,I,F,77.24,15.313611111111111,-54.5648,-91.0466,37
24781,2,2023-06-13,22:27:12,06,MTP068,STP269,E,F,77.26,5.623611111111112,12.5531,114.8648,37
24783,1,2023-06-14,01:46:59,13,MTP068,STP269,I,F,77.32,15.307500000000001,-54.4549,-148.4957,37
24783,2,2023-06-14,02:23:09,09,MTP068,STP269,E,F,77.33,5.605277777777777,13.3758,57.1747,37
24786,1,2023-06-14,08:17:11,04,MTP068,STP269,E,F,77.43,5.571111111111111,14.1686,-29.4911,37
24788,1,2023-06-14,11:36:50,11,MTP068,STP269,I,F,77.49,15.253055555555555,-55.0307,67.1566,37
24788,2,2023-06-14,12:13:10,12,MTP068,STP269,E,F,77.51,5.546111111111111,14.9235,-87.2885,37
24791,1,2023-06-14,17:30:40,09,MTP068,STP269,I,F,77.6,15.229722222222222,-55.2049,-19.2979,37
24791,2,2023-06-14,18:07:10,07,MTP068,STP269,E,F,77.61,5.513888888888889,15.9002,-173.9193,37
24793,1,2023-06-14,21:26:41,05,MTP068,STP269,I,F,77.67,15.197222222222223,-55.4518,-77.218,37
24793,2,2023-06-14,22:03:17,06,MTP068,STP269,E,F,77.68,5.487777777777778,16.6749,128.2349,37
24796,1,2023-06-15,03:20:22,09,MTP068,STP269,I,F,77.78,15.175555555555555,-55.4574,-163.6088,37
24796,2,2023-06-15,03:57:13,13,MTP068,STP269,E,F,77.79,5.460833333333333,17.7236,41.7022,37
24798,1,2023-06-15,07:16:23,04,MTP068,STP269,I,F,77.85,15.155277777777778,-55.7532,138.6526,37
24798,2,2023-06-15,07:53:15,11,MTP068,STP269,E,F,77.86,5.435277777777778,18.2145,-16.1157,37
24800,1,2023-06-15,11:12:17,12,MTP068,STP269,I,F,77.92,15.130277777777778,-55.9317,80.8753,37
24800,2,2023-06-15,11:49:14,09,MTP068,STP269,E,F,77.94,5.410833333333334,18.9231,-73.9079,37
24803,1,2023-06-15,17:06:02,07,MTP068,STP269,I,F,78.03,15.113333333333333,-56.0453,-5.4643,37
24803,2,2023-06-15,17:43:10,05,MTP068,STP269,E,F,78.04,5.379722222222222,19.812,-160.5015,37
24805,1,2023-06-15,21:02:02,06,MTP068,STP269,I,F,78.1,15.088055555555556,-56.2215,-63.2721,37
24805,2,2023-06-15,21:39:17,04,MTP068,STP269,E,F,78.11,5.352777777777778,20.5772,141.6335,37
24807,1,2023-06-16,00:57:49,13,MTP068,STP269,I,F,78.17,15.064722222222223,-56.2358,-120.9961,37
24810,1,2023-06-16,06:51:43,11,MTP068,STP269,I,F,78.28,15.045833333333333,-56.5048,152.6011,37
24810,2,2023-06-16,07:29:13,12,MTP068,STP269,E,F,78.29,5.299166666666666,22.0606,-2.7227,37
24812,1,2023-06-16,10:47:37,09,MTP068,STP269,I,F,78.35,15.024722222222223,-56.6451,94.878,37
24812,2,2023-06-16,11:25:12,07,MTP068,STP269,E,F,78.37,5.275,22.725,-60.5146,37
24815,1,2023-06-16,16:41:21,05,MTP068,STP269,I,F,78.46,15.004166666666666,-56.7752,8.4924,37
24815,2,2023-06-16,17:19:06,06,MTP068,STP269,E,F,78.47,5.243333333333333,23.5755,-147.1073,37
24817,1,2023-06-16,20:37:23,04,MTP068,STP269,I,F,78.53,14.980833333333333,-56.9274,-49.2938,37
24820,1,2023-06-17,02:31:05,09,MTP068,STP269,I,F,78.64,14.954722222222221,-56.9491,-135.7545,37
24820,2,2023-06-17,03:09:07,09,MTP068,STP269,E,F,78.65,5.188055555555556,25.2713,68.489,37
24822,1,2023-06-17,06:27:04,11,MTP068,STP269,I,F,78.71,14.938611111111111,-57.1921,166.5767,37
24822,2,2023-06-17,07:05:06,12,MTP068,STP269,E,F,78.72,5.164444444444444,25.6428,10.7093,37
24824,1,2023-06-17,11:01:06,09,MTP068,STP269,E,F,78.8,5.139444444444445,26.2758,-47.0914,37
24828,1,2023-06-17,18:14:39,04,MTP068,STP270,I,F,78.93,14.898333333333333,-57.4329,-6.2134,37
24828,2,2023-06-17,18:52:58,11,MTP068,STP270,E,F,78.94,5.095555555555555,27.3804,-162.5781,37
24830,1,2023-06-17,22:10:38,12,MTP068,STP270,I,F,79.0,14.87638888888889,-57.566,-63.9658,37
24830,2,2023-06-17,22:49:03,09,MTP068,STP270,E,F,79.01,5.067777777777778,28.0629,139.5566,37
24832,1,2023-06-18,02:06:23,13,MTP068,STP270,I,F,79.07,14.857222222222221,-57.5396,-121.6212,37
24832,2,2023-06-18,02:44:57,13,MTP068,STP270,E,F,79.08,5.049444444444444,28.7367,81.8795,37
24835,1,2023-06-18,08:00:18,07,MTP068,STP270,I,F,79.18,14.8375,-57.7916,151.9617,37
24835,2,2023-06-18,08:38:56,05,MTP068,STP270,E,F,79.19,5.0119444444444445,29.4018,-4.8219,37
24837,1,2023-06-18,11:56:08,06,MTP068,STP270,I,F,79.25,14.8275,-57.8454,94.423,37
24837,2,2023-06-18,12:34:53,04,MTP068,STP270,E,F,79.26,4.987222222222222,29.9876,-62.6114,37
24840,1,2023-06-18,17:49:55,11,MTP068,STP270,I,F,79.36,14.80388888888889,-57.9795,7.9816,37
24840,2,2023-06-18,18:28:45,12,MTP068,STP270,E,F,79.37,4.954722222222222,30.7398,-149.2108,37
24842,1,2023-06-18,21:45:53,09,MTP068,STP270,I,F,79.43,14.791944444444445,-58.0459,-49.6221,37
24845,1,2023-06-19,03:39:33,09,MTP068,STP270,I,F,79.54,14.767222222222223,-58.0446,-136.0551,37
24845,2,2023-06-19,04:18:43,09,MTP068,STP270,E,F,79.55,4.895555555555555,32.296,66.342,37
24847,1,2023-06-19,07:35:32,07,MTP068,STP270,I,F,79.61,14.755833333333333,-58.2431,166.3524,37
24847,2,2023-06-19,08:14:40,05,MTP068,STP270,E,F,79.62,4.871111111111111,32.6091,8.5578,37
24849,1,2023-06-19,12:10:38,06,MTP068,STP270,E,F,79.69,4.844722222222222,33.1847,-49.2609,37
24852,1,2023-06-19,17:25:07,04,MTP068,STP270,I,F,79.79,14.723055555555556,-58.4187,22.387,37
24852,2,2023-06-19,18:04:28,11,MTP068,STP270,E,F,79.8,4.810277777777777,33.9152,-135.8774,37
24855,1,2023-06-19,23:19:04,12,MTP068,STP270,I,F,79.89,14.697777777777778,-58.5536,-64.1227,37
24855,2,2023-06-19,23:58:30,09,MTP068,STP270,E,F,79.91,4.770833333333333,34.7402,137.3796,37
24857,1,2023-06-20,03:14:47,13,MTP068,STP270,I,F,79.97,14.683055555555555,-58.4936,-121.704,37
24857,2,2023-06-20,03:54:22,13,MTP068,STP270,E,F,79.98,4.751666666666667,35.3472,79.6949,37
24861,1,2023-06-20,11:46:18,07,MTP068,STP270,E,F,80.12,4.698333333333333,36.2008,-35.946,37
24863,1,2023-06-20,15:02:25,05,MTP068,STP270,I,F,80.18,14.651111111111112,-58.7882,65.6245,37
24863,2,2023-06-20,15:42:10,06,MTP068,STP270,E,F,80.19,4.673611111111112,36.6873,-93.7158,37
24867,1,2023-06-20,22:54:16,04,MTP068,STP270,I,F,80.32,14.627222222222223,-58.9064,-49.5572,37
24867,2,2023-06-20,23:34:08,11,MTP068,STP270,E,F,80.34,4.622222222222223,37.6671,150.6674,37
24869,1,2023-06-21,02:50:03,12,MTP068,STP270,I,F,80.4,14.614444444444445,-58.9698,-107.1253,37
24873,1,2023-06-21,10:41:48,09,MTP068,STP270,I,F,80.54,14.590555555555556,-58.9514,137.7199,37
24873,2,2023-06-21,11:21:58,09,MTP068,STP270,E,F,80.55,4.55,39.2012,-22.6601,37
24876,1,2023-06-21,16:35:32,09,MTP068,STP270,I,F,80.65,14.572777777777777,-59.1702,51.3773,37
24876,2,2023-06-21,17:15:42,07,MTP068,STP270,E,F,80.66,4.5088888888888885,39.7249,-109.3552,37
24878,1,2023-06-21,20:31:24,05,MTP068,STP270,I,F,80.72,14.577222222222222,-59.1407,-5.9521,37
24878,2,2023-06-21,21:11:39,06,MTP068,STP270,E,F,80.73,4.484444444444445,40.152,-167.1384,37
24882,1,2023-06-22,04:23:08,04,MTP068,STP270,I,F,80.86,14.543888888888889,-59.3033,-121.2472,37
24882,2,2023-06-22,05:03:30,11,MTP068,STP270,E,F,80.87,4.427222222222222,41.1212,77.1837,37
24884,1,2023-06-22,08:19:02,12,MTP068,STP270,I,F,80.93,14.540555555555555,-59.3148,-178.6991,37
24884,2,2023-06-22,08:59:28,09,MTP068,STP270,E,F,80.95,4.404166666666667,41.5007,19.4189,37
24886,1,2023-06-22,12:55:28,13,MTP068,STP270,E,F,81.02,4.3774999999999995,42.1309,-38.4112,37
24890,1,2023-06-22,20:06:35,07,MTP068,STP270,I,F,81.15,14.512222222222222,-59.4415,8.7005,37
24890,2,2023-06-22,20:47:11,05,MTP068,STP270,E,F,81.16,4.322777777777778,42.8031,-154.019,37
24892,1,2023-06-23,00:02:33,06,MTP068,STP270,I,F,81.22,14.499444444444444,-59.5008,-48.9119,37
24892,2,2023-06-23,00:43:12,04,MTP068,STP270,E,F,81.23,4.291666666666667,43.2879,148.0773,37
24896,1,2023-06-23,07:54:10,11,MTP068,STP270,I,F,81.36,14.485833333333332,-59.5577,-163.8796,37
24896,2,2023-06-23,08:34:56,12,MTP068,STP270,E,F,81.38,4.241388888888889,44.0421,32.5328,37
24898,1,2023-06-23,11:50:06,09,MTP068,STP270,I,F,81.44,14.473055555555556,-59.6154,138.516,37
24898,2,2023-06-23,12:30:55,07,MTP068,STP270,E,F,81.45,4.21,44.5024,-25.3618,37
24902,1,2023-06-23,19:41:41,13,MTP068,STP270,I,F,81.58,14.451388888888888,-59.5782,23.4388,37
24902,2,2023-06-23,20:22:40,09,MTP068,STP270,E,F,81.59,4.16,45.3981,-140.9077,37
24904,1,2023-06-23,23:37:41,05,MTP068,STP270,I,F,81.65,14.450277777777776,-59.7099,-34.0064,37
24906,1,2023-06-24,03:33:31,06,MTP068,STP270,I,F,81.72,14.433333333333334,-59.7872,-91.6494,37
24909,1,2023-06-24,10:08:23,04,MTP068,STP270,E,F,81.84,4.054722222222222,46.6436,16.5838,37
24911,1,2023-06-24,18:00:09,04,MTP068,STP271,E,F,81.99,3.991388888888889,47.4605,-99.1683,37
24915,1,2023-06-24,21:56:03,11,MTP068,STP271,E,F,82.06,3.964166666666667,47.799,-156.978,37
24918,1,2023-06-25,03:08:44,12,MTP068,STP271,I,F,82.15,14.381666666666668,-59.9993,-76.8016,37
24920,1,2023-06-25,07:04:29,09,MTP068,STP271,I,F,82.22,14.382777777777779,-59.9893,-134.1531,37
24923,1,2023-06-25,13:39:44,07,MTP068,STP271,E,F,82.34,3.8369444444444447,49.3151,-28.5221,37
24926,1,2023-06-25,19:33:31,13,MTP068,STP271,E,F,82.45,3.7958333333333334,49.9481,-115.2282,37
24929,1,2023-06-26,00:45:53,09,MTP068,STP271,I,F,82.55,14.351111111111111,-59.9847,-32.9116,37
24931,1,2023-06-26,04:41:46,05,MTP068,STP271,I,F,82.62,14.337777777777779,-60.1701,-90.5134,37
24933,1,2023-06-26,08:37:35,06,MTP068,STP271,I,F,82.69,14.340555555555556,-60.1528,-147.8556,37
24936,1,2023-06-26,15:13:02,04,MTP068,STP271,E,F,82.81,3.6241666666666665,51.5911,-44.8277,37
24938,1,2023-06-26,19:08:51,11,MTP068,STP271,E,F,82.88,3.5922222222222224,51.9083,-102.692,37
24942,1,2023-06-27,03:00:42,12,MTP068,STP271,E,F,83.03,3.5225,52.5761,141.4427,37
24945,1,2023-06-27,08:12:41,09,MTP068,STP271,I,F,83.12,14.304444444444446,-60.287,-132.745,37
24947,1,2023-06-27,12:08:36,07,MTP068,STP271,I,F,83.19,14.303055555555556,-60.2898,169.8239,37
24950,1,2023-06-27,18:44:09,05,MTP068,STP271,E,F,83.31,3.381111111111111,53.8431,-90.2568,37
24953,1,2023-06-28,00:38:03,09,MTP068,STP271,E,F,83.42,3.3344444444444448,54.3915,-177.0742,37
24956,1,2023-06-28,05:49:54,13,MTP068,STP271,I,F,83.52,14.262777777777778,-60.3191,-89.0332,37
24958,1,2023-06-28,09:45:46,06,MTP068,STP271,I,F,83.59,14.274722222222223,-60.39,-146.2466,37
24960,1,2023-06-28,13:41:39,04,MTP068,STP271,I,F,83.66,14.271666666666668,-60.3998,156.3037,37
24964,1,2023-06-28,22:15:14,11,MTP068,STP271,E,F,83.82,3.1225,55.8899,-135.9089,37
24967,1,2023-06-29,04:09:10,12,MTP068,STP271,E,F,83.92,3.0577777777777775,56.3542,136.9925,37
24969,1,2023-06-29,08:04:56,09,MTP068,STP271,E,F,84.0,3.018611111111111,56.6247,79.0344,37
24972,1,2023-06-29,13:16:45,07,MTP068,STP271,I,F,84.09,14.247777777777777,-60.4798,171.5952,37
24974,1,2023-06-29,17:12:35,05,MTP068,STP271,I,F,84.16,14.236666666666666,-60.5235,114.0402,37
24979,1,2023-06-30,03:44:20,06,MTP068,STP271,E,F,84.36,2.8141666666666665,57.9365,148.9736,37
24982,1,2023-06-30,09:38:03,13,MTP068,STP271,E,F,84.46,2.7569444444444446,58.412,62.0423,37
24985,1,2023-06-30,14:49:46,09,MTP068,STP271,I,F,84.56,14.216111111111111,-60.4635,158.0767,37
24987,1,2023-06-30,18:45:35,04,MTP068,STP271,I,F,84.63,14.213333333333333,-60.5979,100.6546,37
24989,1,2023-06-30,22:41:23,11,MTP068,STP271,I,F,84.7,14.219444444444445,-60.5696,43.363,37
24992,1,2023-07-01,05:17:25,12,MTP068,STP271,E,F,84.82,2.5252777777777777,59.5257,131.5814,37
24994,1,2023-07-01,09:13:11,09,MTP068,STP271,E,F,84.9,2.4805555555555556,59.7463,73.5424,37
24999,1,2023-07-01,19:02:53,04,MTP068,STP272,E,F,85.08,2.359166666666667,60.3153,-71.7754,37
25003,1,2023-07-02,02:12:25,11,MTP068,STP272,I,F,85.21,14.209444444444443,-60.5879,1.4563,37
25005,1,2023-07-02,06:08:18,12,MTP068,STP272,I,F,85.28,14.194722222222222,-60.6461,-56.1632,37
25009,1,2023-07-02,14:42:09,09,MTP068,STP272,E,F,85.43,2.1230555555555557,61.3016,-2.2806,37
25011,1,2023-07-02,18:38:02,09,MTP068,STP272,E,F,85.51,2.068055555555556,61.6346,-60.5009,37
25014,1,2023-07-02,23:49:29,13,MTP068,STP272,I,F,85.6,14.188333333333334,-60.5329,45.5131,37
25016,1,2023-07-03,03:45:30,07,MTP068,STP272,I,F,85.67,14.199444444444445,-60.6112,-11.7537,37
25018,1,2023-07-03,07:41:19,05,MTP068,STP272,I,F,85.75,14.186111111111112,-60.6639,-69.3374,37
25021,1,2023-07-03,14:17:15,06,MTP068,STP272,E,F,85.87,1.8125,62.3805,8.7165,37
25023,1,2023-07-03,18:13:07,04,MTP068,STP272,E,F,85.94,1.7483333333333333,62.5761,-49.6408,37
25026,1,2023-07-04,00:06:47,11,MTP068,STP272,E,F,86.05,1.6730555555555555,62.7935,-136.8325,37
25030,1,2023-07-04,07:16:26,12,MTP068,STP272,I,F,86.18,14.183055555555555,-60.6601,-53.7328,37
25034,1,2023-07-04,15:08:08,09,MTP068,STP272,I,F,86.32,14.196388888888889,-60.6008,-168.3188,37
25037,1,2023-07-04,21:43:55,07,MTP068,STP272,E,F,86.44,1.3555555555555556,63.582,-97.2335,37
25039,1,2023-07-05,01:39:46,13,MTP068,STP272,E,F,86.51,1.3080555555555555,63.7987,-155.3393,37
25043,1,2023-07-05,08:49:26,09,MTP068,STP272,I,F,86.65,14.173888888888888,-60.5562,-66.9093,37
25045,1,2023-07-05,12:45:17,05,MTP068,STP272,I,F,86.72,14.196666666666667,-60.5869,-123.9561,37
25047,1,2023-07-05,16:41:13,06,MTP068,STP272,I,F,86.79,14.19888888888889,-60.5751,178.6679,37
25050,1,2023-07-05,23:16:50,04,MTP068,STP272,E,F,86.91,0.9702777777777778,64.2855,-116.0317,37
25052,1,2023-07-06,03:12:39,11,MTP068,STP272,E,F,86.98,0.9097222222222222,64.3726,-174.3234,37
25054,1,2023-07-06,07:08:34,12,MTP068,STP272,E,F,87.05,0.8452777777777778,64.4586,127.3048,37
25057,1,2023-07-06,12:20:22,09,MTP068,STP272,I,F,87.15,14.202222222222222,-60.5513,-108.2149,37
25059,1,2023-07-06,16:16:19,07,MTP068,STP272,I,F,87.22,14.210277777777778,-60.5166,-165.5119,37
25062,1,2023-07-06,22:51:46,05,MTP068,STP272,E,F,87.34,0.5905555555555556,64.7334,-106.035,37
25064,1,2023-07-07,02:47:37,09,MTP068,STP272,E,F,87.41,0.5363888888888889,64.8892,-164.2385,37
25068,1,2023-07-07,09:57:34,13,MTP068,STP272,I,F,87.55,14.190555555555555,-60.4638,-64.0494,37
25070,1,2023-07-07,13:53:26,06,MTP068,STP272,I,F,87.62,14.218333333333334,-60.473,-121.0261,37
25073,1,2023-07-07,19:47:15,04,MTP068,STP272,I,F,87.73,14.215277777777777,-60.483,152.8327,37
25076,1,2023-07-08,02:22:28,11,MTP068,STP272,E,F,87.85,0.1386111111111111,64.973,-154.4908,37
25079,1,2023-07-08,08:16:18,12,MTP068,STP272,E,F,87.96,0.03916666666666667,64.9844,117.9181,37
25081,1,2023-07-08,12:12:01,09,MTP068,STP272,E,F,88.03,23.973333333333333,64.9838,59.5709,37
25085,1,2023-07-08,20:03:45,13,MTP069,STP273,E,F,88.17,23.836944444444445,65.0721,-57.2665,37
25087,1,2023-07-08,23:59:26,12,MTP069,STP273,E,F,88.24,23.769166666666667,64.9409,-115.634,37
25090,1,2023-07-09,05:12:00,11,MTP069,STP273,I,F,88.34,14.25611111111111,-60.2978,25.6148,37
25093,1,2023-07-09,11:05:44,12,MTP069,STP273,I,F,88.45,14.245555555555555,-60.3428,-60.6261,37
25095,1,2023-07-09,15:01:37,11,MTP069,STP273,I,F,88.52,14.266388888888889,-60.2509,-117.7072,37
25099,1,2023-07-09,23:34:16,12,MTP069,STP273,E,F,88.68,23.362222222222222,64.6663,-106.0177,37
25101,1,2023-07-10,03:30:03,09,MTP069,STP273,E,F,88.75,23.305,64.6068,-164.2541,37
25103,1,2023-07-10,06:45:03,09,MTP069,STP273,I,F,88.81,14.270833333333334,-60.0992,12.7837,37
25107,1,2023-07-10,14:36:44,11,MTP069,STP273,I,F,88.95,14.294444444444444,-60.1219,-101.6396,37
25107,2,2023-07-10,15:17:28,07,MTP069,STP273,E,F,88.97,23.108333333333334,64.3634,20.6572,37
25109,1,2023-07-10,18:32:41,05,MTP069,STP273,I,F,89.03,14.305555555555557,-60.0713,-158.8871,37
25109,2,2023-07-10,19:13:22,06,MTP069,STP273,E,F,89.04,23.04138888888889,64.266,-37.7497,37
25114,1,2023-07-11,04:22:15,04,MTP069,STP273,I,F,89.21,14.32,-60.0039,57.8683,37
25114,2,2023-07-11,05:02:45,11,MTP069,STP273,E,F,89.22,22.871666666666666,63.985,176.2858,37
25116,1,2023-07-11,08:18:12,12,MTP069,STP273,I,F,89.28,14.321666666666667,-59.9963,0.4759,37
25116,2,2023-07-11,08:58:38,09,MTP069,STP273,E,F,89.29,22.80638888888889,63.8632,117.9065,37
25120,1,2023-07-11,16:09:47,09,MTP069,STP273,I,F,89.42,14.318055555555555,-59.8823,-114.3294,37
25120,2,2023-07-11,16:50:12,13,MTP069,STP273,E,F,89.43,22.685555555555556,63.734,1.3437,37
25122,1,2023-07-11,20:05:44,07,MTP069,STP273,I,F,89.49,14.339722222222223,-59.913,-171.4233,37
25122,2,2023-07-11,20:46:00,05,MTP069,STP273,E,F,89.51,22.608611111111113,63.4475,-57.1872,37
25124,1,2023-07-12,00:01:31,06,MTP069,STP273,I,F,89.57,14.333055555555555,-59.943,131.1033,37
25124,2,2023-07-12,00:41:42,11,MTP069,STP273,E,F,89.58,22.538611111111113,63.2826,-115.5921,37
25128,1,2023-07-12,07:53:22,04,MTP069,STP273,I,F,89.71,14.366944444444444,-59.7869,16.7945,37
25130,1,2023-07-12,11:49:10,11,MTP069,STP273,I,F,89.78,14.359166666666667,-59.823,-40.7047,37
25133,1,2023-07-12,17:42:56,13,MTP069,STP273,I,F,89.89,14.3675,-59.653,-126.6602,37
25133,2,2023-07-12,18:22:50,09,MTP069,STP273,E,F,89.9,22.260833333333334,62.6511,-17.9691,37
25136,1,2023-07-12,23:36:44,12,MTP069,STP273,I,F,90.0,14.377777777777778,-59.7355,147.4014,37
25136,2,2023-07-13,00:16:26,12,MTP069,STP273,E,F,90.01,22.15722222222222,62.2075,-105.5686,37
25139,1,2023-07-13,05:30:32,09,MTP069,STP273,I,F,90.11,14.410555555555556,-59.5795,61.8009,37
25139,2,2023-07-13,06:10:05,07,MTP069,STP273,E,F,90.12,22.07111111111111,61.9205,167.0858,37
25143,1,2023-07-13,13:22:14,05,MTP069,STP273,I,F,90.25,14.409444444444444,-59.5857,-52.9982,37
25145,1,2023-07-13,17:18:09,11,MTP069,STP273,I,F,90.33,14.437777777777779,-59.4488,-109.9797,37
25145,2,2023-07-13,17:57:25,06,MTP069,STP273,E,F,90.34,21.8925,61.2666,-7.7175,37
25149,1,2023-07-14,01:09:48,09,MTP069,STP273,I,F,90.47,14.418888888888889,-59.4101,134.9685,37
25149,2,2023-07-14,01:48:59,13,MTP069,STP273,E,F,90.48,21.76361111111111,60.8724,-124.3959,37
25151,1,2023-07-14,05:05:43,04,MTP069,STP273,I,F,90.54,14.465277777777777,-59.3141,78.258,37
25151,2,2023-07-14,05:44:41,11,MTP069,STP273,E,F,90.55,21.706666666666667,60.4991,177.3929,37
25153,1,2023-07-14,09:01:42,12,MTP069,STP273,I,F,90.62,14.475833333333334,-59.2625,20.9913,37
25156,1,2023-07-14,14:55:22,09,MTP069,STP273,I,F,90.72,14.475833333333334,-59.2627,-65.0684,37
25156,2,2023-07-14,15:34:06,07,MTP069,STP273,E,F,90.74,21.56138888888889,59.831,31.791,37
25158,1,2023-07-14,18:51:22,12,MTP069,STP273,I,F,90.8,14.509444444444444,-59.0928,-121.9884,37
25158,2,2023-07-14,19:29:57,05,MTP069,STP273,E,F,90.81,21.50888888888889,59.5738,-26.3873,37
25160,1,2023-07-14,22:47:09,13,MTP069,STP273,I,F,90.87,14.483055555555556,-59.0961,-179.7651,37
25160,2,2023-07-14,23:25:43,09,MTP069,STP273,E,F,90.88,21.43611111111111,59.3364,-84.8521,37
25163,1,2023-07-15,04:40:55,06,MTP069,STP273,I,F,90.98,14.524444444444445,-59.0175,94.776,37
25163,2,2023-07-15,05:19:14,04,MTP069,STP273,E,F,90.99,21.356944444444444,58.7782,-172.0618,37
25165,1,2023-07-15,08:36:53,11,MTP069,STP273,I,F,91.05,14.541944444444445,-58.9277,37.6171,37
25167,1,2023-07-15,17:06:29,11,MTP069,STP274,E,F,91.21,21.194166666666668,57.8381,13.3972,37
25171,1,2023-07-15,20:24:31,12,MTP069,STP274,I,F,91.27,14.584722222222222,-58.7044,-133.936,37
25171,2,2023-07-15,21:02:20,12,MTP069,STP274,E,F,91.28,21.1425,57.5187,-44.7697,37
25174,1,2023-07-16,02:18:10,09,MTP069,STP274,I,F,91.38,14.556111111111111,-58.7241,139.5828,37
25174,2,2023-07-16,02:55:55,13,MTP069,STP274,E,F,91.39,21.057222222222222,57.1122,-132.0871,37
25177,1,2023-07-16,08:12:06,09,MTP069,STP274,I,F,91.48,14.618611111111111,-58.5229,54.3947,37
25179,1,2023-07-16,12:08:00,07,MTP069,STP274,I,F,91.56,14.615555555555556,-58.5403,-3.0519,37
25179,2,2023-07-16,12:45:18,05,MTP069,STP274,E,F,91.57,20.92777777777778,56.077,82.5525,37
25182,1,2023-07-16,18:01:47,11,MTP069,STP274,I,F,91.66,14.655555555555557,-58.3215,-88.5434,37
25182,2,2023-07-16,18:38:49,06,MTP069,STP274,E,F,91.68,20.848888888888887,55.4967,-4.6548,37
25184,1,2023-07-16,21:57:42,12,MTP069,STP274,I,F,91.74,14.664444444444445,-58.2731,-145.8185,37
25184,2,2023-07-16,22:34:35,11,MTP069,STP274,E,F,91.75,20.786944444444448,55.02,-62.9542,37
25186,1,2023-07-17,01:53:28,13,MTP069,STP274,I,F,91.81,14.641666666666666,-58.2655,156.4752,37
25186,2,2023-07-17,02:30:19,09,MTP069,STP274,E,F,91.82,20.738055555555558,54.7838,-121.0483,37
25189,1,2023-07-17,07:47:22,12,MTP069,STP274,I,F,91.92,14.709166666666667,-58.021,71.3675,37
25189,2,2023-07-17,08:23:51,09,MTP069,STP274,E,F,91.93,20.66638888888889,54.0394,151.8469,37
25191,1,2023-07-17,11:43:18,07,MTP069,STP274,I,F,91.99,14.715833333333332,-57.9823,14.0568,37
25191,2,2023-07-17,12:19:39,05,MTP069,STP274,E,F,92.0,20.619722222222222,53.6401,93.7699,37
25195,1,2023-07-17,19:35:02,11,MTP069,STP274,I,F,92.14,14.756944444444445,-57.7435,-100.116,37
25195,2,2023-07-17,20:11:01,06,MTP069,STP274,E,F,92.15,20.51638888888889,52.7117,-22.4799,37
25197,1,2023-07-17,23:30:57,12,MTP069,STP274,I,F,92.21,14.769166666666667,-57.6722,-157.3424,37
25197,2,2023-07-18,00:06:45,04,MTP069,STP274,E,F,92.22,20.46222222222222,52.2009,-80.6549,37
25201,1,2023-07-18,07:22:36,09,MTP069,STP274,I,F,92.35,14.784166666666666,-57.446,88.1137,37
25201,2,2023-07-18,07:58:08,13,MTP069,STP274,E,F,92.36,20.364722222222223,51.3981,163.1755,37
25204,1,2023-07-18,13:16:33,11,MTP069,STP274,I,F,92.46,14.816666666666666,-57.3872,2.4759,37
25204,2,2023-07-18,13:51:45,12,MTP069,STP274,E,F,92.47,20.301666666666666,50.5791,76.1848,37
25206,1,2023-07-18,17:12:21,09,MTP069,STP274,I,F,92.53,14.840833333333334,-57.2387,-54.5426,37
25206,2,2023-07-18,17:47:19,07,MTP069,STP274,E,F,92.55,20.24888888888889,50.0085,18.0711,37
25210,1,2023-07-19,01:04:13,05,MTP069,STP274,I,F,92.68,14.876666666666667,-57.0139,-168.8238,37
25210,2,2023-07-19,01:38:46,11,MTP069,STP274,E,F,92.69,20.15083333333333,48.8966,-98.1227,37
25213,1,2023-07-19,06:58:00,06,MTP069,STP274,I,F,92.79,14.918888888888889,-56.7408,105.7206,37
25213,2,2023-07-19,07:32:12,04,MTP069,STP274,E,F,92.8,20.078333333333333,48.0322,174.7903,37
25215,1,2023-07-19,10:53:57,13,MTP069,STP274,I,F,92.86,14.914722222222222,-56.6296,48.242,37
25219,1,2023-07-19,18:45:46,12,MTP069,STP274,I,F,93.01,14.983333333333333,-56.313,-65.536,37
25219,2,2023-07-19,19:19:17,11,MTP069,STP274,E,F,93.02,19.94611111111111,46.344,0.7495,37
25221,1,2023-07-19,22:41:47,11,MTP069,STP274,I,F,93.08,15.017222222222223,-56.0795,-122.4601,37
25221,2,2023-07-19,23:15:02,12,MTP069,STP274,E,F,93.09,19.899722222222223,45.7191,-57.3117,37
25225,1,2023-07-20,06:33:27,09,MTP069,STP274,I,F,93.22,15.048055555555555,-55.8646,123.2282,37
25225,2,2023-07-20,07:06:14,07,MTP069,STP274,E,F,93.23,19.805555555555557,44.3888,-173.385,37
25227,1,2023-07-20,10:29:29,05,MTP069,STP274,I,F,93.3,15.079166666666666,-55.6418,66.2635,37
25231,1,2023-07-20,18:21:10,09,MTP069,STP274,I,F,93.44,15.094166666666668,-55.3905,-48.2896,37
25231,2,2023-07-20,18:53:15,09,MTP069,STP274,E,F,93.45,19.675555555555558,42.6118,12.6203,37
25233,1,2023-07-20,22:17:17,12,MTP069,STP274,I,F,93.51,15.163333333333334,-55.0183,-104.7071,37
25233,2,2023-07-20,22:48:54,06,MTP069,STP274,E,F,93.52,19.628055555555555,41.6577,-45.4321,37
25236,1,2023-07-21,04:11:03,04,MTP069,STP274,I,F,93.62,15.176388888888889,-54.9211,169.4043,37
25236,2,2023-07-21,04:42:17,11,MTP069,STP274,E,F,93.63,19.560000000000002,40.5286,-132.4436,37
25239,1,2023-07-21,10:05:01,11,MTP069,STP274,I,F,93.73,15.236944444444443,-54.4481,84.1762,37
25239,2,2023-07-21,10:35:44,12,MTP069,STP274,E,F,93.74,19.49277777777778,39.3646,140.5418,37
25242,1,2023-07-21,15:58:53,09,MTP069,STP274,I,F,93.84,15.254722222222222,-54.3081,-1.6634,37
25244,1,2023-07-21,19:54:48,13,MTP069,STP274,I,F,93.91,15.281944444444445,-53.9342,-58.6605,37
25244,2,2023-07-21,20:24:50,13,MTP069,STP274,E,F,93.92,19.388055555555557,37.6625,-4.3788,37
25248,1,2023-07-22,03:46:44,07,MTP069,STP274,I,F,94.06,15.34888888888889,-53.525,-172.4937,37
25248,2,2023-07-22,04:15:57,12,MTP069,STP274,E,F,94.07,19.294722222222223,35.6437,-120.4189,37
25250,1,2023-07-22,07:42:41,05,MTP069,STP274,I,F,94.13,15.400555555555556,-53.0754,130.8627,37
25250,2,2023-07-22,08:11:27,06,MTP069,STP274,E,F,94.14,19.246944444444445,34.6793,-178.4396,37
25256,1,2023-07-22,19:30:35,11,MTP069,STP275,I,F,94.35,15.495833333333332,-52.2083,-39.9633,37
25256,2,2023-07-22,19:58:12,12,MTP069,STP275,E,F,94.36,19.11916666666667,31.9596,7.669,37
25258,1,2023-07-22,23:26:43,11,MTP069,STP275,I,F,94.42,15.549722222222222,-51.6932,-96.6152,37
25258,2,2023-07-22,23:53:49,09,MTP069,STP275,E,F,94.43,19.07138888888889,30.8922,-50.3814,37
25261,1,2023-07-23,05:20:27,09,MTP069,STP275,I,F,94.53,15.543888888888889,-51.5939,177.2233,37
25261,2,2023-07-23,05:47:09,09,MTP069,STP275,E,F,94.54,19.005555555555556,29.6012,-137.3487,37
25263,1,2023-07-23,09:16:38,07,MTP069,STP275,I,F,94.6,15.643055555555556,-50.7595,121.236,37
25263,2,2023-07-23,09:42:33,05,MTP069,STP275,E,F,94.61,18.954166666666666,28.1486,164.5997,37
25266,1,2023-07-23,15:10:42,06,MTP069,STP275,I,F,94.71,15.684166666666666,-50.3296,35.7007,37
25266,2,2023-07-23,15:35:57,04,MTP069,STP275,E,F,94.72,18.890555555555554,26.5924,77.6518,37
25269,1,2023-07-23,21:04:44,12,MTP069,STP275,I,F,94.82,15.766388888888889,-49.437,-49.2188,37
25269,2,2023-07-23,21:29:04,11,MTP069,STP275,E,F,94.83,18.815,24.6698,-9.41,37
25271,1,2023-07-24,01:00:50,12,MTP069,STP275,I,F,94.9,15.80638888888889,-48.9842,-106.065,37
25271,2,2023-07-24,01:24:36,07,MTP069,STP275,E,F,94.9,18.764166666666668,23.3422,-67.4811,37
25273,1,2023-07-24,04:56:38,13,MTP069,STP275,I,F,94.97,15.797222222222222,-48.9239,-163.5823,37
25273,2,2023-07-24,05:20:09,13,MTP069,STP275,E,F,94.98,18.723611111111108,22.4988,-125.4084,37
25276,1,2023-07-24,10:50:55,09,MTP069,STP275,I,F,95.08,15.926944444444445,-47.5516,112.151,37
25276,2,2023-07-24,11:13:07,06,MTP069,STP275,E,F,95.08,18.640277777777776,19.9662,147.449,37
25279,1,2023-07-24,16:44:58,04,MTP069,STP275,I,F,95.19,15.9725,-46.9816,26.6855,37
25282,1,2023-07-24,22:39:18,11,MTP069,STP275,I,F,95.3,16.09472222222222,-45.3602,-57.704,37
25282,2,2023-07-24,22:59:17,05,MTP069,STP275,E,F,95.3,18.480833333333333,15.3802,-26.7751,37
25284,1,2023-07-25,02:35:25,12,MTP069,STP275,I,F,95.37,16.138333333333332,-44.7546,-114.5071,37
25284,2,2023-07-25,02:54:39,11,MTP069,STP275,E,F,95.38,18.425,13.7188,-84.8869,37
25320,1,2023-07-28,00:29:36,12,MTP069,STP275,C,F,96.66,5.225555555555555,23.4097,141.2126,37
25326,1,2023-07-28,12:16:38,06,MTP069,STP275,C,F,96.88,5.166666666666667,24.9806,-31.7183,37
25430,1,2023-08-06,02:04:29,03,MTP070,STP277,C,F,100.72,19.56138888888889,40.716,59.5563,37
25442,1,2023-08-07,01:38:59,11,MTP070,STP277,C,F,101.16,19.466666666666665,39.1363,73.9409,37
25514,1,2023-08-12,23:51:55,09,MTP070,STP278,I,F,103.82,5.631666666666667,12.6288,-49.9346,37
25514,2,2023-08-13,00:10:07,09,MTP070,STP278,E,F,103.83,7.703333333333333,-43.0504,-23.2883,37
25516,1,2023-08-13,03:47:10,12,MTP070,STP278,I,F,103.89,5.5725,14.2133,-108.0667,37
25516,2,2023-08-13,04:06:07,11,MTP070,STP278,E,F,103.9,7.7411111111111115,-43.8463,-80.1464,37
25520,1,2023-08-13,11:37:53,12,MTP070,STP278,I,F,104.04,5.458888888888889,17.6738,135.6929,37
25520,2,2023-08-13,11:58:29,09,MTP070,STP278,E,F,104.05,7.8549999999999995,-45.553,166.6169,37
25522,1,2023-08-13,15:33:09,04,MTP070,STP278,I,F,104.12,5.406388888888889,19.2341,77.6544,37
25522,2,2023-08-13,15:54:29,05,MTP070,STP278,E,F,104.12,7.904444444444445,-46.2592,109.933,37
25525,1,2023-08-13,21:26:23,06,MTP070,STP278,I,F,104.23,5.337222222222222,21.2323,-9.3331,37
25525,2,2023-08-13,21:48:35,07,MTP070,STP278,E,F,104.23,7.955555555555556,-46.9717,24.5332,37
25527,1,2023-08-14,01:21:38,13,MTP070,STP278,I,F,104.3,5.278611111111111,23.1323,-67.4603,37
25527,2,2023-08-14,01:44:50,13,MTP070,STP278,E,F,104.31,8.045555555555556,-47.9734,-31.6012,37
25529,1,2023-08-14,05:17:07,12,MTP070,STP278,I,F,104.37,5.235,24.0894,-125.4146,37
25529,2,2023-08-14,05:40:39,11,MTP070,STP278,E,F,104.38,8.048333333333334,-48.198,-88.9436,37
25533,1,2023-08-14,13:08:06,11,MTP070,STP278,I,F,104.52,5.136666666666667,26.7161,118.5034,37
25533,2,2023-08-14,13:32:54,09,MTP070,STP278,E,F,104.53,8.155833333333334,-49.5279,157.7551,37
25535,1,2023-08-14,17:03:27,12,MTP070,STP278,I,F,104.59,5.0874999999999995,27.9827,60.4951,37
25535,2,2023-08-14,17:28:45,05,MTP070,STP278,E,F,104.6,8.179166666666665,-49.8116,100.7154,37
25537,1,2023-08-14,20:59:06,07,MTP070,STP278,I,F,104.67,5.049722222222222,28.9321,2.5908,37
25537,2,2023-08-14,21:24:49,04,MTP070,STP278,E,F,104.68,8.208333333333332,-50.1572,43.7112,37
25540,1,2023-08-15,02:52:13,09,MTP070,STP278,I,F,104.78,4.973333333333334,31.0341,-84.4841,37
25540,2,2023-08-15,03:18:57,09,MTP070,STP278,E,F,104.79,8.311666666666667,-51.1415,-40.9151,37
25542,1,2023-08-15,06:47:48,11,MTP070,STP278,I,F,104.85,4.933055555555556,31.7528,-142.4111,37
25542,2,2023-08-15,07:14:44,12,MTP070,STP278,E,F,104.86,8.297222222222222,-51.1682,-98.5019,37
25546,1,2023-08-15,15:06:51,06,MTP070,STP278,E,F,105.01,8.397499999999999,-52.2315,148.1199,37
25548,1,2023-08-15,18:34:23,12,MTP070,STP278,I,F,105.07,4.792777777777777,34.9075,43.553,37
25548,2,2023-08-15,19:02:40,09,MTP070,STP278,E,F,105.08,8.405277777777778,-52.3202,90.854,37
25551,1,2023-08-16,00:27:54,07,MTP070,STP278,I,F,105.19,4.734444444444445,36.1484,-43.3456,37
25553,1,2023-08-16,04:23:19,13,MTP070,STP278,I,F,105.26,4.686388888888889,37.3554,-101.3562,37
25553,2,2023-08-16,04:52:45,13,MTP070,STP278,E,F,105.27,8.522222222222224,-53.3148,-50.9789,37
25555,1,2023-08-16,08:18:59,05,MTP070,STP278,I,F,105.33,4.644722222222222,37.9743,-159.3249,37
25555,2,2023-08-16,08:48:33,11,MTP070,STP278,E,F,105.34,8.500555555555556,-53.2835,-108.6818,37
25559,1,2023-08-16,16:10:10,06,MTP070,STP278,I,F,105.48,4.554166666666666,39.7109,84.6653,37
25559,2,2023-08-16,16:40:32,04,MTP070,STP278,E,F,105.49,8.588333333333335,-54.1093,137.7872,37
25561,1,2023-08-16,20:05:46,11,MTP070,STP278,I,F,105.56,4.510555555555555,40.5177,26.6795,37
25561,2,2023-08-16,20:36:25,09,MTP070,STP278,E,F,105.57,8.595833333333333,-54.1875,80.5023,37
25564,1,2023-08-17,01:59:18,12,MTP070,STP278,I,F,105.67,4.451388888888889,41.5778,-60.2346,37
25564,2,2023-08-17,02:30:25,05,MTP070,STP278,E,F,105.68,8.645833333333332,-54.6401,-4.8873,37
25567,1,2023-08-17,07:52:35,09,MTP070,STP278,I,F,105.78,4.380833333333333,42.9836,-147.2568,37
25567,2,2023-08-17,08:24:14,09,MTP070,STP278,E,F,105.79,8.686388888888889,-54.8457,-90.3758,37
25570,1,2023-08-17,13:46:09,07,MTP070,STP278,I,F,105.89,4.312222222222222,43.9108,125.6753,37
25570,2,2023-08-17,14:18:13,04,MTP070,STP278,E,F,105.9,8.726944444444445,-55.3513,-175.9024,37
25573,1,2023-08-17,19:39:31,11,MTP070,STP278,I,F,106.0,4.243611111111111,44.9852,38.6653,37
25573,2,2023-08-17,20:11:56,06,MTP070,STP278,E,F,106.01,8.743888888888888,-55.5057,98.2768,37
25576,1,2023-08-18,01:33:06,12,MTP070,STP278,I,F,106.11,4.180277777777778,45.9412,-48.329,37
25576,2,2023-08-18,02:05:58,09,MTP070,STP278,E,F,106.12,8.789722222222222,-55.8867,12.817,37
25579,1,2023-08-18,07:26:32,07,MTP070,STP278,I,F,106.22,4.115555555555555,46.8741,-135.2959,37
25579,2,2023-08-18,07:59:43,05,MTP070,STP278,E,F,106.23,8.8125,-56.0819,-72.9188,37
25582,1,2023-08-18,13:20:02,13,MTP070,STP278,I,F,106.33,4.039166666666667,48.1084,137.5385,37
25582,2,2023-08-18,13:53:46,13,MTP070,STP278,E,F,106.34,8.877500000000001,-56.4403,-158.0927,37
25584,1,2023-08-18,17:15:42,06,MTP070,STP278,I,F,106.41,3.9991666666666665,48.459,79.5942,37
25584,2,2023-08-18,17:49:33,04,MTP070,STP278,E,F,106.42,8.8875,-56.6737,144.68,37
25588,1,2023-08-19,01:07:08,11,MTP070,STP278,I,F,106.56,3.911388888888889,49.5816,-36.4421,37
25588,2,2023-08-19,01:41:24,09,MTP070,STP278,E,F,106.57,8.912777777777778,-56.8822,30.2433,37
25590,1,2023-08-19,05:02:44,12,MTP070,STP278,I,F,106.63,3.8608333333333333,50.1967,-94.5271,37
25590,2,2023-08-19,05:37:15,12,MTP070,STP278,E,F,106.64,8.941944444444445,-57.1022,-26.709,37
25592,1,2023-08-19,08:58:24,05,MTP070,STP278,I,F,106.7,3.8144444444444443,50.7457,-152.5694,37
25592,2,2023-08-19,09:33:05,11,MTP070,STP278,E,F,106.72,8.940833333333334,-57.1061,-84.1132,37
25598,1,2023-08-19,20:45:24,09,MTP070,STP279,I,F,106.93,3.6663888888888887,52.5547,33.1728,37
25598,2,2023-08-19,21:20:49,09,MTP070,STP279,E,F,106.94,9.021111111111113,-57.5504,104.8732,37
25600,1,2023-08-20,00:41:16,12,MTP070,STP279,I,F,107.0,3.6258333333333335,52.8153,-24.8309,37
25600,2,2023-08-20,01:16:46,09,MTP070,STP279,E,F,107.01,9.020277777777778,-57.7025,47.4489,37
25604,1,2023-08-20,08:32:36,07,MTP070,STP279,I,F,107.15,3.5277777777777777,53.7954,-140.9893,37
25604,2,2023-08-20,09:08:27,05,MTP070,STP279,E,F,107.16,9.050555555555556,-57.9287,-66.872,37
25606,1,2023-08-20,13:04:23,12,MTP070,STP279,E,F,107.24,9.064166666666667,-58.0307,-124.078,37
25610,1,2023-08-20,20:19:40,06,MTP070,STP279,I,F,107.37,3.3697222222222223,55.2529,44.5818,37
25610,2,2023-08-20,20:56:04,04,MTP070,STP279,E,F,107.38,9.1025,-58.3024,121.7197,37
25612,1,2023-08-21,00:15:26,13,MTP070,STP279,I,F,107.45,3.3188888888888886,55.8447,-13.548,37
25612,2,2023-08-21,00:52:06,13,MTP070,STP279,E,F,107.46,9.135,-58.3785,64.773,37
25615,1,2023-08-21,06:09:01,11,MTP070,STP279,I,F,107.56,3.2461111111111114,56.2961,-100.6794,37
25615,2,2023-08-21,06:45:52,11,MTP070,STP279,E,F,107.57,9.156944444444445,-58.6736,-20.9827,37
25618,1,2023-08-21,12:02:37,09,MTP070,STP279,I,F,107.67,3.1602777777777775,56.9707,171.9941,37
25618,2,2023-08-21,12:39:40,12,MTP070,STP279,E,F,107.68,9.156944444444445,-58.6932,-107.0717,37
25620,1,2023-08-21,15:58:24,12,MTP070,STP279,I,F,107.74,3.1122222222222224,57.336,113.8986,37
25620,2,2023-08-21,16:35:36,05,MTP070,STP279,E,F,107.76,9.188611111111111,-58.8981,-164.0081,37
25622,1,2023-08-21,19:54:02,07,MTP070,STP279,I,F,107.82,3.0597222222222222,57.7223,55.7718,37
25622,2,2023-08-21,20:31:21,04,MTP070,STP279,E,F,107.83,9.192777777777778,-58.935,138.6867,37
25625,1,2023-08-22,01:47:43,09,MTP070,STP279,I,F,107.93,2.979444444444445,58.43,-31.4912,37
25625,2,2023-08-22,02:25:21,09,MTP070,STP279,E,F,107.94,9.229166666666666,-59.0318,53.0961,37
25627,1,2023-08-22,05:43:26,11,MTP070,STP279,I,F,108.01,2.926944444444444,58.6406,-89.6404,37
25627,2,2023-08-22,06:21:10,11,MTP070,STP279,E,F,108.02,9.242222222222221,-59.2593,-4.0922,37
25630,1,2023-08-22,11:37:02,06,MTP070,STP279,I,F,108.12,2.841388888888889,59.1924,-176.9652,37
25630,2,2023-08-22,12:14:55,12,MTP070,STP279,E,F,108.13,9.23861111111111,-59.2571,-90.2261,37
25632,1,2023-08-22,15:32:51,12,MTP070,STP279,I,F,108.19,2.7855555555555553,59.5388,124.8156,37
25632,2,2023-08-22,16:10:51,11,MTP070,STP279,E,F,108.2,9.263055555555555,-59.4116,-147.2682,37
25635,1,2023-08-22,21:26:21,09,MTP070,STP279,I,F,108.3,2.6988888888888893,60.0501,37.4987,37
25635,2,2023-08-22,22:04:31,07,MTP070,STP279,E,F,108.31,9.270000000000001,-59.471,126.7769,37
25637,1,2023-08-23,01:22:09,13,MTP070,STP279,I,F,108.38,2.640277777777778,60.5169,-20.76,37
25637,2,2023-08-23,02:00:32,13,MTP070,STP279,E,F,108.39,9.295555555555556,-59.4902,69.7281,37
25639,1,2023-08-23,05:17:56,12,MTP070,STP279,I,F,108.45,2.5877777777777777,60.6688,-78.9238,37
25639,2,2023-08-23,05:56:23,05,MTP070,STP279,E,F,108.46,9.30638888888889,-59.7019,12.5023,37
25642,1,2023-08-23,11:11:32,06,MTP070,STP279,I,F,108.56,2.5,61.1265,-166.2816,37
25642,2,2023-08-23,11:50:06,04,MTP070,STP279,E,F,108.58,9.301111111111112,-59.6921,-73.6472,37
25644,1,2023-08-23,15:46:05,11,MTP070,STP279,E,F,108.65,9.330833333333333,-59.8697,-130.6247,37
25646,1,2023-08-23,19:41:54,11,MTP070,STP279,E,F,108.73,9.3525,-59.9995,172.3145,37
25650,1,2023-08-24,02:54:36,09,MTP070,STP279,I,F,108.86,2.254722222222222,62.4059,-39.4419,37
25650,2,2023-08-24,03:33:45,09,MTP070,STP279,E,F,108.87,9.374166666666667,-60.006,57.8263,37
25652,1,2023-08-24,06:50:21,12,MTP070,STP279,I,F,108.94,2.1983333333333333,62.518,-97.6495,37
25652,2,2023-08-24,07:29:32,09,MTP070,STP279,E,F,108.95,9.383055555555556,-60.2019,0.5826,37
25656,1,2023-08-24,15:21:15,11,MTP070,STP279,E,F,109.1,9.382777777777779,-60.2269,-114.2049,37
25658,1,2023-08-24,19:17:08,12,MTP070,STP279,E,F,109.17,9.412777777777778,-60.398,-171.1523,37
25662,1,2023-08-25,02:29:15,05,MTP070,STP279,I,F,109.31,1.8800000000000001,63.7178,-29.2909,37
25662,2,2023-08-25,03:08:53,07,MTP070,STP279,E,F,109.32,9.412777777777778,-60.4244,74.0556,37
25664,1,2023-08-25,06:24:58,13,MTP070,STP279,I,F,109.38,1.8127777777777778,64.0608,-87.6568,37
25664,2,2023-08-25,07:04:47,13,MTP070,STP279,E,F,109.4,9.45,-60.4948,17.2116,37
25666,1,2023-08-25,10:20:43,04,MTP070,STP279,I,F,109.46,1.7525,64.1308,-145.9287,37
25666,2,2023-08-25,11:00:31,11,MTP070,STP279,E,F,109.47,9.427222222222222,-60.5265,-40.4903,37
25670,1,2023-08-25,18:52:21,06,MTP070,STP279,E,F,109.62,9.462777777777777,-60.7328,-154.774,37
25672,1,2023-08-25,22:08:03,12,MTP070,STP279,I,F,109.68,1.553611111111111,64.7039,38.9707,37
25672,2,2023-08-25,22:48:06,09,MTP070,STP279,E,F,109.7,9.460833333333333,-60.7375,147.8343,37
25675,1,2023-08-26,04:01:49,07,MTP070,STP279,I,F,109.79,1.45,64.9704,-48.6678,37
25675,2,2023-08-26,04:42:01,05,MTP070,STP279,E,F,109.81,9.4725,-60.8158,61.8887,37
25678,1,2023-08-26,09:55:22,09,MTP070,STP279,I,F,109.91,1.3480555555555556,65.329,-136.2252,37
25678,2,2023-08-26,10:35:44,09,MTP070,STP279,E,F,109.92,9.497222222222222,-60.8245,-23.8148,37
25683,1,2023-08-26,20:25:23,12,MTP070,STP280,E,F,110.11,9.510833333333334,-61.0588,-167.0906,37
25687,1,2023-08-27,03:36:33,09,MTP070,STP280,I,F,110.24,1.0411111111111113,65.8287,-39.0505,37
25687,2,2023-08-27,04:17:08,07,MTP070,STP280,E,F,110.26,9.5075,-61.0709,78.0692,37
25689,1,2023-08-27,07:32:20,12,MTP070,STP280,I,F,110.32,0.9794444444444445,65.9344,-97.3489,37
25689,2,2023-08-27,08:13:00,05,MTP070,STP280,E,F,110.33,9.53138888888889,-61.1998,21.0326,37
25693,1,2023-08-27,16:04:41,11,MTP070,STP280,E,F,110.48,9.526666666666667,-61.2047,-93.8148,37
25695,1,2023-08-27,20:00:35,13,MTP070,STP280,E,F,110.56,9.558611111111112,-61.2385,-150.7372,37
25697,1,2023-08-27,23:56:18,06,MTP070,STP280,E,F,110.63,9.543055555555556,-61.3107,151.6708,37
25701,1,2023-08-28,07:07:05,12,MTP070,STP280,I,F,110.77,0.553888888888889,66.4879,-87.9938,37
25703,1,2023-08-28,11:02:50,04,MTP070,STP280,I,F,110.84,0.49083333333333334,66.5468,-146.3016,37
25705,1,2023-08-28,14:58:40,11,MTP070,STP280,I,F,110.92,0.40694444444444444,66.6135,155.0501,37
25708,1,2023-08-28,21:33:33,09,MTP070,STP280,E,F,111.04,9.584166666666667,-61.5803,-163.376,37
25710,1,2023-08-29,01:29:21,12,MTP070,STP280,E,F,111.12,9.572777777777777,-61.5424,139.0763,37
25713,1,2023-08-29,06:41:56,11,MTP070,STP280,I,F,111.22,0.13111111111111112,66.7695,-78.6128,37
25715,1,2023-08-29,10:37:40,12,MTP070,STP280,I,F,111.29,0.0675,66.7911,-136.9284,37
25718,1,2023-08-29,17:12:53,09,MTP070,STP280,E,F,111.42,9.606944444444444,-61.6254,-90.0094,37
25720,1,2023-08-29,21:08:44,13,MTP070,STP280,E,F,111.49,9.623888888888889,-61.7167,-147.1438,37
25722,1,2023-08-30,01:04:26,05,MTP070,STP280,E,F,111.57,9.604444444444445,-61.774,155.2122,37
25727,1,2023-08-30,10:12:31,11,MTP070,STP280,I,F,111.74,23.645,66.7815,-127.5459,37
25729,1,2023-08-30,14:08:19,07,MTP070,STP280,I,F,111.82,23.56527777777778,66.7495,173.8815,37
25732,1,2023-08-30,20:02:07,04,MTP070,STP280,I,F,111.93,23.46722222222222,66.7011,86.3181,37
25735,1,2023-08-31,02:37:29,11,MTP070,STP280,E,F,112.06,9.625277777777779,-61.9634,142.4801,37
25738,1,2023-08-31,08:31:22,06,MTP070,STP280,E,F,112.17,9.6425,-62.0628,56.629,37
25741,1,2023-08-31,13:43:15,12,MTP070,STP280,I,F,112.27,23.16722222222222,66.4644,-176.3928,37
25743,1,2023-08-31,17:39:08,09,MTP070,STP280,I,F,112.34,23.092777777777776,66.383,125.092,37
25747,1,2023-09-01,02:12:35,09,MTP070,STP280,E,F,112.51,9.654444444444445,-62.0531,158.578,37
25749,1,2023-09-01,06:08:34,13,MTP070,STP280,E,F,112.58,9.657222222222222,-62.08,101.1954,37
25751,1,2023-09-01,10:04:22,07,MTP070,STP280,E,F,112.66,9.663333333333334,-62.2516,43.9098,37
25754,1,2023-09-01,15:16:07,05,MTP070,STP280,I,F,112.76,22.73888888888889,65.8861,164.1859,37
25759,1,2023-09-02,01:05:39,06,MTP070,STP280,I,F,112.95,22.58861111111111,65.614,18.479,37
25762,1,2023-09-02,06:59:32,04,MTP070,STP280,I,F,113.06,22.49361111111111,65.4198,-69.0575,37
25768,1,2023-09-02,19:29:08,09,MTP071,STP281,E,F,113.3,9.6775,-62.3143,-83.7032,37
25770,1,2023-09-02,23:24:54,09,MTP071,STP281,E,P,113.37,9.681666666666667,-62.4781,-141.0116,37
25774,1,2023-09-03,06:34:33,07,MTP071,STP281,I,P,113.51,22.139444444444443,64.5489,-58.6901,37
25776,1,2023-09-03,10:30:21,12,MTP071,STP281,I,P,113.59,22.08972222222222,64.4079,-116.8161,37
25778,1,2023-09-03,14:26:09,05,MTP071,STP281,I,P,113.66,22.033333333333335,64.2397,-175.0401,37
25785,1,2023-09-04,04:53:46,06,MTP071,STP281,E,P,113.94,9.675833333333333,-62.5727,148.4764,37
25787,1,2023-09-04,08:49:42,04,MTP071,STP281,E,P,114.01,9.683055555555555,-62.6194,91.1732,37
25789,1,2023-09-04,12:45:30,11,MTP071,STP281,E,P,114.09,9.69,-62.6649,33.9014,37
25794,1,2023-09-04,21:52:59,12,MTP071,STP281,I,P,114.26,21.608333333333334,62.7335,79.4537,37
25796,1,2023-09-05,01:48:41,13,MTP071,STP281,I,P,114.34,21.551111111111112,62.6248,21.2411,37
25799,1,2023-09-05,08:24:49,13,MTP071,STP281,E,P,114.47,9.685555555555556,-62.5967,106.8656,37
25801,1,2023-09-05,12:20:35,07,MTP071,STP281,E,P,114.54,9.69138888888889,-62.7692,49.5832,37
25804,1,2023-09-05,17:32:11,09,MTP071,STP281,I,P,114.64,21.360277777777778,61.6306,148.7947,37
25808,1,2023-09-06,01:23:51,06,MTP071,STP281,I,P,114.79,21.276666666666667,61.2197,32.7661,37
25810,1,2023-09-06,05:19:44,05,MTP071,STP281,I,P,114.87,21.222499999999997,60.936,-25.445,37
25813,1,2023-09-06,11:55:42,11,MTP071,STP281,E,P,115.0,9.687777777777779,-62.8534,65.1864,37
25815,1,2023-09-06,15:51:28,12,MTP071,STP281,E,P,115.07,9.6775,-62.826,7.659,37
25817,1,2023-09-06,19:47:21,04,MTP071,STP281,E,P,115.15,9.674722222222222,-62.8316,-49.7784,37
25821,1,2023-09-07,02:56:53,09,MTP071,STP281,I,P,115.29,20.9875,59.6011,15.3891,37
25823,1,2023-09-07,06:52:47,09,MTP071,STP281,I,F,115.36,20.92777777777778,59.3681,-42.908,37
25826,1,2023-09-07,13:28:41,09,MTP071,STP281,E,F,115.49,9.684722222222222,-62.8191,52.1086,37
25828,1,2023-09-07,17:24:28,07,MTP071,STP281,E,P,115.56,9.667777777777777,-62.895,-5.518,37
25831,1,2023-09-07,22:36:20,05,MTP071,STP281,I,P,115.66,20.7775,58.2175,85.242,37
25833,1,2023-09-08,02:32:06,06,MTP071,STP281,I,P,115.74,20.743055555555557,57.9748,27.3536,37
25835,1,2023-09-08,06:27:59,04,MTP071,STP281,I,P,115.82,20.6975,57.6364,-30.7315,37
25838,1,2023-09-08,13:03:46,11,MTP071,STP281,E,P,115.94,9.667499999999999,-62.9808,67.5152,37
25840,1,2023-09-08,16:59:31,12,MTP071,STP281,E,P,116.02,9.658333333333333,-62.9595,10.0135,37
25843,1,2023-09-08,22:53:23,11,MTP071,STP281,E,P,116.13,9.655000000000001,-62.9709,-76.1473,37
25846,1,2023-09-09,04:05:16,07,MTP071,STP281,I,P,116.23,20.49527777777778,56.0326,10.5664,37
25848,1,2023-09-09,08:01:11,13,MTP071,STP281,I,P,116.31,20.44361111111111,55.7422,-47.617,37
25855,1,2023-09-09,22:28:30,13,MTP071,STP282,E,P,116.59,9.638333333333334,-62.8736,-60.744,37
25857,1,2023-09-10,02:24:17,12,MTP071,STP282,E,P,116.66,9.640277777777778,-63.0321,-118.0884,37
25860,1,2023-09-10,07:36:27,09,MTP071,STP282,I,P,116.76,20.248333333333335,53.7483,-34.9276,37
25862,1,2023-09-10,11:32:24,11,MTP071,STP282,I,P,116.84,20.215833333333332,53.4198,-92.8286,37
25864,1,2023-09-10,15:28:15,07,MTP071,STP282,I,P,116.92,20.185555555555556,53.1054,-150.6763,37
25867,1,2023-09-10,22:03:33,05,MTP071,STP282,E,P,117.04,9.615555555555556,-63.0151,-45.4156,37
25870,1,2023-09-11,03:57:17,12,MTP071,STP282,E,P,117.16,9.616388888888888,-63.0462,-131.4791,37
25872,1,2023-09-11,07:53:08,06,MTP071,STP282,E,P,117.23,9.6,-62.993,170.8855,37
25875,1,2023-09-11,13:05:42,11,MTP071,STP282,I,P,117.33,20.009444444444444,51.1437,-109.0298,37
25877,1,2023-09-11,17:01:28,09,MTP071,STP282,I,F,117.41,19.973888888888887,50.8965,-166.9361,37
25880,1,2023-09-11,23:36:37,09,MTP071,STP282,E,F,117.54,9.589722222222223,-62.8886,-58.8505,37
25884,1,2023-09-12,07:28:12,04,MTP071,STP282,E,P,117.69,9.576944444444445,-63.0018,-173.794,37
25887,1,2023-09-12,12:41:06,12,MTP071,STP282,I,P,117.79,19.829722222222223,48.8714,-96.1448,37
25889,1,2023-09-12,16:36:56,11,MTP071,STP282,I,P,117.87,19.804444444444446,48.5325,-153.9087,37
25891,1,2023-09-12,20:32:51,12,MTP071,STP282,I,P,117.94,19.772777777777776,48.0898,148.2109,37
25891,2,2023-09-12,21:13:46,07,MTP071,STP282,E,P,117.96,9.556666666666667,-62.9749,-14.9892,37
25895,1,2023-09-13,04:24:36,13,MTP071,STP282,I,P,118.1,19.71361111111111,47.4454,32.5293,37
25895,2,2023-09-13,05:05:26,13,MTP071,STP282,E,P,118.11,9.559722222222224,-62.8948,-129.7137,37
25897,1,2023-09-13,08:20:34,09,MTP071,STP282,I,P,118.17,19.688333333333333,46.8702,-25.2717,37
25897,2,2023-09-13,09:01:17,06,MTP071,STP282,E,P,118.19,9.538611111111111,-62.951,172.5796,37
25900,1,2023-09-13,14:14:27,11,MTP071,STP282,I,P,118.29,19.651666666666664,46.3231,-111.9302,37
25900,2,2023-09-13,14:55:08,05,MTP071,STP282,E,P,118.3,9.54111111111111,-62.9909,86.5131,37
25903,1,2023-09-13,20:08:17,11,MTP071,STP282,I,P,118.4,19.60777777777778,45.6386,161.3122,37
25903,2,2023-09-13,20:48:50,12,MTP071,STP282,E,P,118.41,9.523888888888889,-62.9407,0.1856,37
25906,1,2023-09-14,02:02:13,04,MTP071,STP282,I,P,118.52,19.57,45.0383,74.6218,37
25906,2,2023-09-14,02:42:41,12,MTP071,STP282,E,P,118.53,9.516666666666667,-62.9364,-86.0261,37
25909,1,2023-09-14,07:55:58,09,MTP071,STP282,I,F,118.63,19.523055555555555,44.468,-12.1638,37
25909,2,2023-09-14,08:36:25,09,MTP071,STP282,E,F,118.64,9.500277777777777,-62.7546,-172.3495,37
25912,1,2023-09-14,13:49:58,11,MTP071,STP282,I,P,118.75,19.49138888888889,43.728,-98.777,37
25912,2,2023-09-14,14:30:16,09,MTP071,STP282,E,P,118.76,9.500277777777777,-62.9187,101.5485,37
25915,1,2023-09-14,19:43:46,07,MTP071,STP282,I,P,118.86,19.453333333333333,43.0663,174.5595,37
25915,2,2023-09-14,20:23:57,05,MTP071,STP282,E,P,118.87,9.48472222222222,-62.8749,15.2502,37
25918,1,2023-09-15,01:37:44,06,MTP071,STP282,I,P,118.97,19.415,42.3786,87.8497,37
25918,2,2023-09-15,02:17:48,12,MTP071,STP282,E,P,118.99,9.475833333333334,-62.8624,-70.9885,37
25920,1,2023-09-15,05:33:33,04,MTP071,STP282,I,P,119.05,19.394166666666667,42.0008,30.1542,37
25920,2,2023-09-15,06:13:34,11,MTP071,STP282,E,P,119.06,9.470833333333333,-62.8591,-128.4325,37
25924,1,2023-09-15,13:25:28,13,MTP071,STP282,I,P,119.2,19.33277777777778,41.0627,-85.5981,37
25924,2,2023-09-15,14:05:25,13,MTP071,STP282,E,P,119.22,9.453055555555554,-62.6784,116.4857,37
25926,1,2023-09-15,17:21:23,12,MTP071,STP282,I,P,119.28,19.3175,40.5463,-143.2328,37
25926,2,2023-09-15,18:01:10,11,MTP071,STP282,E,P,119.29,9.445555555555556,-62.7977,59.0079,37
25929,1,2023-09-15,23:15:17,12,MTP071,STP282,I,P,119.4,19.279444444444444,39.7921,130.0785,37
25929,2,2023-09-15,23:54:58,07,MTP071,STP282,E,P,119.41,9.429444444444444,-62.7493,-27.331,37
25933,1,2023-09-16,07:07:06,09,MTP071,STP282,I,P,119.55,19.233611111111113,38.8634,14.5841,37
25933,2,2023-09-16,07:46:34,06,MTP071,STP282,E,P,119.56,9.423055555555555,-62.7588,-142.1824,37
25935,1,2023-09-16,11:03:08,05,MTP071,STP282,I,P,119.62,19.205,38.2613,-43.2807,37
25935,2,2023-09-16,11:42:32,11,MTP071,STP282,E,P,119.64,9.399444444444445,-62.6634,160.0457,37
25940,1,2023-09-16,20:52:54,09,MTP071,STP283,I,F,119.82,19.141944444444444,37.1308,172.2612,37
25940,2,2023-09-16,21:32:11,09,MTP071,STP283,E,F,119.83,9.37638888888889,-62.4624,16.2175,37
25942,1,2023-09-17,01:28:03,09,MTP071,STP283,E,P,119.91,9.372222222222224,-62.5997,-41.2384,37
25946,1,2023-09-17,08:40:44,07,MTP071,STP283,I,P,120.05,19.08111111111111,35.5218,-0.8907,37
25946,2,2023-09-17,09:19:39,05,MTP071,STP283,E,P,120.06,9.356666666666666,-62.5624,-156.2278,37
25949,1,2023-09-17,14:34:46,11,MTP071,STP283,I,P,120.16,19.045833333333334,34.695,-87.5686,37
25949,2,2023-09-17,15:13:37,06,MTP071,STP283,E,P,120.17,9.335833333333333,-62.4866,117.329,37
25951,1,2023-09-17,18:30:40,12,MTP071,STP283,I,P,120.24,19.024166666666666,34.1804,-145.2954,37
25951,2,2023-09-17,19:09:24,04,MTP071,STP283,E,P,120.25,9.325,-62.451,59.7904,37
25954,1,2023-09-18,00:24:36,13,MTP071,STP283,I,P,120.35,18.981666666666666,33.3897,127.9433,37
25954,2,2023-09-18,01:03:16,13,MTP071,STP283,E,P,120.37,9.306111111111111,-62.2463,-26.5989,37
25956,1,2023-09-18,04:59:06,11,MTP071,STP283,E,P,120.44,9.299722222222222,-62.3728,-84.0805,37
25959,1,2023-09-18,10:14:30,11,MTP071,STP283,I,P,120.54,18.93277777777778,31.9037,-16.3376,37
25959,2,2023-09-18,10:52:50,12,MTP071,STP283,E,P,120.56,9.277222222222223,-62.2852,-170.494,37
25962,1,2023-09-18,16:08:30,12,MTP071,STP283,I,P,120.66,18.901944444444442,31.1066,-102.9389,37
25962,2,2023-09-18,16:46:43,07,MTP071,STP283,E,P,120.67,9.269166666666667,-62.2732,103.2698,37
25964,1,2023-09-18,20:04:25,09,MTP071,STP283,I,P,120.74,18.878611111111113,30.4902,-160.6963,37
25964,2,2023-09-18,20:42:30,06,MTP071,STP283,E,P,120.75,9.247777777777777,-62.1799,45.5761,37
25967,1,2023-09-19,02:36:24,09,MTP071,STP283,E,F,120.86,9.2325,-61.9876,-40.7689,37
25969,1,2023-09-19,06:32:11,11,MTP071,STP283,E,P,120.94,9.227500000000001,-62.1223,-98.2197,37
25972,1,2023-09-19,11:48:20,05,MTP071,STP283,I,P,121.04,18.791666666666668,28.1087,-31.6842,37
25972,2,2023-09-19,12:26:00,11,MTP071,STP283,E,P,121.06,9.194166666666668,-61.9705,175.1856,37
25974,1,2023-09-19,15:44:23,12,MTP071,STP283,I,P,121.12,18.76888888888889,27.4573,-89.4694,37
25974,2,2023-09-19,16:21:54,12,MTP071,STP283,E,P,121.13,9.197777777777778,-62.013,117.8355,37
25976,1,2023-09-19,19:40:17,04,MTP071,STP283,I,P,121.2,18.750833333333333,26.9392,-147.1408,37
25976,2,2023-09-19,20:17:44,09,MTP071,STP283,E,P,121.21,9.174444444444443,-61.9021,60.0986,37
25979,1,2023-09-20,01:34:15,09,MTP071,STP283,I,F,121.31,18.7125,26.0846,126.151,37
25979,2,2023-09-20,02:11:37,13,MTP071,STP283,E,P,121.33,9.155555555555557,-61.6843,-26.2973,37
25981,1,2023-09-20,06:07:26,11,MTP071,STP283,E,P,121.4,9.149722222222222,-61.816,-83.7665,37
25983,1,2023-09-20,09:26:12,07,MTP071,STP283,I,P,121.47,18.67638888888889,24.727,10.7647,37
25983,2,2023-09-20,10:03:13,05,MTP071,STP283,E,P,121.48,9.134722222222221,-61.7516,-141.3651,37
25986,1,2023-09-20,15:20:21,06,MTP071,STP283,I,P,121.58,18.640833333333333,23.6291,-75.9435,37
25986,2,2023-09-20,15:57:10,04,MTP071,STP283,E,P,121.59,9.109722222222222,-61.6391,132.1341,37
25988,1,2023-09-20,19:16:14,12,MTP071,STP283,I,P,121.66,18.62472222222222,23.132,-133.5832,37
25988,2,2023-09-20,19:52:58,11,MTP071,STP283,E,P,121.67,9.096944444444444,-61.5841,74.5593,37
25991,1,2023-09-21,01:10:13,13,MTP071,STP283,I,P,121.78,18.584722222222222,22.1451,139.6799,37
25991,2,2023-09-21,01:46:51,09,MTP071,STP283,E,F,121.79,9.066666666666666,-61.2917,-12.003,37
25993,1,2023-09-21,05:06:19,12,MTP071,STP283,I,P,121.85,18.569444444444443,21.3675,81.9981,37
25993,2,2023-09-21,05:42:42,11,MTP071,STP283,E,P,121.86,9.056111111111111,-61.3952,-69.5538,37
25996,1,2023-09-21,11:00:14,07,MTP071,STP283,I,P,121.97,18.5375,20.3273,-4.6006,37
25996,2,2023-09-21,11:36:26,09,MTP071,STP283,E,P,121.98,9.029722222222222,-61.2655,-156.0282,37
25998,1,2023-09-21,14:56:20,06,MTP071,STP283,I,P,122.04,18.516111111111112,19.6183,-62.3737,37
25998,2,2023-09-21,15:32:25,05,MTP071,STP283,E,P,122.06,9.014722222222222,-61.1957,146.3255,37
26000,1,2023-09-21,18:52:18,12,MTP071,STP283,I,P,122.12,18.498055555555556,19.0138,-120.0634,37
26000,2,2023-09-21,19:28:16,11,MTP071,STP283,E,P,122.13,9.005,-61.1568,88.7876,37
26003,1,2023-09-22,00:46:18,09,MTP071,STP283,I,F,122.24,18.458055555555553,17.9405,153.1962,37
26003,2,2023-09-22,01:22:07,13,MTP071,STP283,E,P,122.25,8.971666666666668,-60.831,2.1844,37
26005,1,2023-09-22,04:42:25,12,MTP071,STP283,I,P,122.31,18.443055555555556,17.1299,95.5143,37
26005,2,2023-09-22,05:18:01,04,MTP071,STP283,E,P,122.33,8.954166666666666,-60.8891,-55.4796,37
26007,1,2023-09-22,08:38:20,09,MTP071,STP283,I,P,122.39,18.424444444444447,16.4895,37.8305,37
26007,2,2023-09-22,09:13:47,11,MTP071,STP283,E,P,122.4,8.946666666666667,-60.8628,-112.9653,37
26010,1,2023-09-22,14:32:27,07,MTP071,STP283,I,P,122.51,18.390277777777776,15.2837,-48.8514,37
26010,2,2023-09-22,15:07:44,05,MTP071,STP283,E,P,122.52,8.900555555555556,-60.5905,160.2142,37
26012,1,2023-09-22,18:28:28,12,MTP071,STP283,I,P,122.58,18.370555555555555,14.5794,-106.579,37
26012,2,2023-09-22,19:03:36,06,MTP071,STP283,E,P,122.6,8.896944444444443,-60.5915,102.7704,37
26015,1,2023-09-23,00:22:25,13,MTP071,STP283,I,P,122.7,18.33277777777778,13.5192,166.7262,37
26015,2,2023-09-23,00:57:25,09,MTP071,STP283,E,F,122.71,8.859166666666667,-60.2153,16.1029,37
26017,1,2023-09-23,04:53:17,04,MTP071,STP283,E,P,122.79,8.852777777777778,-60.3468,-41.3882,37
26020,1,2023-09-23,10:12:30,11,MTP071,STP283,I,P,122.89,18.28777777777778,11.5632,22.4624,37
26020,2,2023-09-23,10:47:01,11,MTP071,STP283,E,P,122.91,8.824722222222222,-60.1874,-127.8817,37
26021,1,2023-09-23,16:41:00,09,MTP071,STP284,E,P,123.02,8.78888888888889,-59.9659,145.4439,37
26025,1,2023-09-23,20:02:42,12,MTP071,STP284,I,P,123.09,18.233611111111113,9.5406,-121.9657,37
26025,2,2023-09-23,20:36:51,07,MTP071,STP284,E,P,123.1,8.774444444444445,-59.8856,87.8393,37
26028,1,2023-09-24,01:56:44,09,MTP071,STP284,I,F,123.2,18.195555555555554,8.3974,151.3145,37
26028,2,2023-09-24,02:30:46,13,MTP071,STP284,E,P,123.21,8.727777777777778,-59.4182,1.0173,37
26030,1,2023-09-24,05:52:51,05,MTP071,STP284,I,P,123.28,18.180555555555557,7.518,93.6312,37
26030,2,2023-09-24,06:26:38,06,MTP071,STP284,E,P,123.29,8.714722222222221,-59.5007,-56.5723,37
26032,1,2023-09-24,09:48:47,04,MTP071,STP284,I,P,123.36,18.16222222222222,6.8132,35.9469,37
26032,2,2023-09-24,10:22:25,11,MTP071,STP284,E,P,123.37,8.701388888888888,-59.4243,-114.1457,37
26035,1,2023-09-24,15:43:00,11,MTP071,STP284,I,P,123.47,18.125,5.3748,-50.8031,37
26037,1,2023-09-24,19:39:01,12,MTP071,STP284,I,P,123.55,18.10638888888889,4.6467,-108.5142,37
26037,2,2023-09-24,20:12:15,12,MTP071,STP284,E,P,123.56,8.64611111111111,-59.0535,101.4961,37
26040,1,2023-09-25,01:33:03,13,MTP071,STP284,I,P,123.67,18.066666666666666,3.3998,164.7392,37
26040,2,2023-09-25,02:06:08,09,MTP071,STP284,E,F,123.68,8.59888888888889,-58.5481,14.6739,37
26041,1,2023-09-25,03:31:10,12,MTP071,STP284,I,P,123.71,18.060555555555556,2.8487,135.9081,37
26041,2,2023-09-25,04:04:03,07,MTP071,STP284,E,P,123.72,8.598333333333334,-58.7182,-14.0255,37
26042,1,2023-09-25,06:02:03,05,MTP071,STP284,E,P,123.76,8.579166666666666,-58.5706,-43.0298,37
26045,1,2023-09-25,11:23:13,06,MTP071,STP284,I,P,123.86,18.01888888888889,1.205,20.4181,37
26045,2,2023-09-25,11:55:48,11,MTP071,STP284,E,P,123.87,8.548055555555555,-58.3477,-129.5752,37
26047,1,2023-09-25,15:19:25,04,MTP071,STP284,I,P,123.94,17.993055555555557,0.1806,-37.446,37
26049,1,2023-09-25,19:15:25,09,MTP071,STP284,I,F,124.02,17.97083333333333,-0.3955,-95.2094,37
26049,2,2023-09-25,19:47:50,13,MTP071,STP284,E,P,124.03,8.487777777777778,-57.7103,114.6561,37
26052,1,2023-09-26,01:09:32,11,MTP071,STP284,I,P,124.13,17.939722222222223,-1.95,178.1532,37
26052,2,2023-09-26,01:41:33,09,MTP071,STP284,E,P,124.14,8.45861111111111,-57.6542,28.1475,37
26054,1,2023-09-26,05:37:33,09,MTP071,STP284,E,P,124.22,8.428333333333333,-57.4053,-29.7325,37
26056,1,2023-09-26,09:33:25,12,MTP071,STP284,E,P,124.3,8.407777777777778,-57.2394,-87.4386,37
26059,1,2023-09-26,14:55:52,07,MTP071,STP284,I,P,124.4,17.859444444444446,-5.1503,-24.1269,37
26059,2,2023-09-26,15:27:19,05,MTP071,STP284,E,P,124.41,8.359444444444444,-56.8197,-174.28,37
26061,1,2023-09-26,18:51:59,13,MTP071,STP284,I,P,124.48,17.831666666666667,-5.936,-81.9968,37
26061,2,2023-09-26,19:23:23,09,MTP071,STP284,E,F,124.49,8.3325,-56.4115,127.8749,37
26064,1,2023-09-27,00:46:06,06,MTP071,STP284,I,P,124.6,17.800833333333333,-7.4819,-168.631,37
26064,2,2023-09-27,01:17:08,04,MTP071,STP284,E,P,124.61,8.294444444444444,-56.2442,41.2211,37
26069,1,2023-09-27,11:06:58,11,MTP071,STP284,E,P,124.8,8.233333333333333,-55.6831,-103.2177,37
26071,1,2023-09-27,14:32:28,11,MTP071,STP284,I,P,124.87,17.718055555555555,-10.7426,-10.9555,37
26071,2,2023-09-27,15:02:55,12,MTP071,STP284,E,P,124.88,8.198333333333334,-55.3357,-161.162,37
26073,1,2023-09-27,18:28:42,09,MTP071,STP284,I,P,124.95,17.690555555555555,-11.812,-68.8511,37
26073,2,2023-09-27,18:59:00,07,MTP071,STP284,E,P,124.96,8.164722222222222,-54.9966,140.8904,37
26076,1,2023-09-28,00:22:38,09,MTP071,STP284,I,F,125.06,17.656666666666666,-12.8236,-155.4861,37
26076,2,2023-09-28,00:52:52,13,MTP071,STP284,E,P,125.07,8.119166666666667,-54.343,54.0993,37
26078,1,2023-09-28,04:18:54,05,MTP071,STP284,I,P,125.14,17.630833333333335,-14.1187,146.6381,37
26078,2,2023-09-28,04:48:46,06,MTP071,STP284,E,P,125.15,8.1025,-54.3633,-3.5563,37
26080,1,2023-09-28,08:15:02,04,MTP071,STP284,I,P,125.22,17.608055555555556,-14.9973,88.8353,37
26080,2,2023-09-28,08:44:45,11,MTP071,STP284,E,P,125.23,8.071111111111112,-54.0231,-61.4515,37
26083,1,2023-09-28,14:09:05,12,MTP071,STP284,I,P,125.34,17.57111111111111,-16.3966,2.1251,37
26083,2,2023-09-28,14:38:36,09,MTP071,STP284,E,P,125.35,8.026666666666667,-53.5323,-148.2214,37
26085,1,2023-09-28,18:05:20,07,MTP071,STP284,I,P,125.41,17.54277777777778,-17.453,-55.7877,37
26088,1,2023-09-28,23:59:23,13,MTP071,STP284,I,P,125.53,17.502777777777776,-18.6335,-142.5387,37
26088,2,2023-09-29,00:28:42,09,MTP071,STP284,E,F,125.54,7.9350000000000005,-52.2496,66.8122,37
26090,1,2023-09-29,03:55:38,05,MTP071,STP284,I,P,125.61,17.474166666666665,-19.9676,159.5458,37
26090,2,2023-09-29,04:24:36,06,MTP071,STP284,E,P,125.62,7.917777777777778,-52.2456,9.1504,37
26093,1,2023-09-29,10:18:36,12,MTP071,STP284,E,P,125.74,7.866944444444445,-51.6049,-77.7525,37
26095,1,2023-09-29,13:45:49,04,MTP071,STP284,I,P,125.8,17.412499999999998,-22.1824,15.0047,37
26095,2,2023-09-29,14:14:29,11,MTP071,STP284,E,P,125.81,7.839444444444444,-51.2511,-135.5658,37
26097,1,2023-09-29,17:42:03,12,MTP071,STP284,I,P,125.88,17.383333333333333,-23.2054,-42.9185,37
26100,1,2023-09-29,23:36:07,09,MTP071,STP284,I,F,126.0,17.339444444444442,-24.4166,-129.7312,37
26100,2,2023-09-30,00:04:36,13,MTP071,STP284,E,P,126.01,7.7491666666666665,-49.8109,79.4822,37
26102,1,2023-09-30,03:32:20,09,MTP071,STP284,I,P,126.08,17.310555555555556,-25.6846,172.3556,37
26102,2,2023-09-30,04:00:31,07,MTP071,STP284,E,P,126.09,7.722777777777778,-49.6458,21.6789,37
26104,1,2023-09-30,07:56:34,05,MTP071,STP284,E,P,126.16,7.6930555555555555,-49.2184,-36.2019,37
26110,1,2023-09-30,19:16:50,13,MTP072,STP285,I,P,126.39,17.192777777777778,-29.2155,-59.2405,37
26112,1,2023-09-30,23:13:00,12,MTP072,STP285,I,P,126.47,17.16333333333333,-30.4062,-117.1519,37
26112,2,2023-09-30,23:40:37,07,MTP072,STP285,E,P,126.48,7.561944444444444,-47.1808,92.1065,37
26114,1,2023-10-01,02:10:40,05,MTP072,STP285,C,F,126.53,5.051388888888889,34.0924,17.9357,37
26115,1,2023-10-01,05:07:10,05,MTP072,STP285,I,P,126.58,17.119722222222222,-31.7321,156.0142,37
26115,2,2023-10-01,05:34:41,06,MTP072,STP285,E,P,126.59,7.510277777777778,-46.3169,5.1779,37
26117,1,2023-10-01,09:03:19,04,MTP072,STP285,I,P,126.66,17.090833333333332,-32.5843,98.1197,37
26117,2,2023-10-01,09:30:44,11,MTP072,STP285,E,P,126.67,7.478055555555556,-45.7619,-52.7453,37
26119,1,2023-10-01,12:59:20,12,MTP072,STP285,I,P,126.74,17.061111111111114,-33.4549,40.2385,37
26119,2,2023-10-01,13:26:41,11,MTP072,STP285,E,P,126.75,7.446666666666667,-45.205,-110.6325,37
26123,1,2023-10-01,20:51:36,09,MTP072,STP285,I,F,126.9,16.995,-35.0416,-75.67,37
26123,2,2023-10-01,21:19:00,09,MTP072,STP285,E,F,126.91,7.370833333333333,-43.5579,133.2986,37
26125,1,2023-10-02,00:47:42,12,MTP072,STP285,I,P,126.97,16.965833333333332,-36.1078,-133.5615,37
26127,1,2023-10-02,04:43:49,09,MTP072,STP285,I,P,127.05,16.931944444444447,-37.0045,168.4755,37
26127,2,2023-10-02,05:10:55,05,MTP072,STP285,E,P,127.06,7.314166666666667,-42.6895,17.6119,37
26130,1,2023-10-02,10:38:00,07,MTP072,STP285,I,P,127.17,16.88611111111111,-38.1973,81.5997,37
26130,2,2023-10-02,11:05:04,11,MTP072,STP285,E,P,127.18,7.262222222222222,-41.6276,-69.3426,37
26133,1,2023-10-02,16:32:06,04,MTP072,STP285,I,P,127.29,16.834444444444443,-39.4839,-5.3385,37
26133,2,2023-10-02,16:59:05,06,MTP072,STP285,E,P,127.3,7.2155555555555555,-40.6394,-156.1872,37
26137,1,2023-10-02,22:26:18,13,MTP072,STP285,I,P,127.4,16.780833333333334,-40.5283,-92.3337,37
26137,2,2023-10-02,22:53:24,13,MTP072,STP285,E,P,127.41,7.163611111111112,-39.2319,116.8127,37
26140,1,2023-10-03,04:20:25,12,MTP072,STP285,I,P,127.52,16.731666666666666,-41.9158,-179.2428,37
26140,2,2023-10-03,04:47:21,09,MTP072,STP285,E,P,127.53,7.116944444444444,-38.4167,29.9861,37
26143,1,2023-10-03,10:14:36,11,MTP072,STP285,I,P,127.64,16.68166666666667,-43.0317,93.8228,37
26143,2,2023-10-03,10:41:32,07,MTP072,STP285,E,P,127.65,7.069722222222222,-37.2895,-56.9067,37
26146,1,2023-10-03,16:08:37,05,MTP072,STP285,I,P,127.76,16.63111111111111,-44.1235,6.9206,37
26146,2,2023-10-03,16:35:33,06,MTP072,STP285,E,P,127.77,7.025277777777777,-36.1874,-143.7209,37
26148,1,2023-10-03,20:04:47,04,MTP072,STP285,I,P,127.84,16.596666666666664,-44.8383,-51.0635,37
26152,1,2023-10-04,03:56:48,09,MTP072,STP285,I,F,127.99,16.525277777777777,-46.0426,-166.9916,37
26152,2,2023-10-04,04:23:59,09,MTP072,STP285,E,F,128.0,6.927777777777778,-33.3613,42.4314,37
26154,1,2023-10-04,07:53:00,11,MTP072,STP285,I,P,128.07,16.48777777777778,-46.9863,134.9688,37
26154,2,2023-10-04,08:20:04,12,MTP072,STP285,E,P,128.08,6.899722222222222,-32.863,-15.4388,37
26157,1,2023-10-04,14:14:10,12,MTP072,STP285,E,P,128.2,6.85361111111111,-31.5607,-102.2971,37
26160,1,2023-10-04,19:41:09,09,MTP072,STP285,I,P,128.31,16.386388888888888,-48.8434,-38.8703,37
26162,1,2023-10-04,22:39:19,10,MTP072,STP285,C,F,128.36,4.1352777777777785,52.9659,94.0058,37
26162,2,2023-10-05,00:04:33,05,MTP072,STP285,E,P,128.39,6.778611111111111,-29.3442,112.9176,37
26165,1,2023-10-05,05:31:09,13,MTP072,STP285,I,P,128.5,16.297222222222224,-50.153,176.22,37
26165,2,2023-10-05,05:58:43,13,MTP072,STP285,E,P,128.51,6.736111111111112,-27.7426,26.0984,37
26167,1,2023-10-05,09:54:50,07,MTP072,STP285,E,P,128.59,6.706388888888889,-27.0904,-31.8035,37
26170,1,2023-10-05,15:21:17,04,MTP072,STP285,I,P,128.7,16.204722222222223,-51.8301,31.2314,37
26170,2,2023-10-05,15:48:53,11,MTP072,STP285,E,P,128.71,6.668055555555556,-25.8513,-118.5313,37
26172,1,2023-10-05,19:17:21,06,MTP072,STP285,I,P,128.78,16.17388888888889,-52.3025,-26.6723,37
26172,2,2023-10-05,19:45:05,12,MTP072,STP285,E,P,128.79,6.6372222222222215,-24.8202,-176.4711,37
26174,1,2023-10-05,23:13:30,12,MTP072,STP285,I,P,128.86,16.128055555555555,-52.9674,-84.8204,37
26174,2,2023-10-05,23:41:18,09,MTP072,STP285,E,P,128.86,6.608333333333333,-23.841,125.6147,37
26177,1,2023-10-06,05:07:20,09,MTP072,STP285,I,F,128.97,16.084166666666665,-53.4069,-171.5801,37
26177,2,2023-10-06,05:35:29,09,MTP072,STP285,E,F,128.98,6.568888888888889,-22.1703,38.839,37
26179,1,2023-10-06,09:03:29,11,MTP072,STP285,I,P,129.05,16.04527777777778,-54.1424,130.3674,37
26179,2,2023-10-06,09:31:34,07,MTP072,STP285,E,P,129.06,6.543611111111111,-21.5896,-18.9897,37
26181,1,2023-10-06,12:59:29,05,MTP072,STP285,I,P,129.13,16.013333333333332,-54.5759,72.4661,37
26181,2,2023-10-06,13:27:41,11,MTP072,STP285,E,P,129.14,6.516111111111111,-20.5969,-76.8595,37
26184,1,2023-10-06,18:53:25,06,MTP072,STP285,I,P,129.25,15.966944444444444,-55.1939,-14.3579,37
26184,2,2023-10-06,19:21:51,04,MTP072,STP285,E,P,129.26,6.476944444444444,-19.1601,-163.6257,37
26186,1,2023-10-06,22:49:33,11,MTP072,STP285,I,P,129.33,15.922777777777776,-55.7465,-72.4793,37
26186,2,2023-10-06,23:18:05,12,MTP072,STP285,E,P,129.34,6.448888888888889,-18.118,138.469,37
26189,1,2023-10-07,04:43:20,13,MTP072,STP285,I,P,129.45,15.88,-56.0976,-159.2103,37
26189,2,2023-10-07,05:12:14,13,MTP072,STP285,E,P,129.45,6.41388888888889,-16.4646,51.7672,37
26191,1,2023-10-07,08:39:30,09,MTP072,STP285,I,P,129.52,15.835,-56.8142,142.6462,37
26191,2,2023-10-07,09:08:22,05,MTP072,STP285,E,P,129.53,6.388055555555556,-15.7811,-6.0816,37
26193,1,2023-10-07,17:00:32,12,MTP072,STP286,E,P,129.69,6.339166666666666,-13.8642,-121.7097,37
26197,1,2023-10-07,20:27:24,07,MTP072,STP286,I,P,129.76,15.744166666666667,-57.8636,-30.9739,37
26197,2,2023-10-07,20:56:43,05,MTP072,STP286,E,P,129.77,6.314444444444444,-12.873,-179.5513,37
26199,1,2023-10-08,00:23:29,11,MTP072,STP286,I,P,129.84,15.696111111111112,-58.3733,-89.1454,37
26199,2,2023-10-08,00:52:57,06,MTP072,STP286,E,P,129.85,6.2875,-11.7707,122.5565,37
26202,1,2023-10-08,06:17:13,09,MTP072,STP286,I,F,129.96,15.668333333333333,-58.5154,-175.638,37
26202,2,2023-10-08,06:47:06,09,MTP072,STP286,E,F,129.97,6.256111111111111,-10.1556,35.9106,37
26204,1,2023-10-08,10:13:22,04,MTP072,STP286,I,P,130.04,15.62138888888889,-59.1631,126.1956,37
26204,2,2023-10-08,10:43:12,11,MTP072,STP286,E,P,130.05,6.231944444444444,-9.4904,-21.9027,37
26206,1,2023-10-08,14:09:16,12,MTP072,STP286,I,P,130.11,15.596388888888889,-59.4225,68.4169,37
26206,2,2023-10-08,14:39:18,12,MTP072,STP286,E,P,130.12,6.2075000000000005,-8.4638,-79.7222,37
26209,1,2023-10-08,20:03:09,09,MTP072,STP286,I,P,130.23,15.557777777777778,-59.8162,-18.2732,37
26209,2,2023-10-08,20:33:24,05,MTP072,STP286,E,P,130.24,6.176111111111111,-7.1419,-166.3568,37
26211,1,2023-10-08,23:59:13,07,MTP072,STP286,I,P,130.31,15.516944444444444,-60.1999,-76.3266,37
26211,2,2023-10-09,00:29:38,12,MTP072,STP286,E,P,130.32,6.150833333333334,-6.0567,135.777,37
26214,1,2023-10-09,05:52:57,13,MTP072,STP286,I,P,130.43,15.478333333333333,-60.4084,-162.9885,37
26214,2,2023-10-09,06:23:43,13,MTP072,STP286,E,P,130.44,6.122777777777777,-4.5132,49.1935,37
26216,1,2023-10-09,09:49:01,06,MTP072,STP286,I,P,130.51,15.446388888888889,-60.8661,139.0931,37
26216,2,2023-10-09,10:19:51,04,MTP072,STP286,E,P,130.52,6.098333333333333,-3.8026,-8.6283,37
26219,1,2023-10-09,15:42:53,09,MTP072,STP286,I,P,130.63,15.402222222222223,-61.2659,52.3208,37
26219,2,2023-10-09,16:13:57,11,MTP072,STP286,E,P,130.64,6.066111111111111,-2.3918,-95.2805,37
26221,1,2023-10-09,19:38:48,11,MTP072,STP286,I,P,130.71,15.376666666666667,-61.4968,-5.4705,37
26221,2,2023-10-09,20:10:02,07,MTP072,STP286,E,P,130.72,6.045277777777778,-1.4808,-153.0395,37
26223,1,2023-10-09,23:34:51,05,MTP072,STP286,I,P,130.79,15.348333333333334,-61.7436,-63.333,37
26226,1,2023-10-10,05:28:36,09,MTP072,STP286,I,F,130.9,15.31027777777778,-61.9139,-149.9842,37
26226,2,2023-10-10,06:00:21,09,MTP072,STP286,E,F,130.91,5.9944444444444445,1.1023,62.551,37
26228,1,2023-10-10,09:24:38,06,MTP072,STP286,I,P,130.98,15.276944444444446,-62.3451,152.079,37
26228,2,2023-10-10,09:56:27,04,MTP072,STP286,E,P,130.99,5.971666666666667,1.762,4.7599,37
26230,1,2023-10-10,13:20:35,11,MTP072,STP286,I,P,131.06,15.251666666666667,-62.5562,94.2831,37
26230,2,2023-10-10,13:52:32,12,MTP072,STP286,E,P,131.07,5.951944444444445,2.6354,-52.9833,37
26233,1,2023-10-10,19:14:22,09,MTP072,STP286,I,P,131.18,15.212222222222222,-62.8759,7.6035,37
26233,2,2023-10-10,19:46:34,05,MTP072,STP286,E,P,131.19,5.9225,3.9456,-139.5752,37
26235,1,2023-10-10,23:10:23,07,MTP072,STP286,I,P,131.26,15.18888888888889,-63.0641,-50.1769,37
26236,1,2023-10-11,01:08:22,04,MTP072,STP286,I,P,131.3,15.174166666666666,-63.1775,-79.1067,37
26236,2,2023-10-11,01:40:50,12,MTP072,STP286,E,P,131.31,5.889444444444444,5.412,133.7234,37
26238,1,2023-10-11,05:04:08,13,MTP072,STP286,I,P,131.38,15.154444444444445,-63.1853,-136.7754,37
26238,2,2023-10-11,05:36:53,13,MTP072,STP286,E,P,131.39,5.871944444444445,6.5365,76.0189,37
26240,1,2023-10-11,09:00:08,06,MTP072,STP286,I,P,131.46,15.126111111111111,-63.5534,165.3726,37
26240,2,2023-10-11,09:32:54,09,MTP072,STP286,E,P,131.47,5.852777777777778,7.0403,18.3017,37
26243,1,2023-10-11,14:54:01,11,MTP072,STP286,I,P,131.58,15.09138888888889,-63.8183,78.7378,37
26243,2,2023-10-11,15:27:02,07,MTP072,STP286,E,P,131.59,5.821944444444444,8.4121,-68.3388,37
26245,1,2023-10-11,18:49:52,05,MTP072,STP286,I,P,131.66,15.06,-64.043,20.8758,37
26245,2,2023-10-11,19:23:02,12,MTP072,STP286,E,P,131.67,5.803333333333333,9.2416,-126.0478,37
26247,1,2023-10-11,22:45:49,06,MTP072,STP286,I,P,131.73,15.05388888888889,-64.11,-36.6301,37
26250,1,2023-10-12,04:39:39,09,MTP072,STP286,I,F,131.85,15.009444444444444,-64.2734,-123.3987,37
26252,1,2023-10-12,08:35:34,04,MTP072,STP286,I,P,131.93,14.994444444444444,-64.5402,178.9721,37
26252,2,2023-10-12,09:09:18,11,MTP072,STP286,E,P,131.94,5.736944444444444,12.1553,31.9021,37
26254,1,2023-10-12,12:31:30,12,MTP072,STP286,I,P,132.01,14.979166666666666,-64.6594,121.3277,37
26254,2,2023-10-12,13:05:25,09,MTP072,STP286,E,P,132.02,5.717222222222222,13.0222,-25.8551,37
26257,1,2023-10-12,18:25:17,05,MTP072,STP286,I,P,132.13,14.936111111111112,-64.9486,34.594,37
26257,2,2023-10-12,18:59:24,11,MTP072,STP286,E,P,132.14,5.689444444444445,14.2258,-112.4079,37
26259,1,2023-10-12,22:21:11,07,MTP072,STP286,I,P,132.21,14.934166666666666,-64.9905,-22.8406,37
26259,2,2023-10-12,22:55:28,04,MTP072,STP286,E,P,132.22,5.671666666666667,14.9928,-170.1174,37
26262,1,2023-10-13,04:15:03,13,MTP072,STP286,I,P,132.33,14.893611111111111,-65.1113,-109.5529,37
26264,1,2023-10-13,08:10:56,06,MTP072,STP286,I,P,132.41,14.879722222222222,-65.363,-167.1629,37
26264,2,2023-10-13,08:45:34,12,MTP072,STP286,E,P,132.42,5.626111111111111,16.9575,45.6024,37
26267,1,2023-10-13,14:04:51,09,MTP072,STP286,I,P,132.53,14.85388888888889,-65.5451,106.3288,37
26267,2,2023-10-13,14:39:42,11,MTP072,STP286,E,P,132.54,5.5986111111111105,18.1129,-40.9787,37
26269,1,2023-10-13,18:00:40,07,MTP072,STP286,I,P,132.61,14.83388888888889,-65.6789,48.6482,37
26269,2,2023-10-13,18:35:42,12,MTP072,STP286,E,P,132.62,5.579166666666667,18.9327,-98.6967,37
26271,1,2023-10-13,21:56:32,05,MTP072,STP286,I,P,132.69,14.827777777777778,-65.74,-8.8404,37
26271,2,2023-10-13,22:31:42,06,MTP072,STP286,E,P,132.7,5.563055555555556,19.6143,-156.371,37
26274,1,2023-10-14,03:50:26,09,MTP072,STP286,I,F,132.81,14.79138888888889,-65.8276,-95.5047,37
26274,2,2023-10-14,04:25:55,09,MTP072,STP286,E,F,132.82,5.536111111111111,21.0602,117.0326,37
26276,1,2023-10-14,07:46:16,04,MTP072,STP286,I,P,132.88,14.77888888888889,-66.0632,-153.0805,37
26276,2,2023-10-14,08:21:46,11,MTP072,STP286,E,P,132.9,5.516944444444444,21.5155,59.353,37
26278,1,2023-10-14,11:42:14,12,MTP072,STP286,I,P,132.96,14.76,-66.1863,149.2179,37
26278,2,2023-10-14,12:17:51,09,MTP072,STP286,E,P,132.98,5.500555555555556,22.1884,1.6579,37
26283,1,2023-10-14,21:31:51,07,MTP072,STP287,I,P,133.16,14.734166666666665,-66.3866,5.3566,37
26283,2,2023-10-14,22:07:50,05,MTP072,STP287,E,P,133.18,5.456111111111111,23.9736,-142.5714,37
26285,1,2023-10-15,01:27:52,06,MTP072,STP287,I,P,133.24,14.715277777777777,-66.5064,-52.3573,37
26288,1,2023-10-15,07:21:32,13,MTP072,STP287,I,P,133.36,14.700277777777776,-66.4814,-138.6457,37
26288,2,2023-10-15,07:57:57,13,MTP072,STP287,E,P,133.37,5.413611111111112,25.9771,73.1924,37
26290,1,2023-10-15,11:17:32,04,MTP072,STP287,I,P,133.44,14.68,-66.7464,163.6208,37
26290,2,2023-10-15,11:53:59,11,MTP072,STP287,E,P,133.45,5.392222222222222,26.4714,15.4379,37
26293,1,2023-10-15,17:11:21,12,MTP072,STP287,I,P,133.56,14.664722222222222,-66.8609,77.2975,37
26293,2,2023-10-15,17:48:00,09,MTP072,STP287,E,P,133.57,5.363888888888889,27.5537,-71.1324,37
26295,1,2023-10-15,21:07:10,07,MTP072,STP287,I,P,133.64,14.65,-66.9578,19.693,37
26295,2,2023-10-15,21:43:57,11,MTP072,STP287,E,P,133.65,5.347777777777777,28.1697,-128.7892,37
26297,1,2023-10-16,01:03:07,05,MTP072,STP287,I,P,133.72,14.651388888888889,-66.9809,-37.699,37
26300,1,2023-10-16,06:56:50,09,MTP072,STP287,I,F,133.84,14.630277777777778,-66.9825,-124.091,37
26300,2,2023-10-16,07:34:00,09,MTP072,STP287,E,F,133.85,5.307222222222222,30.0003,87.0192,37
26302,1,2023-10-16,10:52:45,06,MTP072,STP287,I,P,133.92,14.624722222222223,-67.1753,178.4177,37
26302,2,2023-10-16,11:29:58,04,MTP072,STP287,E,P,133.93,5.286944444444444,30.4181,29.2965,37
26304,1,2023-10-16,14:48:41,11,MTP072,STP287,I,P,134.0,14.614722222222222,-67.2497,120.8553,37
26304,2,2023-10-16,15:26:00,12,MTP072,STP287,E,P,134.01,5.269166666666667,31.0655,-28.4095,37
26307,1,2023-10-16,20:42:26,09,MTP072,STP287,I,P,134.12,14.58388888888889,-67.4272,34.315,37
26307,2,2023-10-16,21:19:55,12,MTP072,STP287,E,P,134.13,5.241666666666667,32.0355,-114.9402,37
26309,1,2023-10-17,00:38:20,07,MTP072,STP287,I,P,134.2,14.598611111111111,-67.3949,-22.87,37
26309,2,2023-10-17,01:15:56,05,MTP072,STP287,E,P,134.21,5.225555555555555,32.604,-172.6133,37
26312,1,2023-10-17,06:32:09,13,MTP072,STP287,I,P,134.32,14.565833333333334,-67.4427,-109.459,37
26314,1,2023-10-17,10:28:01,06,MTP072,STP287,I,P,134.4,14.57,-67.5918,-166.7891,37
26314,2,2023-10-17,11:05:54,04,MTP072,STP287,E,P,134.41,5.180277777777778,34.1592,43.147,37
26318,1,2023-10-17,18:19:48,11,MTP072,STP287,I,P,134.56,14.54888888888889,-67.7401,78.0929,37
26318,2,2023-10-17,18:57:54,12,MTP072,STP287,E,P,134.57,5.141944444444444,35.4329,-72.2826,37
26320,1,2023-10-17,22:15:37,09,MTP072,STP287,I,P,134.64,14.539444444444444,-67.8092,20.569,37
26320,2,2023-10-17,22:53:47,11,MTP072,STP287,E,P,134.65,5.128333333333333,35.8909,-129.8865,37
26322,1,2023-10-18,02:11:33,07,MTP072,STP287,I,P,134.72,14.55,-67.7961,-36.6833,37
26325,1,2023-10-18,08:05:16,09,MTP072,STP287,I,F,134.84,14.52138888888889,-67.8221,-123.1866,37
26325,2,2023-10-18,08:43:49,13,MTP072,STP287,E,P,134.85,5.083888888888889,37.6188,85.8687,37
26327,1,2023-10-18,12:01:12,05,MTP072,STP287,I,P,134.92,14.525277777777779,-67.973,179.462,37
26327,2,2023-10-18,12:39:45,06,MTP072,STP287,E,P,134.93,5.064166666666667,37.942,28.1586,37
26329,1,2023-10-18,15:57:07,04,MTP072,STP287,I,P,135.0,14.519166666666667,-68.0284,121.9617,37
26329,2,2023-10-18,16:35:46,11,MTP072,STP287,E,P,135.01,5.044444444444444,38.5457,-29.5667,37
26332,1,2023-10-18,21:50:50,12,MTP072,STP287,I,P,135.12,14.500833333333333,-68.1473,35.6137,37
26332,2,2023-10-18,22:29:36,12,MTP072,STP287,E,P,135.13,5.019166666666667,39.3181,-116.047,37
26335,1,2023-10-19,03:44:43,09,MTP072,STP287,I,P,135.24,14.510555555555555,-68.154,-50.3563,37
26338,1,2023-10-19,09:38:24,13,MTP072,STP287,I,P,135.36,14.4925,-68.1353,-136.6892,37
26338,2,2023-10-19,10:17:31,09,MTP072,STP287,E,F,135.37,4.97,41.0678,70.9551,37
26340,1,2023-10-19,13:34:21,07,MTP072,STP287,I,P,135.44,14.499722222222221,-68.2729,166.004,37
26340,2,2023-10-19,14:13:30,05,MTP072,STP287,E,P,135.45,4.946944444444445,41.4365,13.185,37
26343,1,2023-10-19,19:28:07,06,MTP072,STP287,I,P,135.56,14.490833333333333,-68.3538,79.7857,37
26343,2,2023-10-19,20:07:24,04,MTP072,STP287,E,P,135.57,4.916666666666667,42.2836,-73.3864,37
26346,1,2023-10-20,01:21:54,11,MTP072,STP287,I,P,135.68,14.491944444444444,-68.3952,-6.2877,37
26346,2,2023-10-20,02:01:17,12,MTP072,STP287,E,P,135.69,4.892499999999999,42.9632,-159.8645,37
26348,1,2023-10-20,05:17:52,09,MTP072,STP287,I,P,135.76,14.477500000000001,-68.4824,-63.9233,37
26348,2,2023-10-20,05:57:20,07,MTP072,STP287,E,P,135.77,4.86888888888889,43.5884,142.3422,37
26352,1,2023-10-20,13:09:28,09,MTP072,STP287,I,F,135.92,14.480833333333333,-68.3949,-178.6287,37
26352,2,2023-10-20,13:49:12,13,MTP072,STP287,E,P,135.93,4.840277777777778,44.6337,27.0906,37
26354,1,2023-10-20,17:05:24,05,MTP072,STP287,I,P,136.0,14.481111111111112,-68.5601,123.9602,37
26354,2,2023-10-20,17:45:08,06,MTP072,STP287,E,P,136.01,4.813888888888889,45.0327,-30.7176,37
26356,1,2023-10-20,21:01:13,04,MTP072,STP287,I,P,136.08,14.467222222222222,-68.6449,66.3689,37
26356,2,2023-10-20,21:41:02,11,MTP072,STP287,E,P,136.09,4.793333333333333,45.5514,-88.4264,37
26360,1,2023-10-21,04:53:01,11,MTP072,STP287,I,P,136.24,14.478055555555555,-68.6647,-48.2777,37
26362,1,2023-10-21,08:48:51,12,MTP072,STP287,I,P,136.32,14.462222222222222,-68.7556,-105.8964,37
30898,1,2024-10-26,18:47:55,07,MTP086,STP341,I,F,351.58,18.375833333333333,-59.9234,159.1058,37
30898,2,2024-10-26,19:28:18,09,MTP086,STP341,E,F,351.6,9.028611111111111,84.6203,9.0706,37
30900,1,2024-10-26,22:43:55,05,MTP086,STP341,I,F,351.67,18.378333333333334,-59.4039,101.7129,37
30900,2,2024-10-26,23:24:08,06,MTP086,STP341,E,F,351.68,9.07,84.8791,-47.7003,37
30904,1,2024-10-27,06:35:38,04,MTP086,STP341,I,F,351.84,18.361666666666668,-58.812,-13.329,37
30904,2,2024-10-27,07:15:40,11,MTP086,STP341,E,F,351.85,9.317499999999999,85.2618,-158.7353,37
30906,1,2024-10-27,10:31:36,09,MTP086,STP341,I,F,351.92,18.337777777777777,-58.4045,-71.1125,37
30906,2,2024-10-27,11:11:38,13,MTP086,STP341,E,F,351.94,9.397222222222222,85.2459,145.0358,37
30910,1,2024-10-27,18:23:19,12,MTP086,STP341,I,F,352.09,18.334999999999997,-57.7168,174.0533,37
30910,2,2024-10-27,19:03:08,09,MTP086,STP341,E,F,352.1,9.678333333333333,85.7219,34.5162,37
30913,1,2024-10-28,00:56:53,05,MTP086,STP341,E,F,352.23,9.912222222222223,85.9508,-48.0643,37
30916,1,2024-10-28,06:10:59,13,MTP086,STP341,I,F,352.34,18.297222222222224,-56.685,1.2766,37
30916,2,2024-10-28,06:50:33,09,MTP086,STP341,E,F,352.35,10.214444444444444,86.0601,-129.5962,37
30918,1,2024-10-28,10:07:01,06,MTP086,STP341,I,F,352.42,18.299722222222226,-56.0518,-56.1255,37
30918,2,2024-10-28,10:46:24,04,MTP086,STP341,E,F,352.44,10.285833333333333,86.2583,174.0822,37
30923,1,2024-10-28,19:56:42,11,MTP086,STP341,I,F,352.63,18.280833333333334,-55.1369,160.0902,37
30923,2,2024-10-28,20:35:51,12,MTP086,STP341,E,F,352.65,10.873333333333333,86.5685,39.4484,37
30925,1,2024-10-29,00:31:46,13,MTP086,STP341,E,F,352.73,11.068333333333333,86.539,-15.0359,37
30928,1,2024-10-29,05:46:32,09,MTP086,STP341,I,F,352.84,18.2625,-54.1527,16.2762,37
30930,1,2024-10-29,09:42:28,05,MTP086,STP341,I,F,352.93,18.253888888888888,-53.6224,-41.2641,37
30930,2,2024-10-29,10:21:12,06,MTP086,STP341,E,F,352.94,11.732222222222223,86.8326,-148.5179,37
30933,1,2024-10-29,15:36:20,09,MTP086,STP341,I,F,353.05,18.23222222222222,-53.1209,-127.7088,37
30933,2,2024-10-29,16:14:56,07,MTP086,STP341,E,F,353.07,12.316111111111113,86.7718,134.1581,37
30935,1,2024-10-29,19:32:13,04,MTP086,STP341,I,F,353.14,18.236666666666668,-52.598,174.9573,37
30935,2,2024-10-29,20:10:39,11,MTP086,STP341,E,F,353.15,12.561944444444444,86.8954,80.4835,37
30937,1,2024-10-29,23:28:13,12,MTP086,STP341,I,F,353.22,18.22861111111111,-52.0238,117.4066,37
30937,2,2024-10-30,00:06:29,09,MTP086,STP341,E,F,353.23,12.864166666666666,86.885,27.6278,37
30940,1,2024-10-30,05:22:02,07,MTP086,STP341,I,F,353.35,18.209444444444443,-51.6817,31.014,37
30942,1,2024-10-30,09:18:00,05,MTP086,STP341,I,F,353.43,18.2125,-50.9609,-26.3633,37
30942,2,2024-10-30,09:55:57,06,MTP086,STP341,E,F,353.44,13.593333333333334,86.7768,-104.8846,37
30944,1,2024-10-30,13:14:01,04,MTP086,STP341,I,F,353.51,18.20583333333333,-50.4652,-83.8988,37
30944,2,2024-10-30,13:51:48,11,MTP086,STP341,E,F,353.53,13.966944444444444,86.655,-156.6737,37
30947,1,2024-10-30,19:07:46,13,MTP086,STP341,I,F,353.64,18.186944444444446,-50.0315,-170.2678,37
30947,2,2024-10-30,19:45:28,09,MTP086,STP341,E,F,353.65,14.229444444444445,86.4425,121.1985,37
30949,1,2024-10-30,23:03:48,12,MTP086,STP341,I,F,353.72,18.19,-49.2425,132.337,37
30949,2,2024-10-30,23:41:13,09,MTP086,STP341,E,F,353.73,14.6175,86.3551,69.6458,37
30952,1,2024-10-31,04:57:45,05,MTP086,STP341,I,F,353.85,18.181944444444447,-48.6621,46.0823,37
30952,2,2024-10-31,05:34:57,06,MTP086,STP341,E,F,353.86,14.960277777777778,86.1248,-11.2954,37
30954,1,2024-10-31,08:53:33,09,MTP086,STP341,I,F,353.93,18.165555555555553,-48.2621,-11.5481,37
30954,2,2024-10-31,09:30:42,13,MTP086,STP341,E,F,353.94,15.024444444444445,85.9524,-67.7048,37
30955,1,2024-10-31,11:13:55,03,MTP086,STP341,C,F,353.98,20.084166666666665,34.385,-16.9231,37
30957,1,2024-10-31,14:47:38,04,MTP086,STP341,I,F,354.06,18.166666666666668,-47.2913,-97.6992,37
30957,2,2024-10-31,15:24:25,11,MTP086,STP341,E,F,354.07,15.488888888888889,85.6156,-146.8139,37
30959,1,2024-10-31,18:43:32,12,MTP086,STP341,I,F,354.14,18.161388888888887,-46.8289,-155.1832,37
30959,2,2024-10-31,19:20:09,09,MTP086,STP341,E,F,354.15,15.6425,85.4328,158.1198,37
30962,1,2024-11-01,00:37:27,13,MTP086,STP341,I,F,354.26,18.1425,-46.0714,118.4086,37
30962,2,2024-11-01,01:13:55,07,MTP086,STP341,E,F,354.28,15.723333333333333,85.1893,73.2406,37
30964,1,2024-11-01,04:55:25,03,MTP086,STP341,C,F,354.35,19.928611111111113,34.8177,82.4196,37
30965,1,2024-11-01,06:31:26,05,MTP086,STP341,I,F,354.39,18.145,-45.2201,32.2972,37
30968,1,2024-11-01,12:25:27,06,MTP086,STP341,I,F,354.51,18.13611111111111,-44.2077,-53.9836,37
30968,2,2024-11-01,13:01:15,04,MTP086,STP341,E,F,354.53,16.215,84.4898,-91.515,37
30970,1,2024-11-01,16:21:23,07,MTP086,STP341,I,F,354.6,18.121944444444445,-43.8293,-111.6142,37
30970,2,2024-11-01,16:57:02,09,MTP086,STP341,E,F,354.61,16.303333333333335,84.0499,-147.5678,37
30972,1,2024-11-01,20:38:50,03,MTP086,STP341,C,F,354.69,19.79527777777778,35.1706,-149.1638,37
30974,1,2024-11-02,00:13:19,11,MTP086,STP341,I,F,354.76,18.12138888888889,-42.4685,133.5284,37
30974,2,2024-11-02,00:48:30,12,MTP086,STP341,E,F,354.78,16.559444444444445,83.5529,101.5395,37
30976,1,2024-11-02,04:09:21,09,MTP086,STP341,I,F,354.85,18.116944444444446,-41.9627,76.0226,37
30976,2,2024-11-02,04:44:20,05,MTP086,STP341,E,F,354.86,16.642777777777777,83.2793,45.3962,37
30980,1,2024-11-02,12:01:14,09,MTP086,STP341,I,F,355.01,18.098055555555554,-40.7744,-39.0978,37
